inquiry_id,product_id,lang,text,true_theme
Q00000,P0429,en,Is the material BPA-free?,feature
Q00001,P0487,en,Can you share the technical spec sheet?,feature
Q00002,P0064,zh,能发一下技术参数表吗?,feature
Q00003,P0463,en,Can you guarantee delivery before December 15?,delivery
Q00004,P0221,zh,能发一下技术参数表吗?,feature
Q00005,P0031,zh,首次合作能给9折吗?,price
Q00006,P0379,zh,这个产品支持IPX7防水吗?,feature
Q00007,P0446,zh,支持DDP发到美国吗?,delivery
Q00008,P0233,en,Is the material BPA-free?,feature
Q00009,P0341,en,The price seems high compared to similar products.,price
Q00010,P0162,zh,材料是否不含BPA?,feature
Q00011,P0094,en,Is air freight available for urgent orders?,delivery
Q00012,P0113,en,Is the price negotiable for 500 units?,price
Q00013,P0416,en,Does this product support waterproof IPX7?,feature
Q00014,P0416,en,Does it come with a CE certification?,feature
Q00015,P0144,en,What's the warranty period?,feature
Q00016,P0099,en,Does it come with a CE certification?,feature
Q00017,P0332,zh,和同类产品相比价格偏高。,price
Q00018,P0229,zh,能发一下技术参数表吗?,feature
Q00019,P0057,en,What is the battery capacity?,feature
Q00020,P0282,en,What's the warranty period?,feature
Q00021,P0276,zh,能发一下技术参数表吗?,feature
Q00022,P0015,en,Can you share the technical spec sheet?,feature
Q00023,P0204,en,Can you guarantee delivery before December 15?,delivery
Q00024,P0029,en,Can you change the box design to our brand?,customization
Q00025,P0330,en,"Your competitor offers $X less, can you match it?",price
Q00026,P0332,zh,保修期多久?,feature
Q00027,P0083,zh,能保证12月15号前到货吗?,delivery
Q00028,P0361,en,The price seems high compared to similar products.,price
Q00029,P0250,en,Will the order arrive before Chinese New Year?,delivery
Q00030,P0223,zh,"你们竞争对手报价更低,能否匹配?",price
Q00031,P0315,en,Is air freight available for urgent orders?,delivery
Q00032,P0059,en,Do you support DDP shipping to the US?,delivery
Q00033,P0349,zh,颜色可以定制吗?,customization
Q00034,P0389,zh,最低起订量多少才能拿到折扣?,price
Q00035,P0136,en,Does it come with a CE certification?,feature
Q00036,P0227,zh,大批量采购可以给个更好的价格吗?,price
Q00037,P0289,en,The price seems high compared to similar products.,price
Q00038,P0379,zh,大批量采购可以给个更好的价格吗?,price
Q00039,P0313,en,What is the battery capacity?,feature
Q00040,P0042,zh,能发一下技术参数表吗?,feature
Q00041,P0246,en,Can you guarantee delivery before December 15?,delivery
Q00042,P0051,en,Do you have any promotional pricing this month?,price
Q00043,P0462,en,What is the battery capacity?,feature
Q00044,P0295,en,Can you share the technical spec sheet?,feature
Q00045,P0241,zh,500件的话价格能再优惠吗?,price
Q00046,P0243,en,What is the battery capacity?,feature
Q00047,P0285,zh,发到德国需要多久?,delivery
Q00048,P0165,en,Will the order arrive before Chinese New Year?,delivery
Q00049,P0010,en,Can you guarantee delivery before December 15?,delivery
Q00050,P0070,zh,能发一下技术参数表吗?,feature
Q00051,P0336,en,Can you share the technical spec sheet?,feature
Q00052,P0363,zh,和同类产品相比价格偏高。,price
Q00053,P0458,en,Can you share the technical spec sheet?,feature
Q00054,P0277,en,Can you offer a better price for bulk orders?,price
Q00055,P0404,zh,支持DDP发到美国吗?,delivery
Q00056,P0145,zh,这个月有促销价吗?,price
Q00057,P0468,en,Will the order arrive before Chinese New Year?,delivery
Q00058,P0217,en,Is the price negotiable for 500 units?,price
Q00059,P0374,zh,包装上能加我们的logo吗?,customization
Q00060,P0259,zh,包装上能加我们的logo吗?,customization
Q00061,P0330,zh,500件的话价格能再优惠吗?,price
Q00062,P0373,en,Is air freight available for urgent orders?,delivery
Q00063,P0120,zh,首次合作能给9折吗?,price
Q00064,P0076,zh,首次合作能给9折吗?,price
Q00065,P0437,zh,和同类产品相比价格偏高。,price
Q00066,P0388,en,Any chance of a 10% discount for first-time buyers?,price
Q00067,P0071,zh,颜色可以定制吗?,customization
Q00068,P0065,en,What is the minimum order quantity to get a discount?,price
Q00069,P0253,en,What is the battery capacity?,feature
Q00070,P0099,zh,材料是否不含BPA?,feature
Q00071,P0369,zh,这个产品支持IPX7防水吗?,feature
Q00072,P0463,en,"Your competitor offers $X less, can you match it?",price
Q00073,P0244,en,How long is the shipping time to Germany?,delivery
Q00074,P0143,zh,能发一下技术参数表吗?,feature
Q00075,P0277,en,Is private label packaging available?,customization
Q00076,P0070,en,Does it come with a CE certification?,feature
Q00077,P0298,zh,发到德国需要多久?,delivery
Q00078,P0233,zh,颜色可以定制吗?,customization
Q00079,P0054,en,Can you share the technical spec sheet?,feature
Q00080,P0116,zh,材料是否不含BPA?,feature
Q00081,P0433,zh,春节前能到货吗?,delivery
Q00082,P0187,en,Does this product support waterproof IPX7?,feature
Q00083,P0433,zh,春节前能到货吗?,delivery
Q00084,P0118,en,Can you guarantee delivery before December 15?,delivery
Q00085,P0052,zh,保修期多久?,feature
Q00086,P0073,zh,500件的话价格能再优惠吗?,price
Q00087,P0071,en,What's the warranty period?,feature
Q00088,P0142,en,Can we add our logo on the packaging?,customization
Q00089,P0010,en,"Your competitor offers $X less, can you match it?",price
Q00090,P0026,en,The price seems high compared to similar products.,price
Q00091,P0196,zh,有CE认证吗?,feature
Q00092,P0437,zh,和同类产品相比价格偏高。,price
Q00093,P0090,en,Can the color be customized?,customization
Q00094,P0285,en,Do you have any promotional pricing this month?,price
Q00095,P0186,en,How long is the shipping time to Germany?,delivery
Q00096,P0416,en,How long is the shipping time to Germany?,delivery
Q00097,P0049,zh,这个月有促销价吗?,price
Q00098,P0489,zh,电池容量多少毫安?,feature
Q00099,P0321,zh,能发一下技术参数表吗?,feature
Q00100,P0268,en,Does it come with a CE certification?,feature
Q00101,P0231,zh,春节前能到货吗?,delivery
Q00102,P0133,zh,能保证12月15号前到货吗?,delivery
Q00103,P0208,en,What is the minimum order quantity to get a discount?,price
Q00104,P0183,en,"Your competitor offers $X less, can you match it?",price
Q00105,P0342,en,What is the minimum order quantity to get a discount?,price
Q00106,P0458,zh,这个月有促销价吗?,price
Q00107,P0267,en,Do you support DDP shipping to the US?,delivery
Q00108,P0402,zh,电池容量多少毫安?,feature
Q00109,P0144,zh,发到德国需要多久?,delivery
Q00110,P0347,en,Can you share the technical spec sheet?,feature
Q00111,P0307,en,"We need custom retail packaging, is that possible?",customization
Q00112,P0042,zh,这个月有促销价吗?,price
Q00113,P0479,en,"We need custom retail packaging, is that possible?",customization
Q00114,P0391,zh,材料是否不含BPA?,feature
Q00115,P0126,zh,这个产品支持IPX7防水吗?,feature
Q00116,P0308,en,Can you share the technical spec sheet?,feature
Q00117,P0286,zh,大批量采购可以给个更好的价格吗?,price
Q00118,P0381,zh,急单能走空运吗?,delivery
Q00119,P0299,en,What is the battery capacity?,feature
Q00120,P0058,en,Can you change the box design to our brand?,customization
Q00121,P0209,zh,和同类产品相比价格偏高。,price
Q00122,P0166,zh,有CE认证吗?,feature
Q00123,P0135,zh,可以做自有品牌包装吗?,customization
Q00124,P0078,en,Can you guarantee delivery before December 15?,delivery
Q00125,P0218,zh,"你们竞争对手报价更低,能否匹配?",price
Q00126,P0276,zh,能保证12月15号前到货吗?,delivery
Q00127,P0239,zh,可以做自有品牌包装吗?,customization
Q00128,P0358,zh,发到德国需要多久?,delivery
Q00129,P0425,en,Do you support OEM/ODM service?,customization
Q00130,P0294,en,Is the material BPA-free?,feature
Q00131,P0227,en,Does this product support waterproof IPX7?,feature
Q00132,P0229,en,What's the warranty period?,feature
Q00133,P0459,en,What's the lead time for 1000 units?,delivery
Q00134,P0498,en,Is the material BPA-free?,feature
Q00135,P0418,en,Can you change the box design to our brand?,customization
Q00136,P0332,zh,大批量采购可以给个更好的价格吗?,price
Q00137,P0448,en,Does it come with a CE certification?,feature
Q00138,P0071,en,"Your competitor offers $X less, can you match it?",price
Q00139,P0455,en,Does this product support waterproof IPX7?,feature
Q00140,P0002,en,Does this product support waterproof IPX7?,feature
Q00141,P0400,zh,首次合作能给9折吗?,price
Q00142,P0028,zh,最低起订量多少才能拿到折扣?,price
Q00143,P0386,zh,这个产品支持IPX7防水吗?,feature
Q00144,P0020,zh,材料是否不含BPA?,feature
Q00145,P0252,en,Do you have any promotional pricing this month?,price
Q00146,P0425,zh,这个产品支持IPX7防水吗?,feature
Q00147,P0096,zh,大批量采购可以给个更好的价格吗?,price
Q00148,P0490,zh,"你们竞争对手报价更低,能否匹配?",price
Q00149,P0308,en,Does this product support waterproof IPX7?,feature
Q00150,P0354,zh,"你们竞争对手报价更低,能否匹配?",price
Q00151,P0091,en,The price seems high compared to similar products.,price
Q00152,P0392,en,Is private label packaging available?,customization
Q00153,P0072,zh,材料是否不含BPA?,feature
Q00154,P0289,en,Can the color be customized?,customization
Q00155,P0470,zh,材料是否不含BPA?,feature
Q00156,P0202,zh,这个月有促销价吗?,price
Q00157,P0067,en,Will the order arrive before Chinese New Year?,delivery
Q00158,P0213,en,Do you have any promotional pricing this month?,price
Q00159,P0205,zh,保修期多久?,feature
Q00160,P0294,en,Will the order arrive before Chinese New Year?,delivery
Q00161,P0209,en,Is the price negotiable for 500 units?,price
Q00162,P0286,en,How long is the shipping time to Germany?,delivery
Q00163,P0323,zh,能发一下技术参数表吗?,feature
Q00164,P0393,en,What is the battery capacity?,feature
Q00165,P0313,en,What's the lead time for 1000 units?,delivery
Q00166,P0368,zh,急单能走空运吗?,delivery
Q00167,P0251,zh,"需要定制零售包装,可以做吗?",customization
Q00168,P0157,zh,能保证12月15号前到货吗?,delivery
Q00169,P0057,en,Does this product support waterproof IPX7?,feature
Q00170,P0027,zh,和同类产品相比价格偏高。,price
Q00171,P0086,en,"Your competitor offers $X less, can you match it?",price
Q00172,P0007,zh,首次合作能给9折吗?,price
Q00173,P0186,zh,材料是否不含BPA?,feature
Q00174,P0059,zh,这个月有促销价吗?,price
Q00175,P0497,zh,发到德国需要多久?,delivery
Q00176,P0343,en,Does it come with a CE certification?,feature
Q00177,P0320,en,What's the warranty period?,feature
Q00178,P0262,en,The price seems high compared to similar products.,price
Q00179,P0418,en,Is the price negotiable for 500 units?,price
Q00180,P0419,zh,支持OEM/ODM吗?,customization
Q00181,P0224,en,Is private label packaging available?,customization
Q00182,P0377,en,Will the order arrive before Chinese New Year?,delivery
Q00183,P0075,en,Will the order arrive before Chinese New Year?,delivery
Q00184,P0022,zh,首次合作能给9折吗?,price
Q00185,P0245,en,What is the minimum order quantity to get a discount?,price
Q00186,P0042,en,Does this product support waterproof IPX7?,feature
Q00187,P0318,zh,和同类产品相比价格偏高。,price
Q00188,P0381,zh,有CE认证吗?,feature
Q00189,P0269,en,The price seems high compared to similar products.,price
Q00190,P0241,zh,500件的话价格能再优惠吗?,price
Q00191,P0252,zh,材料是否不含BPA?,feature
Q00192,P0425,zh,包装上能加我们的logo吗?,customization
Q00193,P0265,en,The price seems high compared to similar products.,price
Q00194,P0458,en,Any chance of a 10% discount for first-time buyers?,price
Q00195,P0169,en,Does this product support waterproof IPX7?,feature
Q00196,P0463,en,Do you have any promotional pricing this month?,price
Q00197,P0299,en,How long is the shipping time to Germany?,delivery
Q00198,P0351,en,What is the minimum order quantity to get a discount?,price
Q00199,P0310,zh,有CE认证吗?,feature
Q00200,P0451,zh,1000件的生产周期多久?,delivery
Q00201,P0391,zh,能发一下技术参数表吗?,feature
Q00202,P0366,en,Is private label packaging available?,customization
Q00203,P0327,zh,春节前能到货吗?,delivery
Q00204,P0144,zh,包装上能加我们的logo吗?,customization
Q00205,P0173,zh,能发一下技术参数表吗?,feature
Q00206,P0388,en,"Your competitor offers $X less, can you match it?",price
Q00207,P0232,zh,春节前能到货吗?,delivery
Q00208,P0396,en,Can we add our logo on the packaging?,customization
Q00209,P0401,zh,"你们竞争对手报价更低,能否匹配?",price
Q00210,P0018,zh,支持OEM/ODM吗?,customization
Q00211,P0054,en,Do you support DDP shipping to the US?,delivery
Q00212,P0386,zh,能发一下技术参数表吗?,feature
Q00213,P0400,zh,颜色可以定制吗?,customization
Q00214,P0310,en,Can you offer a better price for bulk orders?,price
Q00215,P0257,en,"We need custom retail packaging, is that possible?",customization
Q00216,P0200,en,Does it come with a CE certification?,feature
Q00217,P0118,zh,支持OEM/ODM吗?,customization
Q00218,P0426,en,Can you change the box design to our brand?,customization
Q00219,P0198,zh,"你们竞争对手报价更低,能否匹配?",price
Q00220,P0093,zh,首次合作能给9折吗?,price
Q00221,P0358,en,"Your competitor offers $X less, can you match it?",price
Q00222,P0148,zh,能发一下技术参数表吗?,feature
Q00223,P0287,en,How long is the shipping time to Germany?,delivery
Q00224,P0297,zh,包装盒能换成我们的品牌设计吗?,customization
Q00225,P0248,zh,能保证12月15号前到货吗?,delivery
Q00226,P0033,en,Can you offer a better price for bulk orders?,price
Q00227,P0226,en,Is the price negotiable for 500 units?,price
Q00228,P0210,en,Is the material BPA-free?,feature
Q00229,P0270,zh,可以做自有品牌包装吗?,customization
Q00230,P0117,zh,500件的话价格能再优惠吗?,price
Q00231,P0264,zh,500件的话价格能再优惠吗?,price
Q00232,P0326,zh,能发一下技术参数表吗?,feature
Q00233,P0161,en,Is the price negotiable for 500 units?,price
Q00234,P0141,zh,大批量采购可以给个更好的价格吗?,price
Q00235,P0391,zh,能发一下技术参数表吗?,feature
Q00236,P0497,en,Will the order arrive before Chinese New Year?,delivery
Q00237,P0451,zh,有CE认证吗?,feature
Q00238,P0281,en,What is the battery capacity?,feature
Q00239,P0477,zh,500件的话价格能再优惠吗?,price
Q00240,P0017,en,How long is the shipping time to Germany?,delivery
Q00241,P0020,en,Do you support OEM/ODM service?,customization
Q00242,P0227,en,Any chance of a 10% discount for first-time buyers?,price
Q00243,P0025,en,How long is the shipping time to Germany?,delivery
Q00244,P0030,en,The price seems high compared to similar products.,price
Q00245,P0151,en,What's the warranty period?,feature
Q00246,P0000,en,How long is the shipping time to Germany?,delivery
Q00247,P0000,zh,最低起订量多少才能拿到折扣?,price
Q00248,P0166,en,How long is the shipping time to Germany?,delivery
Q00249,P0420,zh,支持DDP发到美国吗?,delivery
Q00250,P0121,en,Do you have any promotional pricing this month?,price
Q00251,P0114,zh,支持DDP发到美国吗?,delivery
Q00252,P0024,zh,"你们竞争对手报价更低,能否匹配?",price
Q00253,P0075,zh,能保证12月15号前到货吗?,delivery
Q00254,P0459,en,Can you offer a better price for bulk orders?,price
Q00255,P0015,en,The price seems high compared to similar products.,price
Q00256,P0120,zh,"你们竞争对手报价更低,能否匹配?",price
Q00257,P0424,zh,有CE认证吗?,feature
Q00258,P0309,zh,"你们竞争对手报价更低,能否匹配?",price
Q00259,P0427,zh,首次合作能给9折吗?,price
Q00260,P0227,zh,"你们竞争对手报价更低,能否匹配?",price
Q00261,P0180,zh,这个产品支持IPX7防水吗?,feature
Q00262,P0399,en,Can you share the technical spec sheet?,feature
Q00263,P0207,en,Can you share the technical spec sheet?,feature
Q00264,P0014,en,Any chance of a 10% discount for first-time buyers?,price
Q00265,P0082,en,Do you have any promotional pricing this month?,price
Q00266,P0369,zh,电池容量多少毫安?,feature
Q00267,P0296,zh,最低起订量多少才能拿到折扣?,price
Q00268,P0346,en,Do you have any promotional pricing this month?,price
Q00269,P0495,zh,大批量采购可以给个更好的价格吗?,price
Q00270,P0496,en,"Your competitor offers $X less, can you match it?",price
Q00271,P0448,en,Can you share the technical spec sheet?,feature
Q00272,P0310,zh,包装上能加我们的logo吗?,customization
Q00273,P0297,en,"Your competitor offers $X less, can you match it?",price
Q00274,P0418,zh,首次合作能给9折吗?,price
Q00275,P0115,zh,最低起订量多少才能拿到折扣?,price
Q00276,P0305,en,Is private label packaging available?,customization
Q00277,P0338,en,Does it come with a CE certification?,feature
Q00278,P0379,zh,电池容量多少毫安?,feature
Q00279,P0257,en,"We need custom retail packaging, is that possible?",customization
Q00280,P0260,zh,500件的话价格能再优惠吗?,price
Q00281,P0444,en,Is air freight available for urgent orders?,delivery
Q00282,P0074,zh,支持DDP发到美国吗?,delivery
Q00283,P0099,en,Can you change the box design to our brand?,customization
Q00284,P0106,zh,支持OEM/ODM吗?,customization
Q00285,P0439,zh,1000件的生产周期多久?,delivery
Q00286,P0370,zh,发到德国需要多久?,delivery
Q00287,P0284,zh,保修期多久?,feature
Q00288,P0432,zh,这个月有促销价吗?,price
Q00289,P0102,en,Does this product support waterproof IPX7?,feature
Q00290,P0489,en,What is the battery capacity?,feature
Q00291,P0443,zh,春节前能到货吗?,delivery
Q00292,P0304,en,Do you support DDP shipping to the US?,delivery
Q00293,P0300,en,Does this product support waterproof IPX7?,feature
Q00294,P0098,en,Can we add our logo on the packaging?,customization
Q00295,P0065,en,Is air freight available for urgent orders?,delivery
Q00296,P0169,zh,大批量采购可以给个更好的价格吗?,price
Q00297,P0049,en,Do you support OEM/ODM service?,customization
Q00298,P0139,zh,材料是否不含BPA?,feature
Q00299,P0261,en,"Your competitor offers $X less, can you match it?",price
Q00300,P0022,en,How long is the shipping time to Germany?,delivery
Q00301,P0326,zh,能保证12月15号前到货吗?,delivery
Q00302,P0126,en,Can you guarantee delivery before December 15?,delivery
Q00303,P0438,zh,500件的话价格能再优惠吗?,price
Q00304,P0491,zh,可以做自有品牌包装吗?,customization
Q00305,P0068,en,Can the color be customized?,customization
Q00306,P0048,zh,500件的话价格能再优惠吗?,price
Q00307,P0271,zh,材料是否不含BPA?,feature
Q00308,P0080,en,"Your competitor offers $X less, can you match it?",price
Q00309,P0367,zh,可以做自有品牌包装吗?,customization
Q00310,P0202,en,The price seems high compared to similar products.,price
Q00311,P0103,zh,这个产品支持IPX7防水吗?,feature
Q00312,P0448,en,Do you support OEM/ODM service?,customization
Q00313,P0423,en,What is the minimum order quantity to get a discount?,price
Q00314,P0224,en,Can you offer a better price for bulk orders?,price
Q00315,P0425,zh,大批量采购可以给个更好的价格吗?,price
Q00316,P0265,en,Is private label packaging available?,customization
Q00317,P0080,en,Is the price negotiable for 500 units?,price
Q00318,P0388,zh,包装上能加我们的logo吗?,customization
Q00319,P0264,en,Do you support DDP shipping to the US?,delivery
Q00320,P0065,en,Do you support DDP shipping to the US?,delivery
Q00321,P0241,zh,大批量采购可以给个更好的价格吗?,price
Q00322,P0277,en,Can the color be customized?,customization
Q00323,P0015,en,Any chance of a 10% discount for first-time buyers?,price
Q00324,P0160,zh,大批量采购可以给个更好的价格吗?,price
Q00325,P0200,en,What's the warranty period?,feature
Q00326,P0494,en,Will the order arrive before Chinese New Year?,delivery
Q00327,P0234,zh,材料是否不含BPA?,feature
Q00328,P0170,zh,这个月有促销价吗?,price
Q00329,P0397,en,Can you offer a better price for bulk orders?,price
Q00330,P0396,zh,能发一下技术参数表吗?,feature
Q00331,P0218,zh,"你们竞争对手报价更低,能否匹配?",price
Q00332,P0496,en,Can you share the technical spec sheet?,feature
Q00333,P0229,en,Is the price negotiable for 500 units?,price
Q00334,P0316,en,The price seems high compared to similar products.,price
Q00335,P0159,zh,1000件的生产周期多久?,delivery
Q00336,P0329,en,What is the battery capacity?,feature
Q00337,P0475,en,Can you share the technical spec sheet?,feature
Q00338,P0339,en,Can you offer a better price for bulk orders?,price
Q00339,P0224,en,What's the warranty period?,feature
Q00340,P0495,zh,支持OEM/ODM吗?,customization
Q00341,P0151,zh,能保证12月15号前到货吗?,delivery
Q00342,P0369,en,Can you change the box design to our brand?,customization
Q00343,P0359,zh,发到德国需要多久?,delivery
Q00344,P0209,zh,能保证12月15号前到货吗?,delivery
Q00345,P0204,en,Does it come with a CE certification?,feature
Q00346,P0045,en,Is air freight available for urgent orders?,delivery
Q00347,P0331,zh,有CE认证吗?,feature
Q00348,P0098,en,The price seems high compared to similar products.,price
Q00349,P0123,zh,有CE认证吗?,feature
Q00350,P0137,en,What's the warranty period?,feature
Q00351,P0337,en,What is the minimum order quantity to get a discount?,price
Q00352,P0271,en,"We need custom retail packaging, is that possible?",customization
Q00353,P0305,zh,能发一下技术参数表吗?,feature
Q00354,P0160,zh,大批量采购可以给个更好的价格吗?,price
Q00355,P0342,en,Can the color be customized?,customization
Q00356,P0437,en,Do you have any promotional pricing this month?,price
Q00357,P0467,en,What is the battery capacity?,feature
Q00358,P0272,en,"We need custom retail packaging, is that possible?",customization
Q00359,P0167,zh,急单能走空运吗?,delivery
Q00360,P0461,zh,首次合作能给9折吗?,price
Q00361,P0372,zh,这个产品支持IPX7防水吗?,feature
Q00362,P0240,zh,这个产品支持IPX7防水吗?,feature
Q00363,P0322,en,What's the lead time for 1000 units?,delivery
Q00364,P0292,en,"Your competitor offers $X less, can you match it?",price
Q00365,P0408,en,What's the lead time for 1000 units?,delivery
Q00366,P0003,en,Can the color be customized?,customization
Q00367,P0419,zh,大批量采购可以给个更好的价格吗?,price
Q00368,P0057,zh,这个月有促销价吗?,price
Q00369,P0096,zh,能保证12月15号前到货吗?,delivery
Q00370,P0309,en,Is the price negotiable for 500 units?,price
Q00371,P0034,zh,可以做自有品牌包装吗?,customization
Q00372,P0135,zh,最低起订量多少才能拿到折扣?,price
Q00373,P0055,zh,颜色可以定制吗?,customization
Q00374,P0211,en,Does this product support waterproof IPX7?,feature
Q00375,P0343,zh,电池容量多少毫安?,feature
Q00376,P0499,zh,这个产品支持IPX7防水吗?,feature
Q00377,P0363,en,Is air freight available for urgent orders?,delivery
Q00378,P0230,en,Do you support OEM/ODM service?,customization
Q00379,P0336,en,Do you support DDP shipping to the US?,delivery
Q00380,P0416,zh,急单能走空运吗?,delivery
Q00381,P0160,en,Is the material BPA-free?,feature
Q00382,P0245,zh,电池容量多少毫安?,feature
Q00383,P0439,en,Is private label packaging available?,customization
Q00384,P0266,en,Is the price negotiable for 500 units?,price
Q00385,P0000,en,What is the minimum order quantity to get a discount?,price
Q00386,P0017,zh,发到德国需要多久?,delivery
Q00387,P0084,zh,材料是否不含BPA?,feature
Q00388,P0411,zh,最低起订量多少才能拿到折扣?,price
Q00389,P0046,zh,发到德国需要多久?,delivery
Q00390,P0128,zh,1000件的生产周期多久?,delivery
Q00391,P0375,zh,能发一下技术参数表吗?,feature
Q00392,P0109,en,Do you support DDP shipping to the US?,delivery
Q00393,P0059,zh,首次合作能给9折吗?,price
Q00394,P0087,en,What is the minimum order quantity to get a discount?,price
Q00395,P0495,en,Does it come with a CE certification?,feature
Q00396,P0224,zh,最低起订量多少才能拿到折扣?,price
Q00397,P0487,zh,春节前能到货吗?,delivery
Q00398,P0110,en,Is private label packaging available?,customization
Q00399,P0367,en,What is the battery capacity?,feature
Q00400,P0414,zh,材料是否不含BPA?,feature
Q00401,P0024,en,Can you share the technical spec sheet?,feature
Q00402,P0130,en,Can you share the technical spec sheet?,feature
Q00403,P0413,zh,发到德国需要多久?,delivery
Q00404,P0135,en,Does it come with a CE certification?,feature
Q00405,P0282,en,Do you support DDP shipping to the US?,delivery
Q00406,P0000,en,Is the material BPA-free?,feature
Q00407,P0323,zh,和同类产品相比价格偏高。,price
Q00408,P0234,zh,大批量采购可以给个更好的价格吗?,price
Q00409,P0029,zh,支持DDP发到美国吗?,delivery
Q00410,P0097,zh,"你们竞争对手报价更低,能否匹配?",price
Q00411,P0049,en,What's the warranty period?,feature
Q00412,P0088,en,"Your competitor offers $X less, can you match it?",price
Q00413,P0160,zh,最低起订量多少才能拿到折扣?,price
Q00414,P0178,en,What's the lead time for 1000 units?,delivery
Q00415,P0102,zh,500件的话价格能再优惠吗?,price
Q00416,P0049,zh,包装盒能换成我们的品牌设计吗?,customization
Q00417,P0309,en,"Your competitor offers $X less, can you match it?",price
Q00418,P0377,zh,首次合作能给9折吗?,price
Q00419,P0498,zh,这个产品支持IPX7防水吗?,feature
Q00420,P0161,en,Can you offer a better price for bulk orders?,price
Q00421,P0403,zh,"需要定制零售包装,可以做吗?",customization
Q00422,P0249,zh,500件的话价格能再优惠吗?,price
Q00423,P0190,zh,春节前能到货吗?,delivery
Q00424,P0064,zh,支持DDP发到美国吗?,delivery
Q00425,P0051,en,Any chance of a 10% discount for first-time buyers?,price
Q00426,P0179,zh,可以做自有品牌包装吗?,customization
Q00427,P0316,en,Is air freight available for urgent orders?,delivery
Q00428,P0195,zh,包装盒能换成我们的品牌设计吗?,customization
Q00429,P0283,en,Any chance of a 10% discount for first-time buyers?,price
Q00430,P0277,zh,支持DDP发到美国吗?,delivery
Q00431,P0189,en,Can you offer a better price for bulk orders?,price
Q00432,P0361,en,"Your competitor offers $X less, can you match it?",price
Q00433,P0281,en,Is air freight available for urgent orders?,delivery
Q00434,P0413,en,Can you share the technical spec sheet?,feature
Q00435,P0334,zh,包装上能加我们的logo吗?,customization
Q00436,P0196,zh,和同类产品相比价格偏高。,price
Q00437,P0002,zh,"需要定制零售包装,可以做吗?",customization
Q00438,P0281,zh,首次合作能给9折吗?,price
Q00439,P0426,zh,最低起订量多少才能拿到折扣?,price
Q00440,P0002,en,Do you support DDP shipping to the US?,delivery
Q00441,P0439,en,What's the warranty period?,feature
Q00442,P0135,zh,发到德国需要多久?,delivery
Q00443,P0248,zh,最低起订量多少才能拿到折扣?,price
Q00444,P0481,zh,发到德国需要多久?,delivery
Q00445,P0297,en,"We need custom retail packaging, is that possible?",customization
Q00446,P0050,en,Can we add our logo on the packaging?,customization
Q00447,P0282,en,What is the battery capacity?,feature
Q00448,P0212,zh,"需要定制零售包装,可以做吗?",customization
Q00449,P0059,en,How long is the shipping time to Germany?,delivery
Q00450,P0142,zh,这个产品支持IPX7防水吗?,feature
Q00451,P0011,zh,大批量采购可以给个更好的价格吗?,price
Q00452,P0345,en,Do you support DDP shipping to the US?,delivery
Q00453,P0188,zh,大批量采购可以给个更好的价格吗?,price
Q00454,P0230,en,Can you share the technical spec sheet?,feature
Q00455,P0069,en,Do you support DDP shipping to the US?,delivery
Q00456,P0048,en,What is the minimum order quantity to get a discount?,price
Q00457,P0404,en,Do you support OEM/ODM service?,customization
Q00458,P0325,en,Is private label packaging available?,customization
Q00459,P0214,zh,颜色可以定制吗?,customization
Q00460,P0267,en,Can you guarantee delivery before December 15?,delivery
Q00461,P0020,zh,可以做自有品牌包装吗?,customization
Q00462,P0451,en,Can you share the technical spec sheet?,feature
Q00463,P0418,zh,和同类产品相比价格偏高。,price
Q00464,P0417,en,Can you offer a better price for bulk orders?,price
Q00465,P0457,zh,大批量采购可以给个更好的价格吗?,price
Q00466,P0222,en,Does it come with a CE certification?,feature
Q00467,P0155,zh,500件的话价格能再优惠吗?,price
Q00468,P0482,en,What is the minimum order quantity to get a discount?,price
Q00469,P0353,zh,大批量采购可以给个更好的价格吗?,price
Q00470,P0421,zh,能发一下技术参数表吗?,feature
Q00471,P0397,en,"We need custom retail packaging, is that possible?",customization
Q00472,P0449,zh,春节前能到货吗?,delivery
Q00473,P0241,zh,包装盒能换成我们的品牌设计吗?,customization
Q00474,P0180,en,Can you guarantee delivery before December 15?,delivery
Q00475,P0038,en,Is air freight available for urgent orders?,delivery
Q00476,P0465,en,What is the battery capacity?,feature
Q00477,P0078,en,What is the battery capacity?,feature
Q00478,P0109,zh,和同类产品相比价格偏高。,price
Q00479,P0488,zh,春节前能到货吗?,delivery
Q00480,P0076,en,Is the price negotiable for 500 units?,price
Q00481,P0284,en,What is the minimum order quantity to get a discount?,price
Q00482,P0312,zh,可以做自有品牌包装吗?,customization
Q00483,P0308,zh,首次合作能给9折吗?,price
Q00484,P0173,zh,包装上能加我们的logo吗?,customization
Q00485,P0218,en,Is the price negotiable for 500 units?,price
Q00486,P0385,en,Do you support OEM/ODM service?,customization
Q00487,P0160,en,What's the lead time for 1000 units?,delivery
Q00488,P0217,zh,这个产品支持IPX7防水吗?,feature
Q00489,P0084,zh,首次合作能给9折吗?,price
Q00490,P0053,en,Can you change the box design to our brand?,customization
Q00491,P0254,zh,发到德国需要多久?,delivery
Q00492,P0243,zh,发到德国需要多久?,delivery
Q00493,P0033,en,Will the order arrive before Chinese New Year?,delivery
Q00494,P0318,en,Does it come with a CE certification?,feature
Q00495,P0234,zh,大批量采购可以给个更好的价格吗?,price
Q00496,P0030,en,Can you change the box design to our brand?,customization
Q00497,P0390,zh,有CE认证吗?,feature
Q00498,P0428,zh,能保证12月15号前到货吗?,delivery
Q00499,P0331,en,Is the material BPA-free?,feature
Q00500,P0185,zh,有CE认证吗?,feature
Q00501,P0252,zh,支持DDP发到美国吗?,delivery
Q00502,P0107,en,Can you share the technical spec sheet?,feature
Q00503,P0099,en,Is the material BPA-free?,feature
Q00504,P0447,zh,电池容量多少毫安?,feature
Q00505,P0478,en,Can you offer a better price for bulk orders?,price
Q00506,P0145,en,Is the price negotiable for 500 units?,price
Q00507,P0380,zh,急单能走空运吗?,delivery
Q00508,P0178,en,Does it come with a CE certification?,feature
Q00509,P0136,en,Do you support DDP shipping to the US?,delivery
Q00510,P0275,en,Do you have any promotional pricing this month?,price
Q00511,P0240,en,Is the material BPA-free?,feature
Q00512,P0407,zh,这个产品支持IPX7防水吗?,feature
Q00513,P0120,zh,能保证12月15号前到货吗?,delivery
Q00514,P0233,en,Can you guarantee delivery before December 15?,delivery
Q00515,P0375,en,Will the order arrive before Chinese New Year?,delivery
Q00516,P0065,en,Is the price negotiable for 500 units?,price
Q00517,P0184,en,Will the order arrive before Chinese New Year?,delivery
Q00518,P0465,zh,大批量采购可以给个更好的价格吗?,price
Q00519,P0433,zh,发到德国需要多久?,delivery
Q00520,P0444,zh,颜色可以定制吗?,customization
Q00521,P0230,zh,颜色可以定制吗?,customization
Q00522,P0238,en,Do you have any promotional pricing this month?,price
Q00523,P0284,en,Do you support DDP shipping to the US?,delivery
Q00524,P0054,zh,保修期多久?,feature
Q00525,P0423,zh,大批量采购可以给个更好的价格吗?,price
Q00526,P0444,zh,包装上能加我们的logo吗?,customization
Q00527,P0134,en,The price seems high compared to similar products.,price
Q00528,P0172,zh,材料是否不含BPA?,feature
Q00529,P0084,en,What is the battery capacity?,feature
Q00530,P0474,en,Do you have any promotional pricing this month?,price
Q00531,P0340,zh,发到德国需要多久?,delivery
Q00532,P0405,en,What is the minimum order quantity to get a discount?,price
Q00533,P0070,zh,和同类产品相比价格偏高。,price
Q00534,P0117,zh,材料是否不含BPA?,feature
Q00535,P0132,zh,"你们竞争对手报价更低,能否匹配?",price
Q00536,P0126,en,Is air freight available for urgent orders?,delivery
Q00537,P0189,zh,能发一下技术参数表吗?,feature
Q00538,P0002,en,Does it come with a CE certification?,feature
Q00539,P0019,zh,保修期多久?,feature
Q00540,P0404,zh,和同类产品相比价格偏高。,price
Q00541,P0373,en,Is the price negotiable for 500 units?,price
Q00542,P0097,en,Can you guarantee delivery before December 15?,delivery
Q00543,P0430,en,Is air freight available for urgent orders?,delivery
Q00544,P0491,zh,这个产品支持IPX7防水吗?,feature
Q00545,P0461,en,Can you guarantee delivery before December 15?,delivery
Q00546,P0377,zh,大批量采购可以给个更好的价格吗?,price
Q00547,P0100,en,Can you offer a better price for bulk orders?,price
Q00548,P0144,en,What is the minimum order quantity to get a discount?,price
Q00549,P0401,zh,能发一下技术参数表吗?,feature
Q00550,P0127,en,Can you offer a better price for bulk orders?,price
Q00551,P0201,zh,"你们竞争对手报价更低,能否匹配?",price
Q00552,P0199,zh,这个月有促销价吗?,price
Q00553,P0319,en,The price seems high compared to similar products.,price
Q00554,P0458,en,Is the material BPA-free?,feature
Q00555,P0113,zh,包装上能加我们的logo吗?,customization
Q00556,P0152,zh,"你们竞争对手报价更低,能否匹配?",price
Q00557,P0064,zh,能发一下技术参数表吗?,feature
Q00558,P0364,zh,这个产品支持IPX7防水吗?,feature
Q00559,P0263,zh,能保证12月15号前到货吗?,delivery
Q00560,P0374,zh,这个产品支持IPX7防水吗?,feature
Q00561,P0119,en,Any chance of a 10% discount for first-time buyers?,price
Q00562,P0291,zh,1000件的生产周期多久?,delivery
Q00563,P0456,zh,春节前能到货吗?,delivery
Q00564,P0338,zh,500件的话价格能再优惠吗?,price
Q00565,P0397,en,Do you support DDP shipping to the US?,delivery
Q00566,P0458,zh,包装盒能换成我们的品牌设计吗?,customization
Q00567,P0319,en,Can the color be customized?,customization
Q00568,P0046,zh,能保证12月15号前到货吗?,delivery
Q00569,P0142,zh,发到德国需要多久?,delivery
Q00570,P0489,en,Can you share the technical spec sheet?,feature
Q00571,P0385,en,Do you support OEM/ODM service?,customization
Q00572,P0329,zh,500件的话价格能再优惠吗?,price
Q00573,P0110,en,Is the material BPA-free?,feature
Q00574,P0247,zh,能发一下技术参数表吗?,feature
Q00575,P0432,en,The price seems high compared to similar products.,price
Q00576,P0472,en,Is the price negotiable for 500 units?,price
Q00577,P0128,zh,"你们竞争对手报价更低,能否匹配?",price
Q00578,P0442,zh,包装盒能换成我们的品牌设计吗?,customization
Q00579,P0389,zh,500件的话价格能再优惠吗?,price
Q00580,P0013,en,Is the price negotiable for 500 units?,price
Q00581,P0317,zh,包装上能加我们的logo吗?,customization
Q00582,P0238,zh,这个产品支持IPX7防水吗?,feature
Q00583,P0100,zh,能保证12月15号前到货吗?,delivery
Q00584,P0174,zh,包装上能加我们的logo吗?,customization
Q00585,P0486,en,What is the battery capacity?,feature
Q00586,P0166,zh,包装盒能换成我们的品牌设计吗?,customization
Q00587,P0045,en,Can you offer a better price for bulk orders?,price
Q00588,P0494,en,Can you offer a better price for bulk orders?,price
Q00589,P0413,en,"Your competitor offers $X less, can you match it?",price
Q00590,P0315,zh,这个产品支持IPX7防水吗?,feature
Q00591,P0261,zh,颜色可以定制吗?,customization
Q00592,P0173,en,Does it come with a CE certification?,feature
Q00593,P0398,en,Do you support DDP shipping to the US?,delivery
Q00594,P0123,en,The price seems high compared to similar products.,price
Q00595,P0343,en,What's the warranty period?,feature
Q00596,P0382,en,"We need custom retail packaging, is that possible?",customization
Q00597,P0344,en,"Your competitor offers $X less, can you match it?",price
Q00598,P0284,en,"We need custom retail packaging, is that possible?",customization
Q00599,P0310,zh,最低起订量多少才能拿到折扣?,price
Q00600,P0067,zh,保修期多久?,feature
Q00601,P0341,zh,能发一下技术参数表吗?,feature
Q00602,P0204,en,Can you offer a better price for bulk orders?,price
Q00603,P0220,en,Is the price negotiable for 500 units?,price
Q00604,P0414,en,What's the warranty period?,feature
Q00605,P0236,zh,春节前能到货吗?,delivery
Q00606,P0463,zh,急单能走空运吗?,delivery
Q00607,P0300,zh,1000件的生产周期多久?,delivery
Q00608,P0257,en,Is the material BPA-free?,feature
Q00609,P0246,zh,支持DDP发到美国吗?,delivery
Q00610,P0225,zh,1000件的生产周期多久?,delivery
Q00611,P0047,en,What is the minimum order quantity to get a discount?,price
Q00612,P0384,en,Is the price negotiable for 500 units?,price
Q00613,P0284,en,What is the battery capacity?,feature
Q00614,P0083,zh,首次合作能给9折吗?,price
Q00615,P0320,en,Is the material BPA-free?,feature
Q00616,P0115,zh,发到德国需要多久?,delivery
Q00617,P0378,zh,包装上能加我们的logo吗?,customization
Q00618,P0111,zh,有CE认证吗?,feature
Q00619,P0131,en,Do you have any promotional pricing this month?,price
Q00620,P0495,zh,这个产品支持IPX7防水吗?,feature
Q00621,P0429,zh,急单能走空运吗?,delivery
Q00622,P0264,en,Can the color be customized?,customization
Q00623,P0219,en,What's the warranty period?,feature
Q00624,P0453,zh,"需要定制零售包装,可以做吗?",customization
Q00625,P0160,en,Does this product support waterproof IPX7?,feature
Q00626,P0252,zh,能保证12月15号前到货吗?,delivery
Q00627,P0374,en,Does it come with a CE certification?,feature
Q00628,P0063,en,"Your competitor offers $X less, can you match it?",price
Q00629,P0223,zh,首次合作能给9折吗?,price
Q00630,P0276,zh,首次合作能给9折吗?,price
Q00631,P0088,en,Can you offer a better price for bulk orders?,price
Q00632,P0032,en,Does it come with a CE certification?,feature
Q00633,P0010,zh,和同类产品相比价格偏高。,price
Q00634,P0303,en,Can you share the technical spec sheet?,feature
Q00635,P0035,en,Do you support DDP shipping to the US?,delivery
Q00636,P0005,zh,这个产品支持IPX7防水吗?,feature
Q00637,P0274,zh,500件的话价格能再优惠吗?,price
Q00638,P0329,en,The price seems high compared to similar products.,price
Q00639,P0476,zh,保修期多久?,feature
Q00640,P0238,en,Will the order arrive before Chinese New Year?,delivery
Q00641,P0022,en,Is air freight available for urgent orders?,delivery
Q00642,P0009,zh,支持DDP发到美国吗?,delivery
Q00643,P0305,zh,能保证12月15号前到货吗?,delivery
Q00644,P0355,zh,电池容量多少毫安?,feature
Q00645,P0301,en,Do you have any promotional pricing this month?,price
Q00646,P0111,en,Any chance of a 10% discount for first-time buyers?,price
Q00647,P0088,en,How long is the shipping time to Germany?,delivery
Q00648,P0100,zh,材料是否不含BPA?,feature
Q00649,P0462,en,Do you support OEM/ODM service?,customization
Q00650,P0381,en,"We need custom retail packaging, is that possible?",customization
Q00651,P0485,zh,支持OEM/ODM吗?,customization
Q00652,P0424,en,Does this product support waterproof IPX7?,feature
Q00653,P0208,zh,材料是否不含BPA?,feature
Q00654,P0369,en,Can you share the technical spec sheet?,feature
Q00655,P0424,zh,最低起订量多少才能拿到折扣?,price
Q00656,P0156,zh,1000件的生产周期多久?,delivery
Q00657,P0184,zh,包装上能加我们的logo吗?,customization
Q00658,P0231,en,The price seems high compared to similar products.,price
Q00659,P0107,zh,包装上能加我们的logo吗?,customization
Q00660,P0425,en,Do you support OEM/ODM service?,customization
Q00661,P0463,zh,"你们竞争对手报价更低,能否匹配?",price
Q00662,P0493,zh,这个月有促销价吗?,price
Q00663,P0337,en,Do you have any promotional pricing this month?,price
Q00664,P0237,en,Is the price negotiable for 500 units?,price
Q00665,P0167,en,Can you share the technical spec sheet?,feature
Q00666,P0421,zh,电池容量多少毫安?,feature
Q00667,P0325,zh,能保证12月15号前到货吗?,delivery
Q00668,P0244,zh,这个月有促销价吗?,price
Q00669,P0343,en,What is the minimum order quantity to get a discount?,price
Q00670,P0069,en,"Your competitor offers $X less, can you match it?",price
Q00671,P0260,en,What's the lead time for 1000 units?,delivery
Q00672,P0307,en,Do you have any promotional pricing this month?,price
Q00673,P0054,zh,急单能走空运吗?,delivery
Q00674,P0228,en,Is the price negotiable for 500 units?,price
Q00675,P0188,zh,发到德国需要多久?,delivery
Q00676,P0010,zh,发到德国需要多久?,delivery
Q00677,P0210,en,Will the order arrive before Chinese New Year?,delivery
Q00678,P0471,zh,和同类产品相比价格偏高。,price
Q00679,P0381,zh,最低起订量多少才能拿到折扣?,price
Q00680,P0316,zh,"你们竞争对手报价更低,能否匹配?",price
Q00681,P0021,zh,包装盒能换成我们的品牌设计吗?,customization
Q00682,P0073,zh,1000件的生产周期多久?,delivery
Q00683,P0008,zh,最低起订量多少才能拿到折扣?,price
Q00684,P0161,zh,1000件的生产周期多久?,delivery
Q00685,P0237,zh,能保证12月15号前到货吗?,delivery
Q00686,P0472,en,The price seems high compared to similar products.,price
Q00687,P0045,zh,大批量采购可以给个更好的价格吗?,price
Q00688,P0251,zh,急单能走空运吗?,delivery
Q00689,P0252,en,"We need custom retail packaging, is that possible?",customization
Q00690,P0139,en,Can we add our logo on the packaging?,customization
Q00691,P0265,en,Do you support OEM/ODM service?,customization
Q00692,P0150,en,Can you change the box design to our brand?,customization
Q00693,P0100,en,"Your competitor offers $X less, can you match it?",price
Q00694,P0337,en,Can you share the technical spec sheet?,feature
Q00695,P0174,en,Is the price negotiable for 500 units?,price
Q00696,P0180,en,Can you share the technical spec sheet?,feature
Q00697,P0106,zh,支持OEM/ODM吗?,customization
Q00698,P0019,en,Can you change the box design to our brand?,customization
Q00699,P0119,en,Will the order arrive before Chinese New Year?,delivery
Q00700,P0403,en,What is the battery capacity?,feature
Q00701,P0355,zh,包装上能加我们的logo吗?,customization
Q00702,P0170,zh,材料是否不含BPA?,feature
Q00703,P0266,zh,和同类产品相比价格偏高。,price
Q00704,P0007,zh,500件的话价格能再优惠吗?,price
Q00705,P0019,en,Do you support OEM/ODM service?,customization
Q00706,P0136,en,Is the price negotiable for 500 units?,price
Q00707,P0096,en,What is the minimum order quantity to get a discount?,price
Q00708,P0169,en,Will the order arrive before Chinese New Year?,delivery
Q00709,P0012,en,Do you have any promotional pricing this month?,price
Q00710,P0495,zh,这个月有促销价吗?,price
Q00711,P0265,zh,包装盒能换成我们的品牌设计吗?,customization
Q00712,P0382,zh,大批量采购可以给个更好的价格吗?,price
Q00713,P0217,zh,电池容量多少毫安?,feature
Q00714,P0154,zh,有CE认证吗?,feature
Q00715,P0497,en,"We need custom retail packaging, is that possible?",customization
Q00716,P0328,en,What is the battery capacity?,feature
Q00717,P0399,zh,和同类产品相比价格偏高。,price
Q00718,P0048,zh,材料是否不含BPA?,feature
Q00719,P0021,en,The price seems high compared to similar products.,price
Q00720,P0196,en,Will the order arrive before Chinese New Year?,delivery
Q00721,P0135,zh,能保证12月15号前到货吗?,delivery
Q00722,P0163,en,Can you change the box design to our brand?,customization
Q00723,P0128,en,Do you support DDP shipping to the US?,delivery
Q00724,P0175,en,Is air freight available for urgent orders?,delivery
Q00725,P0411,en,Is the material BPA-free?,feature
Q00726,P0392,zh,大批量采购可以给个更好的价格吗?,price
Q00727,P0071,zh,包装上能加我们的logo吗?,customization
Q00728,P0409,en,Can you guarantee delivery before December 15?,delivery
Q00729,P0464,en,Does this product support waterproof IPX7?,feature
Q00730,P0360,zh,500件的话价格能再优惠吗?,price
Q00731,P0407,zh,最低起订量多少才能拿到折扣?,price
Q00732,P0129,zh,500件的话价格能再优惠吗?,price
Q00733,P0468,en,Is the material BPA-free?,feature
Q00734,P0161,en,Do you support OEM/ODM service?,customization
Q00735,P0221,zh,材料是否不含BPA?,feature
Q00736,P0499,en,The price seems high compared to similar products.,price
Q00737,P0241,zh,能保证12月15号前到货吗?,delivery
Q00738,P0057,en,"We need custom retail packaging, is that possible?",customization
Q00739,P0157,zh,颜色可以定制吗?,customization
Q00740,P0208,en,Is air freight available for urgent orders?,delivery
Q00741,P0126,zh,首次合作能给9折吗?,price
Q00742,P0019,en,Can you share the technical spec sheet?,feature
Q00743,P0327,en,Can you share the technical spec sheet?,feature
Q00744,P0374,zh,首次合作能给9折吗?,price
Q00745,P0160,en,"We need custom retail packaging, is that possible?",customization
Q00746,P0148,zh,支持DDP发到美国吗?,delivery
Q00747,P0127,en,"Your competitor offers $X less, can you match it?",price
Q00748,P0130,en,Is air freight available for urgent orders?,delivery
Q00749,P0172,en,What is the battery capacity?,feature
Q00750,P0189,zh,发到德国需要多久?,delivery
Q00751,P0260,zh,电池容量多少毫安?,feature
Q00752,P0029,zh,颜色可以定制吗?,customization
Q00753,P0493,zh,1000件的生产周期多久?,delivery
Q00754,P0281,en,Do you support DDP shipping to the US?,delivery
Q00755,P0253,zh,大批量采购可以给个更好的价格吗?,price
Q00756,P0314,zh,能发一下技术参数表吗?,feature
Q00757,P0421,zh,能发一下技术参数表吗?,feature
Q00758,P0278,en,Can we add our logo on the packaging?,customization
Q00759,P0324,zh,和同类产品相比价格偏高。,price
Q00760,P0169,en,Will the order arrive before Chinese New Year?,delivery
Q00761,P0046,en,Does it come with a CE certification?,feature
Q00762,P0099,zh,包装上能加我们的logo吗?,customization
Q00763,P0354,zh,最低起订量多少才能拿到折扣?,price
Q00764,P0149,en,Can you share the technical spec sheet?,feature
Q00765,P0021,zh,这个月有促销价吗?,price
Q00766,P0474,zh,首次合作能给9折吗?,price
Q00767,P0243,en,What is the battery capacity?,feature
Q00768,P0260,en,Is air freight available for urgent orders?,delivery
Q00769,P0449,zh,1000件的生产周期多久?,delivery
Q00770,P0192,en,Can the color be customized?,customization
Q00771,P0143,en,What is the minimum order quantity to get a discount?,price
Q00772,P0248,zh,和同类产品相比价格偏高。,price
Q00773,P0033,en,"We need custom retail packaging, is that possible?",customization
Q00774,P0131,en,Can you guarantee delivery before December 15?,delivery
Q00775,P0099,en,Can we add our logo on the packaging?,customization
Q00776,P0290,en,Does it come with a CE certification?,feature
Q00777,P0069,zh,能保证12月15号前到货吗?,delivery
Q00778,P0434,zh,能保证12月15号前到货吗?,delivery
Q00779,P0034,zh,1000件的生产周期多久?,delivery
Q00780,P0363,en,"Your competitor offers $X less, can you match it?",price
Q00781,P0033,zh,大批量采购可以给个更好的价格吗?,price
Q00782,P0044,zh,包装上能加我们的logo吗?,customization
Q00783,P0426,en,"Your competitor offers $X less, can you match it?",price
Q00784,P0213,zh,和同类产品相比价格偏高。,price
Q00785,P0250,en,Does this product support waterproof IPX7?,feature
Q00786,P0415,en,Is private label packaging available?,customization
Q00787,P0443,en,Can you offer a better price for bulk orders?,price
Q00788,P0131,zh,有CE认证吗?,feature
Q00789,P0260,en,Do you support DDP shipping to the US?,delivery
Q00790,P0152,en,Is air freight available for urgent orders?,delivery
Q00791,P0074,en,Can you offer a better price for bulk orders?,price
Q00792,P0066,zh,可以做自有品牌包装吗?,customization
Q00793,P0118,zh,这个产品支持IPX7防水吗?,feature
Q00794,P0023,en,Can you offer a better price for bulk orders?,price
Q00795,P0022,zh,电池容量多少毫安?,feature
Q00796,P0296,en,What's the warranty period?,feature
Q00797,P0005,en,Can you share the technical spec sheet?,feature
Q00798,P0128,zh,保修期多久?,feature
Q00799,P0277,en,Is the price negotiable for 500 units?,price
Q00800,P0376,zh,有CE认证吗?,feature
Q00801,P0123,zh,支持OEM/ODM吗?,customization
Q00802,P0164,en,What's the warranty period?,feature
Q00803,P0487,zh,"需要定制零售包装,可以做吗?",customization
Q00804,P0243,zh,春节前能到货吗?,delivery
Q00805,P0263,en,Any chance of a 10% discount for first-time buyers?,price
Q00806,P0061,zh,和同类产品相比价格偏高。,price
Q00807,P0048,zh,和同类产品相比价格偏高。,price
Q00808,P0034,zh,包装上能加我们的logo吗?,customization
Q00809,P0378,zh,电池容量多少毫安?,feature
Q00810,P0293,zh,保修期多久?,feature
Q00811,P0478,zh,最低起订量多少才能拿到折扣?,price
Q00812,P0218,zh,材料是否不含BPA?,feature
Q00813,P0080,zh,材料是否不含BPA?,feature
Q00814,P0240,zh,500件的话价格能再优惠吗?,price
Q00815,P0202,en,Is the material BPA-free?,feature
Q00816,P0328,zh,材料是否不含BPA?,feature
Q00817,P0395,zh,电池容量多少毫安?,feature
Q00818,P0303,zh,这个产品支持IPX7防水吗?,feature
Q00819,P0263,en,The price seems high compared to similar products.,price
Q00820,P0045,zh,支持OEM/ODM吗?,customization
Q00821,P0367,en,Does this product support waterproof IPX7?,feature
Q00822,P0295,zh,保修期多久?,feature
Q00823,P0432,en,The price seems high compared to similar products.,price
Q00824,P0184,zh,电池容量多少毫安?,feature
Q00825,P0096,en,Is the price negotiable for 500 units?,price
Q00826,P0252,zh,支持DDP发到美国吗?,delivery
Q00827,P0169,en,What is the minimum order quantity to get a discount?,price
Q00828,P0386,en,What's the warranty period?,feature
Q00829,P0304,en,What's the warranty period?,feature
Q00830,P0025,en,Do you support OEM/ODM service?,customization
Q00831,P0261,zh,可以做自有品牌包装吗?,customization
Q00832,P0409,en,Does it come with a CE certification?,feature
Q00833,P0341,en,What's the lead time for 1000 units?,delivery
Q00834,P0138,zh,包装盒能换成我们的品牌设计吗?,customization
Q00835,P0468,zh,这个月有促销价吗?,price
Q00836,P0231,zh,春节前能到货吗?,delivery
Q00837,P0048,en,Can you guarantee delivery before December 15?,delivery
Q00838,P0072,zh,500件的话价格能再优惠吗?,price
Q00839,P0107,zh,首次合作能给9折吗?,price
Q00840,P0184,zh,和同类产品相比价格偏高。,price
Q00841,P0075,zh,材料是否不含BPA?,feature
Q00842,P0414,zh,"需要定制零售包装,可以做吗?",customization
Q00843,P0319,zh,能发一下技术参数表吗?,feature
Q00844,P0479,en,Does this product support waterproof IPX7?,feature
Q00845,P0188,zh,这个产品支持IPX7防水吗?,feature
Q00846,P0253,zh,500件的话价格能再优惠吗?,price
Q00847,P0124,en,Is air freight available for urgent orders?,delivery
Q00848,P0484,en,How long is the shipping time to Germany?,delivery
Q00849,P0146,en,Any chance of a 10% discount for first-time buyers?,price
Q00850,P0321,en,How long is the shipping time to Germany?,delivery
Q00851,P0346,en,Is private label packaging available?,customization
Q00852,P0231,en,What is the minimum order quantity to get a discount?,price
Q00853,P0339,zh,这个月有促销价吗?,price
Q00854,P0301,zh,有CE认证吗?,feature
Q00855,P0049,en,Is air freight available for urgent orders?,delivery
Q00856,P0007,zh,材料是否不含BPA?,feature
Q00857,P0413,zh,材料是否不含BPA?,feature
Q00858,P0348,zh,能保证12月15号前到货吗?,delivery
Q00859,P0463,en,Can we add our logo on the packaging?,customization
Q00860,P0038,zh,500件的话价格能再优惠吗?,price
Q00861,P0222,en,Do you have any promotional pricing this month?,price
Q00862,P0225,en,What is the minimum order quantity to get a discount?,price
Q00863,P0446,zh,1000件的生产周期多久?,delivery
Q00864,P0147,en,Does it come with a CE certification?,feature
Q00865,P0203,en,Can the color be customized?,customization
Q00866,P0205,zh,颜色可以定制吗?,customization
Q00867,P0376,en,Does it come with a CE certification?,feature
Q00868,P0307,en,"Your competitor offers $X less, can you match it?",price
Q00869,P0175,zh,大批量采购可以给个更好的价格吗?,price
Q00870,P0246,zh,可以做自有品牌包装吗?,customization
Q00871,P0247,en,Does this product support waterproof IPX7?,feature
Q00872,P0411,zh,"你们竞争对手报价更低,能否匹配?",price
Q00873,P0479,zh,"需要定制零售包装,可以做吗?",customization
Q00874,P0285,zh,首次合作能给9折吗?,price
Q00875,P0171,zh,支持DDP发到美国吗?,delivery
Q00876,P0041,en,Any chance of a 10% discount for first-time buyers?,price
Q00877,P0315,zh,1000件的生产周期多久?,delivery
Q00878,P0232,en,Can you guarantee delivery before December 15?,delivery
Q00879,P0099,zh,500件的话价格能再优惠吗?,price
Q00880,P0287,zh,保修期多久?,feature
Q00881,P0440,en,Can you change the box design to our brand?,customization
Q00882,P0332,zh,这个产品支持IPX7防水吗?,feature
Q00883,P0210,zh,电池容量多少毫安?,feature
Q00884,P0226,zh,这个产品支持IPX7防水吗?,feature
Q00885,P0282,en,Can the color be customized?,customization
Q00886,P0420,en,Is the price negotiable for 500 units?,price
Q00887,P0122,en,What's the lead time for 1000 units?,delivery
Q00888,P0447,zh,支持DDP发到美国吗?,delivery
Q00889,P0233,zh,500件的话价格能再优惠吗?,price
Q00890,P0199,en,What is the battery capacity?,feature
Q00891,P0250,zh,能保证12月15号前到货吗?,delivery
Q00892,P0372,zh,急单能走空运吗?,delivery
Q00893,P0426,zh,这个月有促销价吗?,price
Q00894,P0142,zh,这个月有促销价吗?,price
Q00895,P0335,en,Does it come with a CE certification?,feature
Q00896,P0474,zh,最低起订量多少才能拿到折扣?,price
Q00897,P0493,zh,能保证12月15号前到货吗?,delivery
Q00898,P0409,en,Can you change the box design to our brand?,customization
Q00899,P0435,en,Any chance of a 10% discount for first-time buyers?,price
Q00900,P0193,zh,这个产品支持IPX7防水吗?,feature
Q00901,P0234,zh,这个产品支持IPX7防水吗?,feature
Q00902,P0085,en,Can the color be customized?,customization
Q00903,P0123,zh,这个产品支持IPX7防水吗?,feature
Q00904,P0430,en,Can you offer a better price for bulk orders?,price
Q00905,P0495,zh,"你们竞争对手报价更低,能否匹配?",price
Q00906,P0256,zh,"你们竞争对手报价更低,能否匹配?",price
Q00907,P0205,en,Does it come with a CE certification?,feature
Q00908,P0392,zh,和同类产品相比价格偏高。,price
Q00909,P0446,en,"Your competitor offers $X less, can you match it?",price
Q00910,P0277,en,What is the minimum order quantity to get a discount?,price
Q00911,P0230,en,Do you have any promotional pricing this month?,price
Q00912,P0353,zh,最低起订量多少才能拿到折扣?,price
Q00913,P0422,en,What is the battery capacity?,feature
Q00914,P0180,zh,首次合作能给9折吗?,price
Q00915,P0093,en,Does it come with a CE certification?,feature
Q00916,P0112,en,Will the order arrive before Chinese New Year?,delivery
Q00917,P0040,zh,这个产品支持IPX7防水吗?,feature
Q00918,P0434,zh,"需要定制零售包装,可以做吗?",customization
Q00919,P0262,zh,能发一下技术参数表吗?,feature
Q00920,P0050,zh,能发一下技术参数表吗?,feature
Q00921,P0472,en,Do you have any promotional pricing this month?,price
Q00922,P0420,zh,发到德国需要多久?,delivery
Q00923,P0399,en,Do you support OEM/ODM service?,customization
Q00924,P0377,en,Do you support OEM/ODM service?,customization
Q00925,P0257,zh,1000件的生产周期多久?,delivery
Q00926,P0058,en,"Your competitor offers $X less, can you match it?",price
Q00927,P0175,zh,最低起订量多少才能拿到折扣?,price
Q00928,P0343,zh,最低起订量多少才能拿到折扣?,price
Q00929,P0192,zh,支持DDP发到美国吗?,delivery
Q00930,P0369,en,Is the material BPA-free?,feature
Q00931,P0289,zh,包装上能加我们的logo吗?,customization
Q00932,P0339,en,Can you share the technical spec sheet?,feature
Q00933,P0246,zh,这个产品支持IPX7防水吗?,feature
Q00934,P0059,zh,这个月有促销价吗?,price
Q00935,P0365,en,Do you have any promotional pricing this month?,price
Q00936,P0022,en,Can you offer a better price for bulk orders?,price
Q00937,P0019,zh,颜色可以定制吗?,customization
Q00938,P0141,zh,"你们竞争对手报价更低,能否匹配?",price
Q00939,P0461,en,Does this product support waterproof IPX7?,feature
Q00940,P0027,zh,这个月有促销价吗?,price
Q00941,P0369,zh,"需要定制零售包装,可以做吗?",customization
Q00942,P0406,en,Is air freight available for urgent orders?,delivery
Q00943,P0225,en,What's the warranty period?,feature
Q00944,P0341,zh,急单能走空运吗?,delivery
Q00945,P0135,zh,材料是否不含BPA?,feature
Q00946,P0393,en,Can you guarantee delivery before December 15?,delivery
Q00947,P0122,en,Is air freight available for urgent orders?,delivery
Q00948,P0116,zh,首次合作能给9折吗?,price
Q00949,P0188,zh,和同类产品相比价格偏高。,price
Q00950,P0407,en,Can you guarantee delivery before December 15?,delivery
Q00951,P0469,zh,最低起订量多少才能拿到折扣?,price
Q00952,P0373,en,What is the battery capacity?,feature
Q00953,P0262,en,Is air freight available for urgent orders?,delivery
Q00954,P0207,en,Is the price negotiable for 500 units?,price
Q00955,P0278,en,Do you have any promotional pricing this month?,price
Q00956,P0310,en,Can you change the box design to our brand?,customization
Q00957,P0124,en,Do you support DDP shipping to the US?,delivery
Q00958,P0137,en,Can you offer a better price for bulk orders?,price
Q00959,P0000,zh,1000件的生产周期多久?,delivery
Q00960,P0274,en,Is the price negotiable for 500 units?,price
Q00961,P0110,zh,500件的话价格能再优惠吗?,price
Q00962,P0054,zh,500件的话价格能再优惠吗?,price
Q00963,P0490,en,Any chance of a 10% discount for first-time buyers?,price
Q00964,P0493,zh,能发一下技术参数表吗?,feature
Q00965,P0102,zh,500件的话价格能再优惠吗?,price
Q00966,P0191,en,Does this product support waterproof IPX7?,feature
Q00967,P0498,en,Can the color be customized?,customization
Q00968,P0483,zh,能保证12月15号前到货吗?,delivery
Q00969,P0283,zh,500件的话价格能再优惠吗?,price
Q00970,P0266,en,Can you share the technical spec sheet?,feature
Q00971,P0077,en,What is the battery capacity?,feature
Q00972,P0017,zh,首次合作能给9折吗?,price
Q00973,P0003,zh,能发一下技术参数表吗?,feature
Q00974,P0029,zh,这个月有促销价吗?,price
Q00975,P0294,zh,材料是否不含BPA?,feature
Q00976,P0297,zh,1000件的生产周期多久?,delivery
Q00977,P0440,zh,和同类产品相比价格偏高。,price
Q00978,P0160,en,Does it come with a CE certification?,feature
Q00979,P0005,en,Do you have any promotional pricing this month?,price
Q00980,P0407,en,Can we add our logo on the packaging?,customization
Q00981,P0209,en,The price seems high compared to similar products.,price
Q00982,P0478,zh,大批量采购可以给个更好的价格吗?,price
Q00983,P0388,en,Can we add our logo on the packaging?,customization
Q00984,P0258,zh,和同类产品相比价格偏高。,price
Q00985,P0005,en,"Your competitor offers $X less, can you match it?",price
Q00986,P0398,zh,最低起订量多少才能拿到折扣?,price
Q00987,P0296,en,Can you change the box design to our brand?,customization
Q00988,P0160,zh,500件的话价格能再优惠吗?,price
Q00989,P0091,zh,首次合作能给9折吗?,price
Q00990,P0064,zh,能保证12月15号前到货吗?,delivery
Q00991,P0409,zh,颜色可以定制吗?,customization
Q00992,P0358,zh,电池容量多少毫安?,feature
Q00993,P0139,zh,包装盒能换成我们的品牌设计吗?,customization
Q00994,P0033,zh,最低起订量多少才能拿到折扣?,price
Q00995,P0274,en,Any chance of a 10% discount for first-time buyers?,price
Q00996,P0395,zh,这个月有促销价吗?,price
Q00997,P0274,en,What's the warranty period?,feature
Q00998,P0327,en,Does it come with a CE certification?,feature
Q00999,P0049,zh,和同类产品相比价格偏高。,price
Q01000,P0122,zh,材料是否不含BPA?,feature
Q01001,P0387,en,Is the material BPA-free?,feature
Q01002,P0039,en,What is the battery capacity?,feature
Q01003,P0444,en,What is the battery capacity?,feature
Q01004,P0139,zh,能发一下技术参数表吗?,feature
Q01005,P0045,zh,电池容量多少毫安?,feature
Q01006,P0196,en,Is the price negotiable for 500 units?,price
Q01007,P0285,en,Does this product support waterproof IPX7?,feature
Q01008,P0133,en,Is the price negotiable for 500 units?,price
Q01009,P0188,zh,可以做自有品牌包装吗?,customization
Q01010,P0126,en,Is the material BPA-free?,feature
Q01011,P0353,zh,大批量采购可以给个更好的价格吗?,price
Q01012,P0092,en,What is the battery capacity?,feature
Q01013,P0462,en,What is the battery capacity?,feature
Q01014,P0374,en,Is the material BPA-free?,feature
Q01015,P0321,en,Do you support OEM/ODM service?,customization
Q01016,P0443,en,Do you support OEM/ODM service?,customization
Q01017,P0391,zh,大批量采购可以给个更好的价格吗?,price
Q01018,P0308,en,Is the material BPA-free?,feature
Q01019,P0134,en,"Your competitor offers $X less, can you match it?",price
Q01020,P0122,en,Does this product support waterproof IPX7?,feature
Q01021,P0223,en,Can we add our logo on the packaging?,customization
Q01022,P0365,en,How long is the shipping time to Germany?,delivery
Q01023,P0482,en,What's the lead time for 1000 units?,delivery
Q01024,P0434,zh,这个产品支持IPX7防水吗?,feature
Q01025,P0305,en,Can we add our logo on the packaging?,customization
Q01026,P0110,en,What is the battery capacity?,feature
Q01027,P0390,zh,500件的话价格能再优惠吗?,price
Q01028,P0102,en,What's the warranty period?,feature
Q01029,P0459,zh,急单能走空运吗?,delivery
Q01030,P0425,zh,支持OEM/ODM吗?,customization
Q01031,P0023,en,"We need custom retail packaging, is that possible?",customization
Q01032,P0128,en,Do you have any promotional pricing this month?,price
Q01033,P0097,zh,最低起订量多少才能拿到折扣?,price
Q01034,P0320,zh,支持OEM/ODM吗?,customization
Q01035,P0323,en,Does it come with a CE certification?,feature
Q01036,P0150,zh,最低起订量多少才能拿到折扣?,price
Q01037,P0328,zh,这个月有促销价吗?,price
Q01038,P0079,zh,发到德国需要多久?,delivery
Q01039,P0136,en,What's the warranty period?,feature
Q01040,P0165,en,The price seems high compared to similar products.,price
Q01041,P0096,en,Is air freight available for urgent orders?,delivery
Q01042,P0344,en,What's the lead time for 1000 units?,delivery
Q01043,P0450,en,Do you support OEM/ODM service?,customization
Q01044,P0360,en,What is the minimum order quantity to get a discount?,price
Q01045,P0028,zh,能发一下技术参数表吗?,feature
Q01046,P0151,en,Does this product support waterproof IPX7?,feature
Q01047,P0031,zh,大批量采购可以给个更好的价格吗?,price
Q01048,P0367,zh,这个产品支持IPX7防水吗?,feature
Q01049,P0091,zh,电池容量多少毫安?,feature
Q01050,P0176,zh,500件的话价格能再优惠吗?,price
Q01051,P0165,en,"Your competitor offers $X less, can you match it?",price
Q01052,P0458,en,The price seems high compared to similar products.,price
Q01053,P0482,zh,大批量采购可以给个更好的价格吗?,price
Q01054,P0300,zh,大批量采购可以给个更好的价格吗?,price
Q01055,P0094,en,Does this product support waterproof IPX7?,feature
Q01056,P0493,zh,500件的话价格能再优惠吗?,price
Q01057,P0492,zh,能发一下技术参数表吗?,feature
Q01058,P0433,en,Does this product support waterproof IPX7?,feature
Q01059,P0253,en,How long is the shipping time to Germany?,delivery
Q01060,P0245,en,Can you change the box design to our brand?,customization
Q01061,P0040,en,Any chance of a 10% discount for first-time buyers?,price
Q01062,P0071,zh,这个产品支持IPX7防水吗?,feature
Q01063,P0013,en,Do you have any promotional pricing this month?,price
Q01064,P0323,zh,电池容量多少毫安?,feature
Q01065,P0047,zh,1000件的生产周期多久?,delivery
Q01066,P0380,zh,"你们竞争对手报价更低,能否匹配?",price
Q01067,P0324,zh,包装盒能换成我们的品牌设计吗?,customization
Q01068,P0001,en,Can we add our logo on the packaging?,customization
Q01069,P0047,en,Any chance of a 10% discount for first-time buyers?,price
Q01070,P0395,zh,春节前能到货吗?,delivery
Q01071,P0373,en,What's the warranty period?,feature
Q01072,P0140,en,Is air freight available for urgent orders?,delivery
Q01073,P0405,en,"Your competitor offers $X less, can you match it?",price
Q01074,P0069,zh,电池容量多少毫安?,feature
Q01075,P0097,zh,材料是否不含BPA?,feature
Q01076,P0219,en,What is the battery capacity?,feature
Q01077,P0049,zh,500件的话价格能再优惠吗?,price
Q01078,P0477,en,"Your competitor offers $X less, can you match it?",price
Q01079,P0161,en,The price seems high compared to similar products.,price
Q01080,P0459,zh,包装盒能换成我们的品牌设计吗?,customization
Q01081,P0278,en,Any chance of a 10% discount for first-time buyers?,price
Q01082,P0439,zh,这个月有促销价吗?,price
Q01083,P0276,zh,1000件的生产周期多久?,delivery
Q01084,P0018,en,Do you have any promotional pricing this month?,price
Q01085,P0154,en,Does it come with a CE certification?,feature
Q01086,P0039,en,Does this product support waterproof IPX7?,feature
Q01087,P0238,en,Does this product support waterproof IPX7?,feature
Q01088,P0094,en,"Your competitor offers $X less, can you match it?",price
Q01089,P0070,zh,电池容量多少毫安?,feature
Q01090,P0320,zh,支持OEM/ODM吗?,customization
Q01091,P0409,zh,能发一下技术参数表吗?,feature
Q01092,P0161,zh,发到德国需要多久?,delivery
Q01093,P0016,zh,"你们竞争对手报价更低,能否匹配?",price
Q01094,P0095,en,What is the minimum order quantity to get a discount?,price
Q01095,P0210,zh,这个产品支持IPX7防水吗?,feature
Q01096,P0176,en,"Your competitor offers $X less, can you match it?",price
Q01097,P0245,zh,能发一下技术参数表吗?,feature
Q01098,P0378,zh,支持DDP发到美国吗?,delivery
Q01099,P0013,en,How long is the shipping time to Germany?,delivery
Q01100,P0127,en,Can the color be customized?,customization
Q01101,P0023,zh,颜色可以定制吗?,customization
Q01102,P0299,en,"Your competitor offers $X less, can you match it?",price
Q01103,P0468,zh,和同类产品相比价格偏高。,price
Q01104,P0145,zh,支持DDP发到美国吗?,delivery
Q01105,P0050,zh,首次合作能给9折吗?,price
Q01106,P0006,en,Is the price negotiable for 500 units?,price
Q01107,P0400,zh,发到德国需要多久?,delivery
Q01108,P0203,zh,保修期多久?,feature
Q01109,P0111,zh,能发一下技术参数表吗?,feature
Q01110,P0013,en,Can you change the box design to our brand?,customization
Q01111,P0175,en,What is the minimum order quantity to get a discount?,price
Q01112,P0146,zh,急单能走空运吗?,delivery
Q01113,P0410,en,Is air freight available for urgent orders?,delivery
Q01114,P0251,en,Do you have any promotional pricing this month?,price
Q01115,P0294,zh,这个产品支持IPX7防水吗?,feature
Q01116,P0016,en,What's the warranty period?,feature
Q01117,P0164,en,Can you offer a better price for bulk orders?,price
Q01118,P0280,en,What's the lead time for 1000 units?,delivery
Q01119,P0333,zh,能保证12月15号前到货吗?,delivery
Q01120,P0292,en,What is the minimum order quantity to get a discount?,price
Q01121,P0165,en,Does it come with a CE certification?,feature
Q01122,P0067,zh,材料是否不含BPA?,feature
Q01123,P0018,zh,1000件的生产周期多久?,delivery
Q01124,P0253,en,Can the color be customized?,customization
Q01125,P0457,en,What's the lead time for 1000 units?,delivery
Q01126,P0143,zh,发到德国需要多久?,delivery
Q01127,P0278,zh,可以做自有品牌包装吗?,customization
Q01128,P0274,zh,首次合作能给9折吗?,price
Q01129,P0134,en,Can we add our logo on the packaging?,customization
Q01130,P0487,zh,最低起订量多少才能拿到折扣?,price
Q01131,P0463,zh,首次合作能给9折吗?,price
Q01132,P0345,en,Can you offer a better price for bulk orders?,price
Q01133,P0417,en,Can you share the technical spec sheet?,feature
Q01134,P0438,zh,发到德国需要多久?,delivery
Q01135,P0125,zh,材料是否不含BPA?,feature
Q01136,P0329,en,Is air freight available for urgent orders?,delivery
Q01137,P0027,zh,"你们竞争对手报价更低,能否匹配?",price
Q01138,P0310,en,"Your competitor offers $X less, can you match it?",price
Q01139,P0425,en,Does this product support waterproof IPX7?,feature
Q01140,P0329,en,Do you support OEM/ODM service?,customization
Q01141,P0264,en,Do you support DDP shipping to the US?,delivery
Q01142,P0462,zh,这个月有促销价吗?,price
Q01143,P0278,zh,电池容量多少毫安?,feature
Q01144,P0037,en,Can you change the box design to our brand?,customization
Q01145,P0161,en,Is the material BPA-free?,feature
Q01146,P0132,zh,500件的话价格能再优惠吗?,price
Q01147,P0182,en,Any chance of a 10% discount for first-time buyers?,price
Q01148,P0339,en,Can we add our logo on the packaging?,customization
Q01149,P0410,en,What's the warranty period?,feature
Q01150,P0000,zh,能发一下技术参数表吗?,feature
Q01151,P0391,zh,这个月有促销价吗?,price
Q01152,P0010,zh,包装上能加我们的logo吗?,customization
Q01153,P0394,en,Is the material BPA-free?,feature
Q01154,P0375,en,The price seems high compared to similar products.,price
Q01155,P0150,zh,材料是否不含BPA?,feature
Q01156,P0219,zh,和同类产品相比价格偏高。,price
Q01157,P0204,zh,支持DDP发到美国吗?,delivery
Q01158,P0413,en,Does it come with a CE certification?,feature
Q01159,P0282,zh,支持OEM/ODM吗?,customization
Q01160,P0419,zh,发到德国需要多久?,delivery
Q01161,P0374,zh,电池容量多少毫安?,feature
Q01162,P0104,zh,有CE认证吗?,feature
Q01163,P0001,zh,春节前能到货吗?,delivery
Q01164,P0064,zh,颜色可以定制吗?,customization
Q01165,P0379,zh,有CE认证吗?,feature
Q01166,P0207,zh,春节前能到货吗?,delivery
Q01167,P0322,en,Can you share the technical spec sheet?,feature
Q01168,P0248,zh,有CE认证吗?,feature
Q01169,P0139,zh,材料是否不含BPA?,feature
Q01170,P0493,zh,包装上能加我们的logo吗?,customization
Q01171,P0377,zh,"需要定制零售包装,可以做吗?",customization
Q01172,P0271,en,Does this product support waterproof IPX7?,feature
Q01173,P0434,zh,能发一下技术参数表吗?,feature
Q01174,P0252,en,The price seems high compared to similar products.,price
Q01175,P0076,en,Will the order arrive before Chinese New Year?,delivery
Q01176,P0024,en,Is the material BPA-free?,feature
Q01177,P0082,en,Can you offer a better price for bulk orders?,price
Q01178,P0114,zh,能发一下技术参数表吗?,feature
Q01179,P0151,en,What is the battery capacity?,feature
Q01180,P0442,zh,可以做自有品牌包装吗?,customization
Q01181,P0235,en,Do you have any promotional pricing this month?,price
Q01182,P0057,zh,发到德国需要多久?,delivery
Q01183,P0276,zh,可以做自有品牌包装吗?,customization
Q01184,P0146,zh,最低起订量多少才能拿到折扣?,price
Q01185,P0462,en,Can you share the technical spec sheet?,feature
Q01186,P0355,zh,能发一下技术参数表吗?,feature
Q01187,P0092,zh,春节前能到货吗?,delivery
Q01188,P0430,zh,包装盒能换成我们的品牌设计吗?,customization
Q01189,P0153,zh,能保证12月15号前到货吗?,delivery
Q01190,P0153,en,What is the battery capacity?,feature
Q01191,P0193,en,What's the lead time for 1000 units?,delivery
Q01192,P0372,en,Does it come with a CE certification?,feature
Q01193,P0396,zh,这个月有促销价吗?,price
Q01194,P0457,zh,支持DDP发到美国吗?,delivery
Q01195,P0242,en,Does this product support waterproof IPX7?,feature
Q01196,P0401,en,Is the material BPA-free?,feature
Q01197,P0043,zh,"你们竞争对手报价更低,能否匹配?",price
Q01198,P0434,zh,"你们竞争对手报价更低,能否匹配?",price
Q01199,P0219,zh,支持OEM/ODM吗?,customization
Q01200,P0250,en,Can you offer a better price for bulk orders?,price
Q01201,P0002,zh,和同类产品相比价格偏高。,price
Q01202,P0099,en,Do you have any promotional pricing this month?,price
Q01203,P0163,zh,500件的话价格能再优惠吗?,price
Q01204,P0301,zh,保修期多久?,feature
Q01205,P0079,en,Is the material BPA-free?,feature
Q01206,P0310,zh,"你们竞争对手报价更低,能否匹配?",price
Q01207,P0417,en,What is the minimum order quantity to get a discount?,price
Q01208,P0442,zh,有CE认证吗?,feature
Q01209,P0094,zh,这个产品支持IPX7防水吗?,feature
Q01210,P0299,zh,"你们竞争对手报价更低,能否匹配?",price
Q01211,P0030,zh,能保证12月15号前到货吗?,delivery
Q01212,P0402,en,What is the battery capacity?,feature
Q01213,P0015,en,Is air freight available for urgent orders?,delivery
Q01214,P0025,en,Is the material BPA-free?,feature
Q01215,P0194,en,What is the battery capacity?,feature
Q01216,P0148,zh,和同类产品相比价格偏高。,price
Q01217,P0101,en,"Your competitor offers $X less, can you match it?",price
Q01218,P0079,en,"Your competitor offers $X less, can you match it?",price
Q01219,P0028,zh,1000件的生产周期多久?,delivery
Q01220,P0445,zh,"你们竞争对手报价更低,能否匹配?",price
Q01221,P0209,en,What is the battery capacity?,feature
Q01222,P0189,en,Any chance of a 10% discount for first-time buyers?,price
Q01223,P0305,en,What's the warranty period?,feature
Q01224,P0395,en,Any chance of a 10% discount for first-time buyers?,price
Q01225,P0285,en,"We need custom retail packaging, is that possible?",customization
Q01226,P0368,en,Can you offer a better price for bulk orders?,price
Q01227,P0243,en,The price seems high compared to similar products.,price
Q01228,P0174,en,Do you have any promotional pricing this month?,price
Q01229,P0190,zh,颜色可以定制吗?,customization
Q01230,P0046,zh,这个月有促销价吗?,price
Q01231,P0211,zh,春节前能到货吗?,delivery
Q01232,P0012,en,"Your competitor offers $X less, can you match it?",price
Q01233,P0122,zh,发到德国需要多久?,delivery
Q01234,P0030,zh,能发一下技术参数表吗?,feature
Q01235,P0335,en,What is the minimum order quantity to get a discount?,price
Q01236,P0433,zh,急单能走空运吗?,delivery
Q01237,P0377,zh,能发一下技术参数表吗?,feature
Q01238,P0365,zh,颜色可以定制吗?,customization
Q01239,P0237,zh,能发一下技术参数表吗?,feature
Q01240,P0425,zh,有CE认证吗?,feature
Q01241,P0399,zh,急单能走空运吗?,delivery
Q01242,P0354,en,Is private label packaging available?,customization
Q01243,P0453,zh,电池容量多少毫安?,feature
Q01244,P0083,zh,保修期多久?,feature
Q01245,P0362,en,Can the color be customized?,customization
Q01246,P0105,en,Can you share the technical spec sheet?,feature
Q01247,P0255,zh,和同类产品相比价格偏高。,price
Q01248,P0125,zh,最低起订量多少才能拿到折扣?,price
Q01249,P0100,en,Is private label packaging available?,customization
Q01250,P0225,zh,和同类产品相比价格偏高。,price
Q01251,P0171,en,Is the material BPA-free?,feature
Q01252,P0463,en,Can you offer a better price for bulk orders?,price
Q01253,P0163,zh,"你们竞争对手报价更低,能否匹配?",price
Q01254,P0029,en,The price seems high compared to similar products.,price
Q01255,P0168,zh,电池容量多少毫安?,feature
Q01256,P0469,zh,能发一下技术参数表吗?,feature
Q01257,P0408,zh,可以做自有品牌包装吗?,customization
Q01258,P0352,en,Is the material BPA-free?,feature
Q01259,P0480,zh,大批量采购可以给个更好的价格吗?,price
Q01260,P0466,zh,最低起订量多少才能拿到折扣?,price
Q01261,P0463,zh,这个月有促销价吗?,price
Q01262,P0174,en,"We need custom retail packaging, is that possible?",customization
Q01263,P0162,en,Does it come with a CE certification?,feature
Q01264,P0281,en,Can you offer a better price for bulk orders?,price
Q01265,P0389,zh,材料是否不含BPA?,feature
Q01266,P0007,en,How long is the shipping time to Germany?,delivery
Q01267,P0089,en,"Your competitor offers $X less, can you match it?",price
Q01268,P0333,en,"Your competitor offers $X less, can you match it?",price
Q01269,P0399,zh,电池容量多少毫安?,feature
Q01270,P0282,en,What's the warranty period?,feature
Q01271,P0195,en,Is the price negotiable for 500 units?,price
Q01272,P0342,en,How long is the shipping time to Germany?,delivery
Q01273,P0313,zh,材料是否不含BPA?,feature
Q01274,P0361,en,What's the lead time for 1000 units?,delivery
Q01275,P0163,en,How long is the shipping time to Germany?,delivery
Q01276,P0237,zh,可以做自有品牌包装吗?,customization
Q01277,P0235,en,Can you share the technical spec sheet?,feature
Q01278,P0342,en,Do you have any promotional pricing this month?,price
Q01279,P0141,zh,"你们竞争对手报价更低,能否匹配?",price
Q01280,P0326,zh,能发一下技术参数表吗?,feature
Q01281,P0254,zh,保修期多久?,feature
Q01282,P0118,zh,能发一下技术参数表吗?,feature
Q01283,P0138,en,"Your competitor offers $X less, can you match it?",price
Q01284,P0301,en,Do you support DDP shipping to the US?,delivery
Q01285,P0218,zh,最低起订量多少才能拿到折扣?,price
Q01286,P0234,en,Does this product support waterproof IPX7?,feature
Q01287,P0171,zh,大批量采购可以给个更好的价格吗?,price
Q01288,P0281,en,Do you support OEM/ODM service?,customization
Q01289,P0233,zh,这个月有促销价吗?,price
Q01290,P0055,en,How long is the shipping time to Germany?,delivery
Q01291,P0206,zh,这个月有促销价吗?,price
Q01292,P0009,zh,最低起订量多少才能拿到折扣?,price
Q01293,P0457,zh,1000件的生产周期多久?,delivery
Q01294,P0487,en,What is the battery capacity?,feature
Q01295,P0424,zh,大批量采购可以给个更好的价格吗?,price
Q01296,P0071,en,Is private label packaging available?,customization
Q01297,P0261,zh,有CE认证吗?,feature
Q01298,P0155,zh,包装盒能换成我们的品牌设计吗?,customization
Q01299,P0096,en,What's the lead time for 1000 units?,delivery
Q01300,P0352,zh,和同类产品相比价格偏高。,price
Q01301,P0334,en,What's the lead time for 1000 units?,delivery
Q01302,P0273,zh,能发一下技术参数表吗?,feature
Q01303,P0237,zh,这个产品支持IPX7防水吗?,feature
Q01304,P0197,en,Is private label packaging available?,customization
Q01305,P0272,zh,首次合作能给9折吗?,price
Q01306,P0108,en,Is the material BPA-free?,feature
Q01307,P0461,en,Do you support OEM/ODM service?,customization
Q01308,P0268,zh,最低起订量多少才能拿到折扣?,price
Q01309,P0454,en,Does this product support waterproof IPX7?,feature
Q01310,P0255,zh,能保证12月15号前到货吗?,delivery
Q01311,P0131,en,Can you offer a better price for bulk orders?,price
Q01312,P0248,zh,500件的话价格能再优惠吗?,price
Q01313,P0092,en,Any chance of a 10% discount for first-time buyers?,price
Q01314,P0088,zh,和同类产品相比价格偏高。,price
Q01315,P0045,en,Can you change the box design to our brand?,customization
Q01316,P0212,en,Can we add our logo on the packaging?,customization
Q01317,P0357,zh,包装盒能换成我们的品牌设计吗?,customization
Q01318,P0494,zh,最低起订量多少才能拿到折扣?,price
Q01319,P0197,en,Can we add our logo on the packaging?,customization
Q01320,P0347,en,Can you offer a better price for bulk orders?,price
Q01321,P0045,en,Is the price negotiable for 500 units?,price
Q01322,P0216,en,Can you guarantee delivery before December 15?,delivery
Q01323,P0072,zh,这个月有促销价吗?,price
Q01324,P0038,en,What's the lead time for 1000 units?,delivery
Q01325,P0069,en,Do you have any promotional pricing this month?,price
Q01326,P0043,zh,支持DDP发到美国吗?,delivery
Q01327,P0117,zh,能保证12月15号前到货吗?,delivery
Q01328,P0110,en,Do you support DDP shipping to the US?,delivery
Q01329,P0498,zh,支持DDP发到美国吗?,delivery
Q01330,P0040,en,Can you change the box design to our brand?,customization
Q01331,P0007,en,What is the minimum order quantity to get a discount?,price
Q01332,P0169,en,The price seems high compared to similar products.,price
Q01333,P0178,zh,最低起订量多少才能拿到折扣?,price
Q01334,P0269,en,Do you support OEM/ODM service?,customization
Q01335,P0076,en,The price seems high compared to similar products.,price
Q01336,P0131,zh,500件的话价格能再优惠吗?,price
Q01337,P0021,zh,"你们竞争对手报价更低,能否匹配?",price
Q01338,P0125,zh,能发一下技术参数表吗?,feature
Q01339,P0360,en,Can you guarantee delivery before December 15?,delivery
Q01340,P0157,en,Is the price negotiable for 500 units?,price
Q01341,P0473,zh,支持OEM/ODM吗?,customization
Q01342,P0240,zh,能发一下技术参数表吗?,feature
Q01343,P0177,zh,支持OEM/ODM吗?,customization
Q01344,P0062,zh,有CE认证吗?,feature
Q01345,P0423,en,Is air freight available for urgent orders?,delivery
Q01346,P0221,zh,春节前能到货吗?,delivery
Q01347,P0462,en,Does it come with a CE certification?,feature
Q01348,P0120,en,What's the lead time for 1000 units?,delivery
Q01349,P0358,en,Can you offer a better price for bulk orders?,price
Q01350,P0273,zh,支持OEM/ODM吗?,customization
Q01351,P0424,zh,能保证12月15号前到货吗?,delivery
Q01352,P0197,zh,大批量采购可以给个更好的价格吗?,price
Q01353,P0351,zh,有CE认证吗?,feature
Q01354,P0059,zh,最低起订量多少才能拿到折扣?,price
Q01355,P0347,en,Does it come with a CE certification?,feature
Q01356,P0196,en,Can you change the box design to our brand?,customization
Q01357,P0087,en,What's the warranty period?,feature
Q01358,P0324,en,"Your competitor offers $X less, can you match it?",price
Q01359,P0225,en,What's the warranty period?,feature
Q01360,P0364,en,Can you guarantee delivery before December 15?,delivery
Q01361,P0461,zh,首次合作能给9折吗?,price
Q01362,P0036,zh,发到德国需要多久?,delivery
Q01363,P0382,en,The price seems high compared to similar products.,price
Q01364,P0109,en,Does this product support waterproof IPX7?,feature
Q01365,P0310,zh,最低起订量多少才能拿到折扣?,price
Q01366,P0147,zh,材料是否不含BPA?,feature
Q01367,P0152,zh,材料是否不含BPA?,feature
Q01368,P0356,en,"We need custom retail packaging, is that possible?",customization
Q01369,P0259,zh,材料是否不含BPA?,feature
Q01370,P0385,zh,首次合作能给9折吗?,price
Q01371,P0133,zh,能保证12月15号前到货吗?,delivery
Q01372,P0158,zh,保修期多久?,feature
Q01373,P0399,zh,1000件的生产周期多久?,delivery
Q01374,P0498,en,Can the color be customized?,customization
Q01375,P0239,zh,和同类产品相比价格偏高。,price
Q01376,P0365,zh,能发一下技术参数表吗?,feature
Q01377,P0255,en,Does this product support waterproof IPX7?,feature
Q01378,P0251,en,How long is the shipping time to Germany?,delivery
Q01379,P0397,zh,支持OEM/ODM吗?,customization
Q01380,P0016,zh,急单能走空运吗?,delivery
Q01381,P0127,en,Do you support DDP shipping to the US?,delivery
Q01382,P0217,zh,和同类产品相比价格偏高。,price
Q01383,P0268,en,Do you support DDP shipping to the US?,delivery
Q01384,P0290,en,Is air freight available for urgent orders?,delivery
Q01385,P0035,zh,大批量采购可以给个更好的价格吗?,price
Q01386,P0261,en,What's the lead time for 1000 units?,delivery
Q01387,P0198,zh,500件的话价格能再优惠吗?,price
Q01388,P0009,en,Does it come with a CE certification?,feature
Q01389,P0229,zh,1000件的生产周期多久?,delivery
Q01390,P0497,zh,支持OEM/ODM吗?,customization
Q01391,P0277,zh,大批量采购可以给个更好的价格吗?,price
Q01392,P0326,zh,保修期多久?,feature
Q01393,P0063,zh,包装盒能换成我们的品牌设计吗?,customization
Q01394,P0459,en,Is the material BPA-free?,feature
Q01395,P0066,en,What's the warranty period?,feature
Q01396,P0040,en,What is the minimum order quantity to get a discount?,price
Q01397,P0417,zh,能发一下技术参数表吗?,feature
Q01398,P0058,zh,首次合作能给9折吗?,price
Q01399,P0051,en,"We need custom retail packaging, is that possible?",customization
Q01400,P0052,zh,和同类产品相比价格偏高。,price
Q01401,P0375,zh,保修期多久?,feature
Q01402,P0224,en,"Your competitor offers $X less, can you match it?",price
Q01403,P0178,zh,最低起订量多少才能拿到折扣?,price
Q01404,P0283,en,What's the lead time for 1000 units?,delivery
Q01405,P0035,zh,500件的话价格能再优惠吗?,price
Q01406,P0090,zh,颜色可以定制吗?,customization
Q01407,P0076,en,"Your competitor offers $X less, can you match it?",price
Q01408,P0301,zh,这个月有促销价吗?,price
Q01409,P0127,zh,500件的话价格能再优惠吗?,price
Q01410,P0366,en,Can the color be customized?,customization
Q01411,P0085,en,Can you share the technical spec sheet?,feature
Q01412,P0268,zh,支持DDP发到美国吗?,delivery
Q01413,P0414,zh,保修期多久?,feature
Q01414,P0359,zh,1000件的生产周期多久?,delivery
Q01415,P0010,zh,500件的话价格能再优惠吗?,price
Q01416,P0170,zh,最低起订量多少才能拿到折扣?,price
Q01417,P0265,en,"Your competitor offers $X less, can you match it?",price
Q01418,P0015,en,What's the warranty period?,feature
Q01419,P0139,zh,春节前能到货吗?,delivery
Q01420,P0141,zh,颜色可以定制吗?,customization
Q01421,P0255,zh,有CE认证吗?,feature
Q01422,P0396,zh,1000件的生产周期多久?,delivery
Q01423,P0239,zh,材料是否不含BPA?,feature
Q01424,P0105,zh,这个产品支持IPX7防水吗?,feature
Q01425,P0428,en,Any chance of a 10% discount for first-time buyers?,price
Q01426,P0003,zh,首次合作能给9折吗?,price
Q01427,P0064,zh,急单能走空运吗?,delivery
Q01428,P0454,en,"We need custom retail packaging, is that possible?",customization
Q01429,P0302,zh,首次合作能给9折吗?,price
Q01430,P0037,en,What is the minimum order quantity to get a discount?,price
Q01431,P0201,zh,材料是否不含BPA?,feature
Q01432,P0266,zh,春节前能到货吗?,delivery
Q01433,P0356,en,What is the battery capacity?,feature
Q01434,P0006,en,Can you change the box design to our brand?,customization
Q01435,P0172,zh,最低起订量多少才能拿到折扣?,price
Q01436,P0260,zh,包装上能加我们的logo吗?,customization
Q01437,P0409,en,Does it come with a CE certification?,feature
Q01438,P0467,zh,"你们竞争对手报价更低,能否匹配?",price
Q01439,P0198,zh,有CE认证吗?,feature
Q01440,P0309,zh,这个产品支持IPX7防水吗?,feature
Q01441,P0275,en,Any chance of a 10% discount for first-time buyers?,price
Q01442,P0420,zh,500件的话价格能再优惠吗?,price
Q01443,P0469,en,Is private label packaging available?,customization
Q01444,P0420,en,Can you offer a better price for bulk orders?,price
Q01445,P0012,en,Any chance of a 10% discount for first-time buyers?,price
Q01446,P0063,zh,春节前能到货吗?,delivery
Q01447,P0117,zh,大批量采购可以给个更好的价格吗?,price
Q01448,P0383,zh,保修期多久?,feature
Q01449,P0416,zh,颜色可以定制吗?,customization
Q01450,P0327,en,Do you have any promotional pricing this month?,price
Q01451,P0345,zh,最低起订量多少才能拿到折扣?,price
Q01452,P0243,en,Can you change the box design to our brand?,customization
Q01453,P0270,en,Does it come with a CE certification?,feature
Q01454,P0372,zh,保修期多久?,feature
Q01455,P0294,en,The price seems high compared to similar products.,price
Q01456,P0142,en,Can you offer a better price for bulk orders?,price
Q01457,P0082,zh,大批量采购可以给个更好的价格吗?,price
Q01458,P0361,en,Is the material BPA-free?,feature
Q01459,P0013,zh,最低起订量多少才能拿到折扣?,price
Q01460,P0112,en,Can you guarantee delivery before December 15?,delivery
Q01461,P0457,zh,1000件的生产周期多久?,delivery
Q01462,P0360,en,The price seems high compared to similar products.,price
Q01463,P0380,en,Does this product support waterproof IPX7?,feature
Q01464,P0179,zh,发到德国需要多久?,delivery
Q01465,P0378,en,Do you support DDP shipping to the US?,delivery
Q01466,P0399,zh,这个月有促销价吗?,price
Q01467,P0136,en,Can you share the technical spec sheet?,feature
Q01468,P0459,zh,1000件的生产周期多久?,delivery
Q01469,P0081,zh,急单能走空运吗?,delivery
Q01470,P0371,en,Is air freight available for urgent orders?,delivery
Q01471,P0387,en,Any chance of a 10% discount for first-time buyers?,price
Q01472,P0001,en,Can you guarantee delivery before December 15?,delivery
Q01473,P0090,en,What's the lead time for 1000 units?,delivery
Q01474,P0296,en,Is the material BPA-free?,feature
Q01475,P0069,en,What's the lead time for 1000 units?,delivery
Q01476,P0154,en,Any chance of a 10% discount for first-time buyers?,price
Q01477,P0186,zh,包装上能加我们的logo吗?,customization
Q01478,P0414,zh,有CE认证吗?,feature
Q01479,P0150,en,Is the price negotiable for 500 units?,price
Q01480,P0438,en,What is the minimum order quantity to get a discount?,price
Q01481,P0229,en,"We need custom retail packaging, is that possible?",customization
Q01482,P0277,en,Can you guarantee delivery before December 15?,delivery
Q01483,P0486,zh,"你们竞争对手报价更低,能否匹配?",price
Q01484,P0263,zh,电池容量多少毫安?,feature
Q01485,P0292,en,Do you have any promotional pricing this month?,price
Q01486,P0210,zh,和同类产品相比价格偏高。,price
Q01487,P0484,en,Can you guarantee delivery before December 15?,delivery
Q01488,P0082,en,Do you have any promotional pricing this month?,price
Q01489,P0117,zh,保修期多久?,feature
Q01490,P0323,en,Can we add our logo on the packaging?,customization
Q01491,P0327,en,Can you offer a better price for bulk orders?,price
Q01492,P0414,en,What's the lead time for 1000 units?,delivery
Q01493,P0317,en,"We need custom retail packaging, is that possible?",customization
Q01494,P0432,en,Is the material BPA-free?,feature
Q01495,P0056,zh,最低起订量多少才能拿到折扣?,price
Q01496,P0262,zh,首次合作能给9折吗?,price
Q01497,P0053,zh,包装盒能换成我们的品牌设计吗?,customization
Q01498,P0239,en,Any chance of a 10% discount for first-time buyers?,price
Q01499,P0385,zh,发到德国需要多久?,delivery
Q01500,P0309,en,The price seems high compared to similar products.,price
Q01501,P0198,en,Do you support DDP shipping to the US?,delivery
Q01502,P0378,en,Do you support DDP shipping to the US?,delivery
Q01503,P0257,zh,和同类产品相比价格偏高。,price
Q01504,P0057,en,Is private label packaging available?,customization
Q01505,P0149,en,Any chance of a 10% discount for first-time buyers?,price
Q01506,P0042,en,Does it come with a CE certification?,feature
Q01507,P0425,zh,春节前能到货吗?,delivery
Q01508,P0362,zh,这个产品支持IPX7防水吗?,feature
Q01509,P0275,en,What's the warranty period?,feature
Q01510,P0326,en,Can you share the technical spec sheet?,feature
Q01511,P0045,zh,发到德国需要多久?,delivery
Q01512,P0070,zh,有CE认证吗?,feature
Q01513,P0014,en,Can you guarantee delivery before December 15?,delivery
Q01514,P0177,en,Can we add our logo on the packaging?,customization
Q01515,P0126,zh,最低起订量多少才能拿到折扣?,price
Q01516,P0035,en,What is the battery capacity?,feature
Q01517,P0337,en,Is the material BPA-free?,feature
Q01518,P0384,zh,首次合作能给9折吗?,price
Q01519,P0351,en,Is the material BPA-free?,feature
Q01520,P0137,en,Can we add our logo on the packaging?,customization
Q01521,P0330,en,Can you share the technical spec sheet?,feature
Q01522,P0276,en,Can you share the technical spec sheet?,feature
Q01523,P0438,en,Does this product support waterproof IPX7?,feature
Q01524,P0424,en,"Your competitor offers $X less, can you match it?",price
Q01525,P0039,zh,首次合作能给9折吗?,price
Q01526,P0338,en,Is air freight available for urgent orders?,delivery
Q01527,P0490,zh,有CE认证吗?,feature
Q01528,P0252,zh,这个产品支持IPX7防水吗?,feature
Q01529,P0441,zh,支持OEM/ODM吗?,customization
Q01530,P0364,en,Any chance of a 10% discount for first-time buyers?,price
Q01531,P0489,en,Can you offer a better price for bulk orders?,price
Q01532,P0165,en,Will the order arrive before Chinese New Year?,delivery
Q01533,P0461,zh,支持DDP发到美国吗?,delivery
Q01534,P0349,zh,颜色可以定制吗?,customization
Q01535,P0108,zh,首次合作能给9折吗?,price
Q01536,P0432,zh,最低起订量多少才能拿到折扣?,price
Q01537,P0233,zh,和同类产品相比价格偏高。,price
Q01538,P0068,en,Do you have any promotional pricing this month?,price
Q01539,P0256,en,What's the lead time for 1000 units?,delivery
Q01540,P0319,zh,和同类产品相比价格偏高。,price
Q01541,P0311,en,Is private label packaging available?,customization
Q01542,P0097,en,Is the material BPA-free?,feature
Q01543,P0223,en,What is the minimum order quantity to get a discount?,price
Q01544,P0324,en,Do you have any promotional pricing this month?,price
Q01545,P0344,en,Can you offer a better price for bulk orders?,price
Q01546,P0100,en,"Your competitor offers $X less, can you match it?",price
Q01547,P0019,en,"Your competitor offers $X less, can you match it?",price
Q01548,P0459,zh,这个月有促销价吗?,price
Q01549,P0231,en,The price seems high compared to similar products.,price
Q01550,P0063,zh,材料是否不含BPA?,feature
Q01551,P0435,en,The price seems high compared to similar products.,price
Q01552,P0287,en,"We need custom retail packaging, is that possible?",customization
Q01553,P0458,zh,和同类产品相比价格偏高。,price
Q01554,P0289,en,Do you support DDP shipping to the US?,delivery
Q01555,P0170,zh,春节前能到货吗?,delivery
Q01556,P0078,en,Can you change the box design to our brand?,customization
Q01557,P0140,en,The price seems high compared to similar products.,price
Q01558,P0055,en,Does this product support waterproof IPX7?,feature
Q01559,P0437,en,The price seems high compared to similar products.,price
Q01560,P0380,en,Can the color be customized?,customization
Q01561,P0173,zh,电池容量多少毫安?,feature
Q01562,P0428,en,Is the price negotiable for 500 units?,price
Q01563,P0122,en,Does it come with a CE certification?,feature
Q01564,P0199,zh,材料是否不含BPA?,feature
Q01565,P0239,en,What is the battery capacity?,feature
Q01566,P0488,zh,支持DDP发到美国吗?,delivery
Q01567,P0186,en,Will the order arrive before Chinese New Year?,delivery
Q01568,P0043,en,The price seems high compared to similar products.,price
Q01569,P0173,en,How long is the shipping time to Germany?,delivery
Q01570,P0305,en,What is the battery capacity?,feature
Q01571,P0096,zh,包装上能加我们的logo吗?,customization
Q01572,P0253,zh,大批量采购可以给个更好的价格吗?,price
Q01573,P0271,en,What is the minimum order quantity to get a discount?,price
Q01574,P0035,zh,和同类产品相比价格偏高。,price
Q01575,P0129,zh,最低起订量多少才能拿到折扣?,price
Q01576,P0158,en,Does this product support waterproof IPX7?,feature
Q01577,P0118,en,Is private label packaging available?,customization
Q01578,P0340,zh,包装盒能换成我们的品牌设计吗?,customization
Q01579,P0319,en,Is the price negotiable for 500 units?,price
Q01580,P0389,en,"Your competitor offers $X less, can you match it?",price
Q01581,P0018,en,What is the minimum order quantity to get a discount?,price
Q01582,P0434,zh,支持DDP发到美国吗?,delivery
Q01583,P0264,en,What is the minimum order quantity to get a discount?,price
Q01584,P0462,en,Is air freight available for urgent orders?,delivery
Q01585,P0494,en,What's the lead time for 1000 units?,delivery
Q01586,P0250,zh,500件的话价格能再优惠吗?,price
Q01587,P0253,zh,急单能走空运吗?,delivery
Q01588,P0329,en,What's the lead time for 1000 units?,delivery
Q01589,P0354,en,Can you share the technical spec sheet?,feature
Q01590,P0002,en,Can you share the technical spec sheet?,feature
Q01591,P0037,en,Is air freight available for urgent orders?,delivery
Q01592,P0137,en,Is air freight available for urgent orders?,delivery
Q01593,P0498,en,Can you share the technical spec sheet?,feature
Q01594,P0483,zh,颜色可以定制吗?,customization
Q01595,P0374,en,Can you change the box design to our brand?,customization
Q01596,P0245,zh,"你们竞争对手报价更低,能否匹配?",price
Q01597,P0477,en,Any chance of a 10% discount for first-time buyers?,price
Q01598,P0093,en,Any chance of a 10% discount for first-time buyers?,price
Q01599,P0379,zh,1000件的生产周期多久?,delivery
Q01600,P0023,en,Do you support DDP shipping to the US?,delivery
Q01601,P0364,zh,春节前能到货吗?,delivery
Q01602,P0218,zh,支持DDP发到美国吗?,delivery
Q01603,P0340,zh,电池容量多少毫安?,feature
Q01604,P0214,zh,1000件的生产周期多久?,delivery
Q01605,P0250,en,The price seems high compared to similar products.,price
Q01606,P0357,zh,支持DDP发到美国吗?,delivery
Q01607,P0352,zh,500件的话价格能再优惠吗?,price
Q01608,P0089,en,Will the order arrive before Chinese New Year?,delivery
Q01609,P0454,zh,急单能走空运吗?,delivery
Q01610,P0341,en,Does this product support waterproof IPX7?,feature
Q01611,P0413,en,Does it come with a CE certification?,feature
Q01612,P0061,en,The price seems high compared to similar products.,price
Q01613,P0212,zh,"你们竞争对手报价更低,能否匹配?",price
Q01614,P0197,en,What is the minimum order quantity to get a discount?,price
Q01615,P0327,en,Can you offer a better price for bulk orders?,price
Q01616,P0100,zh,大批量采购可以给个更好的价格吗?,price
Q01617,P0062,zh,电池容量多少毫安?,feature
Q01618,P0231,zh,"你们竞争对手报价更低,能否匹配?",price
Q01619,P0139,en,Can you share the technical spec sheet?,feature
Q01620,P0135,zh,能保证12月15号前到货吗?,delivery
Q01621,P0057,zh,保修期多久?,feature
Q01622,P0221,en,What is the minimum order quantity to get a discount?,price
Q01623,P0122,en,Can you share the technical spec sheet?,feature
Q01624,P0259,zh,有CE认证吗?,feature
Q01625,P0340,en,Can you share the technical spec sheet?,feature
Q01626,P0074,en,What's the lead time for 1000 units?,delivery
Q01627,P0170,zh,材料是否不含BPA?,feature
Q01628,P0054,zh,包装盒能换成我们的品牌设计吗?,customization
Q01629,P0499,en,Can you share the technical spec sheet?,feature
Q01630,P0221,en,"Your competitor offers $X less, can you match it?",price
Q01631,P0240,zh,最低起订量多少才能拿到折扣?,price
Q01632,P0444,zh,这个月有促销价吗?,price
Q01633,P0144,en,Can you share the technical spec sheet?,feature
Q01634,P0355,zh,大批量采购可以给个更好的价格吗?,price
Q01635,P0060,zh,能发一下技术参数表吗?,feature
Q01636,P0060,en,Does it come with a CE certification?,feature
Q01637,P0470,en,Will the order arrive before Chinese New Year?,delivery
Q01638,P0374,zh,500件的话价格能再优惠吗?,price
Q01639,P0203,zh,这个产品支持IPX7防水吗?,feature
Q01640,P0137,en,Is air freight available for urgent orders?,delivery
Q01641,P0170,en,Do you support OEM/ODM service?,customization
Q01642,P0358,en,Is the price negotiable for 500 units?,price
Q01643,P0314,zh,首次合作能给9折吗?,price
Q01644,P0315,en,Is the material BPA-free?,feature
Q01645,P0362,en,Any chance of a 10% discount for first-time buyers?,price
Q01646,P0429,en,Is the material BPA-free?,feature
Q01647,P0491,zh,这个月有促销价吗?,price
Q01648,P0297,zh,发到德国需要多久?,delivery
Q01649,P0345,zh,能发一下技术参数表吗?,feature
Q01650,P0118,zh,这个月有促销价吗?,price
Q01651,P0118,en,"We need custom retail packaging, is that possible?",customization
Q01652,P0180,en,Can we add our logo on the packaging?,customization
Q01653,P0079,en,Does it come with a CE certification?,feature
Q01654,P0117,en,Can you guarantee delivery before December 15?,delivery
Q01655,P0159,en,Can you offer a better price for bulk orders?,price
Q01656,P0313,zh,这个月有促销价吗?,price
Q01657,P0436,en,Do you have any promotional pricing this month?,price
Q01658,P0232,en,Does this product support waterproof IPX7?,feature
Q01659,P0457,zh,500件的话价格能再优惠吗?,price
Q01660,P0155,en,Is private label packaging available?,customization
Q01661,P0166,en,What is the minimum order quantity to get a discount?,price
Q01662,P0459,en,What is the battery capacity?,feature
Q01663,P0427,en,Is the price negotiable for 500 units?,price
Q01664,P0297,en,Can you share the technical spec sheet?,feature
Q01665,P0235,en,Any chance of a 10% discount for first-time buyers?,price
Q01666,P0109,zh,支持DDP发到美国吗?,delivery
Q01667,P0083,zh,能发一下技术参数表吗?,feature
Q01668,P0387,en,Do you have any promotional pricing this month?,price
Q01669,P0201,zh,有CE认证吗?,feature
Q01670,P0102,zh,大批量采购可以给个更好的价格吗?,price
Q01671,P0145,en,Does this product support waterproof IPX7?,feature
Q01672,P0300,en,Do you support DDP shipping to the US?,delivery
Q01673,P0419,zh,支持DDP发到美国吗?,delivery
Q01674,P0317,zh,支持OEM/ODM吗?,customization
Q01675,P0161,en,Is the material BPA-free?,feature
Q01676,P0003,en,Does this product support waterproof IPX7?,feature
Q01677,P0262,en,Can you change the box design to our brand?,customization
Q01678,P0447,en,Is the material BPA-free?,feature
Q01679,P0381,zh,首次合作能给9折吗?,price
Q01680,P0158,en,What is the minimum order quantity to get a discount?,price
Q01681,P0499,en,How long is the shipping time to Germany?,delivery
Q01682,P0079,zh,首次合作能给9折吗?,price
Q01683,P0210,en,"We need custom retail packaging, is that possible?",customization
Q01684,P0408,en,Can you share the technical spec sheet?,feature
Q01685,P0274,zh,这个月有促销价吗?,price
Q01686,P0084,en,Can you share the technical spec sheet?,feature
Q01687,P0072,en,"Your competitor offers $X less, can you match it?",price
Q01688,P0311,zh,"需要定制零售包装,可以做吗?",customization
Q01689,P0251,en,Can you guarantee delivery before December 15?,delivery
Q01690,P0226,en,What is the minimum order quantity to get a discount?,price
Q01691,P0111,zh,1000件的生产周期多久?,delivery
Q01692,P0174,en,How long is the shipping time to Germany?,delivery
Q01693,P0290,en,Is the material BPA-free?,feature
Q01694,P0466,en,Will the order arrive before Chinese New Year?,delivery
Q01695,P0208,zh,春节前能到货吗?,delivery
Q01696,P0206,en,Can you change the box design to our brand?,customization
Q01697,P0182,en,Is the material BPA-free?,feature
Q01698,P0344,zh,包装上能加我们的logo吗?,customization
Q01699,P0430,zh,保修期多久?,feature
Q01700,P0011,en,Does it come with a CE certification?,feature
Q01701,P0225,zh,电池容量多少毫安?,feature
Q01702,P0254,en,Do you have any promotional pricing this month?,price
Q01703,P0306,en,Is the material BPA-free?,feature
Q01704,P0058,zh,这个产品支持IPX7防水吗?,feature
Q01705,P0383,zh,包装盒能换成我们的品牌设计吗?,customization
Q01706,P0311,zh,这个月有促销价吗?,price
Q01707,P0277,en,What is the minimum order quantity to get a discount?,price
Q01708,P0219,en,Can you share the technical spec sheet?,feature
Q01709,P0488,zh,"你们竞争对手报价更低,能否匹配?",price
Q01710,P0109,en,Do you have any promotional pricing this month?,price
Q01711,P0250,zh,春节前能到货吗?,delivery
Q01712,P0113,en,The price seems high compared to similar products.,price
Q01713,P0281,zh,这个产品支持IPX7防水吗?,feature
Q01714,P0165,zh,最低起订量多少才能拿到折扣?,price
Q01715,P0241,zh,有CE认证吗?,feature
Q01716,P0329,en,Can we add our logo on the packaging?,customization
Q01717,P0108,en,Do you have any promotional pricing this month?,price
Q01718,P0162,en,Is the price negotiable for 500 units?,price
Q01719,P0150,en,Does this product support waterproof IPX7?,feature
Q01720,P0062,zh,可以做自有品牌包装吗?,customization
Q01721,P0366,zh,能保证12月15号前到货吗?,delivery
Q01722,P0062,zh,能保证12月15号前到货吗?,delivery
Q01723,P0312,zh,和同类产品相比价格偏高。,price
Q01724,P0087,en,Does it come with a CE certification?,feature
Q01725,P0002,en,Do you have any promotional pricing this month?,price
Q01726,P0328,zh,支持DDP发到美国吗?,delivery
Q01727,P0336,en,Can you guarantee delivery before December 15?,delivery
Q01728,P0011,zh,500件的话价格能再优惠吗?,price
Q01729,P0286,zh,能保证12月15号前到货吗?,delivery
Q01730,P0061,zh,有CE认证吗?,feature
Q01731,P0487,zh,这个产品支持IPX7防水吗?,feature
Q01732,P0376,en,Is air freight available for urgent orders?,delivery
Q01733,P0086,en,Is air freight available for urgent orders?,delivery
Q01734,P0085,en,Is the price negotiable for 500 units?,price
Q01735,P0464,en,Is the price negotiable for 500 units?,price
Q01736,P0225,en,Any chance of a 10% discount for first-time buyers?,price
Q01737,P0455,zh,和同类产品相比价格偏高。,price
Q01738,P0187,en,Can you guarantee delivery before December 15?,delivery
Q01739,P0061,en,Can you offer a better price for bulk orders?,price
Q01740,P0049,zh,首次合作能给9折吗?,price
Q01741,P0221,en,The price seems high compared to similar products.,price
Q01742,P0096,en,Is the price negotiable for 500 units?,price
Q01743,P0457,zh,大批量采购可以给个更好的价格吗?,price
Q01744,P0356,en,Is air freight available for urgent orders?,delivery
Q01745,P0053,en,Is the material BPA-free?,feature
Q01746,P0069,zh,能保证12月15号前到货吗?,delivery
Q01747,P0130,en,Any chance of a 10% discount for first-time buyers?,price
Q01748,P0254,zh,发到德国需要多久?,delivery
Q01749,P0410,en,Do you have any promotional pricing this month?,price
Q01750,P0129,en,Do you support DDP shipping to the US?,delivery
Q01751,P0437,zh,能发一下技术参数表吗?,feature
Q01752,P0213,en,Does it come with a CE certification?,feature
Q01753,P0292,zh,500件的话价格能再优惠吗?,price
Q01754,P0184,zh,和同类产品相比价格偏高。,price
Q01755,P0434,en,Any chance of a 10% discount for first-time buyers?,price
Q01756,P0478,en,Can the color be customized?,customization
Q01757,P0429,zh,"需要定制零售包装,可以做吗?",customization
Q01758,P0288,zh,春节前能到货吗?,delivery
Q01759,P0365,en,Can you share the technical spec sheet?,feature
Q01760,P0493,en,"We need custom retail packaging, is that possible?",customization
Q01761,P0056,en,Is air freight available for urgent orders?,delivery
Q01762,P0153,zh,保修期多久?,feature
Q01763,P0224,en,Can you share the technical spec sheet?,feature
Q01764,P0381,zh,"需要定制零售包装,可以做吗?",customization
Q01765,P0120,zh,能发一下技术参数表吗?,feature
Q01766,P0277,en,The price seems high compared to similar products.,price
Q01767,P0167,zh,能发一下技术参数表吗?,feature
Q01768,P0499,zh,大批量采购可以给个更好的价格吗?,price
Q01769,P0140,en,Any chance of a 10% discount for first-time buyers?,price
Q01770,P0173,en,Will the order arrive before Chinese New Year?,delivery
Q01771,P0198,en,Does this product support waterproof IPX7?,feature
Q01772,P0203,zh,大批量采购可以给个更好的价格吗?,price
Q01773,P0317,en,The price seems high compared to similar products.,price
Q01774,P0072,en,Can the color be customized?,customization
Q01775,P0460,zh,最低起订量多少才能拿到折扣?,price
Q01776,P0382,en,What's the lead time for 1000 units?,delivery
Q01777,P0080,en,Is the material BPA-free?,feature
Q01778,P0347,zh,能保证12月15号前到货吗?,delivery
Q01779,P0138,zh,电池容量多少毫安?,feature
Q01780,P0434,en,Do you have any promotional pricing this month?,price
Q01781,P0034,en,Is the material BPA-free?,feature
Q01782,P0333,zh,这个产品支持IPX7防水吗?,feature
Q01783,P0376,zh,500件的话价格能再优惠吗?,price
Q01784,P0452,zh,有CE认证吗?,feature
Q01785,P0208,zh,支持OEM/ODM吗?,customization
Q01786,P0322,zh,支持DDP发到美国吗?,delivery
Q01787,P0450,en,The price seems high compared to similar products.,price
Q01788,P0213,zh,支持OEM/ODM吗?,customization
Q01789,P0157,zh,这个产品支持IPX7防水吗?,feature
Q01790,P0015,zh,和同类产品相比价格偏高。,price
Q01791,P0340,zh,能发一下技术参数表吗?,feature
Q01792,P0108,zh,最低起订量多少才能拿到折扣?,price
Q01793,P0348,en,Does it come with a CE certification?,feature
Q01794,P0118,en,What is the battery capacity?,feature
Q01795,P0095,en,What is the battery capacity?,feature
Q01796,P0280,zh,能保证12月15号前到货吗?,delivery
Q01797,P0231,zh,发到德国需要多久?,delivery
Q01798,P0156,en,Can you guarantee delivery before December 15?,delivery
Q01799,P0020,zh,大批量采购可以给个更好的价格吗?,price
Q01800,P0192,en,Can you share the technical spec sheet?,feature
Q01801,P0364,zh,500件的话价格能再优惠吗?,price
Q01802,P0113,en,Is air freight available for urgent orders?,delivery
Q01803,P0387,en,Does this product support waterproof IPX7?,feature
Q01804,P0363,en,Do you have any promotional pricing this month?,price
Q01805,P0479,en,How long is the shipping time to Germany?,delivery
Q01806,P0192,en,Any chance of a 10% discount for first-time buyers?,price
Q01807,P0003,zh,发到德国需要多久?,delivery
Q01808,P0475,zh,"需要定制零售包装,可以做吗?",customization
Q01809,P0300,zh,这个产品支持IPX7防水吗?,feature
Q01810,P0329,en,Is air freight available for urgent orders?,delivery
Q01811,P0045,zh,能保证12月15号前到货吗?,delivery
Q01812,P0471,en,Does this product support waterproof IPX7?,feature
Q01813,P0405,en,Is the price negotiable for 500 units?,price
Q01814,P0480,zh,电池容量多少毫安?,feature
Q01815,P0176,zh,500件的话价格能再优惠吗?,price
Q01816,P0002,en,How long is the shipping time to Germany?,delivery
Q01817,P0087,zh,保修期多久?,feature
Q01818,P0089,zh,支持OEM/ODM吗?,customization
Q01819,P0031,en,Does this product support waterproof IPX7?,feature
Q01820,P0053,en,Does this product support waterproof IPX7?,feature
Q01821,P0404,en,What is the battery capacity?,feature
Q01822,P0259,en,What's the warranty period?,feature
Q01823,P0031,zh,这个月有促销价吗?,price
Q01824,P0341,en,"We need custom retail packaging, is that possible?",customization
Q01825,P0225,en,Can you offer a better price for bulk orders?,price
Q01826,P0012,zh,有CE认证吗?,feature
Q01827,P0183,en,Any chance of a 10% discount for first-time buyers?,price
Q01828,P0440,zh,包装盒能换成我们的品牌设计吗?,customization
Q01829,P0372,en,Do you have any promotional pricing this month?,price
Q01830,P0118,zh,首次合作能给9折吗?,price
Q01831,P0125,zh,500件的话价格能再优惠吗?,price
Q01832,P0011,en,Do you support OEM/ODM service?,customization
Q01833,P0253,en,Do you have any promotional pricing this month?,price
Q01834,P0437,zh,500件的话价格能再优惠吗?,price
Q01835,P0200,en,Do you support DDP shipping to the US?,delivery
Q01836,P0050,zh,材料是否不含BPA?,feature
Q01837,P0163,en,Is air freight available for urgent orders?,delivery
Q01838,P0088,zh,这个月有促销价吗?,price
Q01839,P0285,en,Do you have any promotional pricing this month?,price
Q01840,P0214,en,Can you guarantee delivery before December 15?,delivery
Q01841,P0457,en,What's the warranty period?,feature
Q01842,P0477,en,Can you offer a better price for bulk orders?,price
Q01843,P0420,en,Is the material BPA-free?,feature
Q01844,P0419,en,Do you support DDP shipping to the US?,delivery
Q01845,P0303,en,What is the battery capacity?,feature
Q01846,P0480,en,How long is the shipping time to Germany?,delivery
Q01847,P0299,zh,支持DDP发到美国吗?,delivery
Q01848,P0485,en,Does this product support waterproof IPX7?,feature
Q01849,P0227,zh,这个产品支持IPX7防水吗?,feature
Q01850,P0175,en,Is the price negotiable for 500 units?,price
Q01851,P0439,zh,最低起订量多少才能拿到折扣?,price
Q01852,P0335,en,Is the price negotiable for 500 units?,price
Q01853,P0181,zh,最低起订量多少才能拿到折扣?,price
Q01854,P0466,en,Any chance of a 10% discount for first-time buyers?,price
Q01855,P0078,zh,首次合作能给9折吗?,price
Q01856,P0074,zh,大批量采购可以给个更好的价格吗?,price
Q01857,P0431,zh,500件的话价格能再优惠吗?,price
Q01858,P0491,en,Can you offer a better price for bulk orders?,price
Q01859,P0376,zh,有CE认证吗?,feature
Q01860,P0162,en,Can you share the technical spec sheet?,feature
Q01861,P0475,zh,材料是否不含BPA?,feature
Q01862,P0244,en,Can you share the technical spec sheet?,feature
Q01863,P0395,en,Can you share the technical spec sheet?,feature
Q01864,P0284,en,What's the warranty period?,feature
Q01865,P0206,zh,这个产品支持IPX7防水吗?,feature
Q01866,P0265,en,What's the warranty period?,feature
Q01867,P0455,zh,"你们竞争对手报价更低,能否匹配?",price
Q01868,P0028,zh,发到德国需要多久?,delivery
Q01869,P0354,en,What is the battery capacity?,feature
Q01870,P0143,zh,和同类产品相比价格偏高。,price
Q01871,P0113,zh,保修期多久?,feature
Q01872,P0302,zh,春节前能到货吗?,delivery
Q01873,P0155,en,What is the minimum order quantity to get a discount?,price
Q01874,P0005,zh,保修期多久?,feature
Q01875,P0384,zh,能发一下技术参数表吗?,feature
Q01876,P0210,en,What is the minimum order quantity to get a discount?,price
Q01877,P0035,en,What is the minimum order quantity to get a discount?,price
Q01878,P0131,zh,"你们竞争对手报价更低,能否匹配?",price
Q01879,P0281,en,What is the battery capacity?,feature
Q01880,P0391,zh,1000件的生产周期多久?,delivery
Q01881,P0113,zh,急单能走空运吗?,delivery
Q01882,P0217,en,What's the warranty period?,feature
Q01883,P0222,zh,大批量采购可以给个更好的价格吗?,price
Q01884,P0144,en,Is the material BPA-free?,feature
Q01885,P0399,zh,和同类产品相比价格偏高。,price
Q01886,P0209,zh,和同类产品相比价格偏高。,price
Q01887,P0065,zh,大批量采购可以给个更好的价格吗?,price
Q01888,P0128,zh,首次合作能给9折吗?,price
Q01889,P0416,zh,包装盒能换成我们的品牌设计吗?,customization
Q01890,P0180,zh,有CE认证吗?,feature
Q01891,P0451,zh,1000件的生产周期多久?,delivery
Q01892,P0377,zh,500件的话价格能再优惠吗?,price
Q01893,P0186,zh,1000件的生产周期多久?,delivery
Q01894,P0210,zh,和同类产品相比价格偏高。,price
Q01895,P0097,en,Do you have any promotional pricing this month?,price
Q01896,P0272,zh,电池容量多少毫安?,feature
Q01897,P0427,zh,"你们竞争对手报价更低,能否匹配?",price
Q01898,P0061,en,What is the battery capacity?,feature
Q01899,P0026,zh,可以做自有品牌包装吗?,customization
Q01900,P0031,en,What's the warranty period?,feature
Q01901,P0207,zh,这个产品支持IPX7防水吗?,feature
Q01902,P0028,zh,包装盒能换成我们的品牌设计吗?,customization
Q01903,P0275,zh,保修期多久?,feature
Q01904,P0052,zh,可以做自有品牌包装吗?,customization
Q01905,P0498,zh,最低起订量多少才能拿到折扣?,price
Q01906,P0381,en,The price seems high compared to similar products.,price
Q01907,P0444,en,Do you have any promotional pricing this month?,price
Q01908,P0325,zh,有CE认证吗?,feature
Q01909,P0149,zh,500件的话价格能再优惠吗?,price
Q01910,P0340,zh,大批量采购可以给个更好的价格吗?,price
Q01911,P0476,en,Can the color be customized?,customization
Q01912,P0457,zh,这个产品支持IPX7防水吗?,feature
Q01913,P0320,zh,发到德国需要多久?,delivery
Q01914,P0340,zh,材料是否不含BPA?,feature
Q01915,P0476,en,Any chance of a 10% discount for first-time buyers?,price
Q01916,P0018,zh,支持OEM/ODM吗?,customization
Q01917,P0376,zh,能保证12月15号前到货吗?,delivery
Q01918,P0071,zh,最低起订量多少才能拿到折扣?,price
Q01919,P0026,en,How long is the shipping time to Germany?,delivery
Q01920,P0372,zh,500件的话价格能再优惠吗?,price
Q01921,P0206,en,Can you change the box design to our brand?,customization
Q01922,P0175,zh,1000件的生产周期多久?,delivery
Q01923,P0437,zh,这个产品支持IPX7防水吗?,feature
Q01924,P0111,zh,500件的话价格能再优惠吗?,price
Q01925,P0274,zh,这个月有促销价吗?,price
Q01926,P0497,en,Is the material BPA-free?,feature
Q01927,P0433,en,Can we add our logo on the packaging?,customization
Q01928,P0439,zh,和同类产品相比价格偏高。,price
Q01929,P0231,zh,保修期多久?,feature
Q01930,P0066,zh,材料是否不含BPA?,feature
Q01931,P0312,zh,大批量采购可以给个更好的价格吗?,price
Q01932,P0329,zh,1000件的生产周期多久?,delivery
Q01933,P0302,en,Is air freight available for urgent orders?,delivery
Q01934,P0254,zh,能发一下技术参数表吗?,feature
Q01935,P0415,zh,有CE认证吗?,feature
Q01936,P0256,zh,和同类产品相比价格偏高。,price
Q01937,P0358,zh,"你们竞争对手报价更低,能否匹配?",price
Q01938,P0150,zh,能保证12月15号前到货吗?,delivery
Q01939,P0205,en,Is the price negotiable for 500 units?,price
Q01940,P0360,zh,材料是否不含BPA?,feature
Q01941,P0079,en,"Your competitor offers $X less, can you match it?",price
Q01942,P0262,en,Is the material BPA-free?,feature
Q01943,P0149,zh,保修期多久?,feature
Q01944,P0274,zh,这个月有促销价吗?,price
Q01945,P0256,zh,首次合作能给9折吗?,price
Q01946,P0188,en,Can you guarantee delivery before December 15?,delivery
Q01947,P0283,en,Do you have any promotional pricing this month?,price
Q01948,P0470,zh,急单能走空运吗?,delivery
Q01949,P0392,en,Any chance of a 10% discount for first-time buyers?,price
Q01950,P0011,zh,包装上能加我们的logo吗?,customization
Q01951,P0410,en,Do you have any promotional pricing this month?,price
Q01952,P0277,zh,材料是否不含BPA?,feature
Q01953,P0015,zh,"你们竞争对手报价更低,能否匹配?",price
Q01954,P0336,zh,保修期多久?,feature
Q01955,P0357,zh,"你们竞争对手报价更低,能否匹配?",price
Q01956,P0318,en,Do you have any promotional pricing this month?,price
Q01957,P0077,en,"Your competitor offers $X less, can you match it?",price
Q01958,P0303,en,"Your competitor offers $X less, can you match it?",price
Q01959,P0140,zh,首次合作能给9折吗?,price
Q01960,P0392,en,"Your competitor offers $X less, can you match it?",price
Q01961,P0021,en,Can the color be customized?,customization
Q01962,P0421,en,The price seems high compared to similar products.,price
Q01963,P0294,zh,和同类产品相比价格偏高。,price
Q01964,P0013,zh,1000件的生产周期多久?,delivery
Q01965,P0420,en,Does this product support waterproof IPX7?,feature
Q01966,P0416,en,Can you guarantee delivery before December 15?,delivery
Q01967,P0398,en,The price seems high compared to similar products.,price
Q01968,P0317,zh,1000件的生产周期多久?,delivery
Q01969,P0066,en,Does it come with a CE certification?,feature
Q01970,P0264,en,Is private label packaging available?,customization
Q01971,P0297,en,"Your competitor offers $X less, can you match it?",price
Q01972,P0434,zh,有CE认证吗?,feature
Q01973,P0004,en,Do you have any promotional pricing this month?,price
Q01974,P0280,en,What is the battery capacity?,feature
Q01975,P0408,zh,和同类产品相比价格偏高。,price
Q01976,P0496,en,Can we add our logo on the packaging?,customization
Q01977,P0124,en,Do you have any promotional pricing this month?,price
Q01978,P0119,zh,大批量采购可以给个更好的价格吗?,price
Q01979,P0418,zh,春节前能到货吗?,delivery
Q01980,P0073,zh,有CE认证吗?,feature
Q01981,P0132,en,Is the material BPA-free?,feature
Q01982,P0184,zh,"你们竞争对手报价更低,能否匹配?",price
Q01983,P0227,en,What is the battery capacity?,feature
Q01984,P0215,en,What's the lead time for 1000 units?,delivery
Q01985,P0037,zh,这个产品支持IPX7防水吗?,feature
Q01986,P0007,en,What's the warranty period?,feature
Q01987,P0155,en,What is the minimum order quantity to get a discount?,price
Q01988,P0386,en,Does this product support waterproof IPX7?,feature
Q01989,P0399,zh,这个月有促销价吗?,price
Q01990,P0267,en,Is air freight available for urgent orders?,delivery
Q01991,P0110,zh,包装盒能换成我们的品牌设计吗?,customization
Q01992,P0080,en,What's the warranty period?,feature
Q01993,P0269,zh,这个产品支持IPX7防水吗?,feature
Q01994,P0333,en,Can you share the technical spec sheet?,feature
Q01995,P0189,en,Do you support DDP shipping to the US?,delivery
Q01996,P0054,en,Is private label packaging available?,customization
Q01997,P0453,zh,材料是否不含BPA?,feature
Q01998,P0290,en,Does it come with a CE certification?,feature
Q01999,P0409,zh,材料是否不含BPA?,feature
Q02000,P0284,en,What's the lead time for 1000 units?,delivery
Q02001,P0249,en,What is the minimum order quantity to get a discount?,price
Q02002,P0391,zh,材料是否不含BPA?,feature
Q02003,P0351,zh,"需要定制零售包装,可以做吗?",customization
Q02004,P0060,zh,"你们竞争对手报价更低,能否匹配?",price
Q02005,P0411,en,"Your competitor offers $X less, can you match it?",price
Q02006,P0489,zh,材料是否不含BPA?,feature
Q02007,P0439,en,Is private label packaging available?,customization
Q02008,P0075,zh,有CE认证吗?,feature
Q02009,P0086,zh,最低起订量多少才能拿到折扣?,price
Q02010,P0062,en,Can you guarantee delivery before December 15?,delivery
Q02011,P0438,zh,500件的话价格能再优惠吗?,price
Q02012,P0110,en,Can you change the box design to our brand?,customization
Q02013,P0002,en,Is air freight available for urgent orders?,delivery
Q02014,P0264,zh,有CE认证吗?,feature
Q02015,P0048,en,What's the lead time for 1000 units?,delivery
Q02016,P0215,zh,和同类产品相比价格偏高。,price
Q02017,P0112,zh,急单能走空运吗?,delivery
Q02018,P0067,en,Any chance of a 10% discount for first-time buyers?,price
Q02019,P0443,zh,这个产品支持IPX7防水吗?,feature
Q02020,P0077,en,What is the battery capacity?,feature
Q02021,P0435,en,Will the order arrive before Chinese New Year?,delivery
Q02022,P0144,en,How long is the shipping time to Germany?,delivery
Q02023,P0025,zh,大批量采购可以给个更好的价格吗?,price
Q02024,P0405,en,Can you offer a better price for bulk orders?,price
Q02025,P0178,zh,1000件的生产周期多久?,delivery
Q02026,P0095,zh,大批量采购可以给个更好的价格吗?,price
Q02027,P0041,zh,这个月有促销价吗?,price
Q02028,P0245,zh,"你们竞争对手报价更低,能否匹配?",price
Q02029,P0364,en,Can you offer a better price for bulk orders?,price
Q02030,P0308,en,Can you offer a better price for bulk orders?,price
Q02031,P0187,zh,有CE认证吗?,feature
Q02032,P0319,zh,大批量采购可以给个更好的价格吗?,price
Q02033,P0098,zh,和同类产品相比价格偏高。,price
Q02034,P0214,zh,有CE认证吗?,feature
Q02035,P0064,zh,包装上能加我们的logo吗?,customization
Q02036,P0042,zh,1000件的生产周期多久?,delivery
Q02037,P0476,en,Can you guarantee delivery before December 15?,delivery
Q02038,P0193,zh,支持DDP发到美国吗?,delivery
Q02039,P0000,zh,"你们竞争对手报价更低,能否匹配?",price
Q02040,P0343,en,Can you offer a better price for bulk orders?,price
Q02041,P0158,en,What is the minimum order quantity to get a discount?,price
Q02042,P0267,en,Any chance of a 10% discount for first-time buyers?,price
Q02043,P0320,en,Is the price negotiable for 500 units?,price
Q02044,P0164,en,What is the battery capacity?,feature
Q02045,P0095,zh,这个月有促销价吗?,price
Q02046,P0094,en,Do you have any promotional pricing this month?,price
Q02047,P0320,en,"Your competitor offers $X less, can you match it?",price
Q02048,P0386,zh,材料是否不含BPA?,feature
Q02049,P0366,zh,和同类产品相比价格偏高。,price
Q02050,P0179,zh,电池容量多少毫安?,feature
Q02051,P0048,en,What is the minimum order quantity to get a discount?,price
Q02052,P0001,en,Can you guarantee delivery before December 15?,delivery
Q02053,P0280,zh,包装上能加我们的logo吗?,customization
Q02054,P0445,zh,最低起订量多少才能拿到折扣?,price
Q02055,P0230,zh,有CE认证吗?,feature
Q02056,P0490,zh,这个月有促销价吗?,price
Q02057,P0214,en,Is air freight available for urgent orders?,delivery
Q02058,P0353,zh,1000件的生产周期多久?,delivery
Q02059,P0215,en,Will the order arrive before Chinese New Year?,delivery
Q02060,P0405,zh,500件的话价格能再优惠吗?,price
Q02061,P0364,en,Does this product support waterproof IPX7?,feature
Q02062,P0311,en,Does it come with a CE certification?,feature
Q02063,P0068,zh,电池容量多少毫安?,feature
Q02064,P0022,en,The price seems high compared to similar products.,price
Q02065,P0074,zh,1000件的生产周期多久?,delivery
Q02066,P0252,zh,发到德国需要多久?,delivery
Q02067,P0093,zh,支持DDP发到美国吗?,delivery
Q02068,P0197,zh,500件的话价格能再优惠吗?,price
Q02069,P0423,en,What is the minimum order quantity to get a discount?,price
Q02070,P0190,zh,500件的话价格能再优惠吗?,price
Q02071,P0077,en,What is the battery capacity?,feature
Q02072,P0097,zh,支持DDP发到美国吗?,delivery
Q02073,P0107,en,Will the order arrive before Chinese New Year?,delivery
Q02074,P0254,en,Can you share the technical spec sheet?,feature
Q02075,P0155,en,What is the minimum order quantity to get a discount?,price
Q02076,P0453,en,Do you support DDP shipping to the US?,delivery
Q02077,P0112,zh,急单能走空运吗?,delivery
Q02078,P0210,en,What's the lead time for 1000 units?,delivery
Q02079,P0282,zh,材料是否不含BPA?,feature
Q02080,P0018,en,Is the material BPA-free?,feature
Q02081,P0045,en,Can you share the technical spec sheet?,feature
Q02082,P0308,zh,颜色可以定制吗?,customization
Q02083,P0102,zh,能保证12月15号前到货吗?,delivery
Q02084,P0456,en,Can you guarantee delivery before December 15?,delivery
Q02085,P0055,zh,包装盒能换成我们的品牌设计吗?,customization
Q02086,P0442,en,How long is the shipping time to Germany?,delivery
Q02087,P0352,en,"Your competitor offers $X less, can you match it?",price
Q02088,P0037,zh,能保证12月15号前到货吗?,delivery
Q02089,P0014,en,What is the battery capacity?,feature
Q02090,P0296,en,What's the lead time for 1000 units?,delivery
Q02091,P0363,en,Is the price negotiable for 500 units?,price
Q02092,P0374,zh,最低起订量多少才能拿到折扣?,price
Q02093,P0134,zh,这个月有促销价吗?,price
Q02094,P0419,en,Will the order arrive before Chinese New Year?,delivery
Q02095,P0484,zh,电池容量多少毫安?,feature
Q02096,P0359,zh,"你们竞争对手报价更低,能否匹配?",price
Q02097,P0495,zh,"需要定制零售包装,可以做吗?",customization
Q02098,P0402,zh,500件的话价格能再优惠吗?,price
Q02099,P0482,en,Is the material BPA-free?,feature
Q02100,P0260,en,The price seems high compared to similar products.,price
Q02101,P0044,zh,和同类产品相比价格偏高。,price
Q02102,P0174,zh,这个产品支持IPX7防水吗?,feature
Q02103,P0422,en,What is the battery capacity?,feature
Q02104,P0345,en,Can we add our logo on the packaging?,customization
Q02105,P0353,zh,支持DDP发到美国吗?,delivery
Q02106,P0115,zh,春节前能到货吗?,delivery
Q02107,P0054,zh,能保证12月15号前到货吗?,delivery
Q02108,P0423,en,What's the warranty period?,feature
Q02109,P0124,en,Does this product support waterproof IPX7?,feature
Q02110,P0254,zh,能保证12月15号前到货吗?,delivery
Q02111,P0189,zh,春节前能到货吗?,delivery
Q02112,P0075,en,Do you support DDP shipping to the US?,delivery
Q02113,P0452,zh,保修期多久?,feature
Q02114,P0142,en,Can the color be customized?,customization
Q02115,P0363,zh,材料是否不含BPA?,feature
Q02116,P0386,zh,春节前能到货吗?,delivery
Q02117,P0216,zh,颜色可以定制吗?,customization
Q02118,P0164,en,Is the price negotiable for 500 units?,price
Q02119,P0236,zh,"需要定制零售包装,可以做吗?",customization
Q02120,P0260,zh,首次合作能给9折吗?,price
Q02121,P0179,zh,首次合作能给9折吗?,price
Q02122,P0276,en,Do you support DDP shipping to the US?,delivery
Q02123,P0025,zh,电池容量多少毫安?,feature
Q02124,P0142,zh,"需要定制零售包装,可以做吗?",customization
Q02125,P0437,en,Do you have any promotional pricing this month?,price
Q02126,P0352,en,"Your competitor offers $X less, can you match it?",price
Q02127,P0376,zh,颜色可以定制吗?,customization
Q02128,P0137,zh,"你们竞争对手报价更低,能否匹配?",price
Q02129,P0100,zh,500件的话价格能再优惠吗?,price
Q02130,P0159,zh,首次合作能给9折吗?,price
Q02131,P0379,zh,大批量采购可以给个更好的价格吗?,price
Q02132,P0278,en,Does this product support waterproof IPX7?,feature
Q02133,P0103,en,What is the battery capacity?,feature
Q02134,P0097,zh,最低起订量多少才能拿到折扣?,price
Q02135,P0104,zh,这个产品支持IPX7防水吗?,feature
Q02136,P0009,en,Is the material BPA-free?,feature
Q02137,P0473,en,Is the material BPA-free?,feature
Q02138,P0224,en,How long is the shipping time to Germany?,delivery
Q02139,P0345,zh,这个月有促销价吗?,price
Q02140,P0334,zh,这个月有促销价吗?,price
Q02141,P0011,en,What's the warranty period?,feature
Q02142,P0233,en,Can you offer a better price for bulk orders?,price
Q02143,P0220,en,Do you have any promotional pricing this month?,price
Q02144,P0299,zh,"你们竞争对手报价更低,能否匹配?",price
Q02145,P0157,zh,春节前能到货吗?,delivery
Q02146,P0247,zh,包装盒能换成我们的品牌设计吗?,customization
Q02147,P0406,zh,包装盒能换成我们的品牌设计吗?,customization
Q02148,P0345,en,What is the minimum order quantity to get a discount?,price
Q02149,P0380,zh,支持DDP发到美国吗?,delivery
Q02150,P0245,en,Any chance of a 10% discount for first-time buyers?,price
Q02151,P0373,zh,首次合作能给9折吗?,price
Q02152,P0255,zh,急单能走空运吗?,delivery
Q02153,P0369,en,Does this product support waterproof IPX7?,feature
Q02154,P0277,en,Does this product support waterproof IPX7?,feature
Q02155,P0367,en,"We need custom retail packaging, is that possible?",customization
Q02156,P0200,zh,包装盒能换成我们的品牌设计吗?,customization
Q02157,P0284,zh,有CE认证吗?,feature
Q02158,P0395,en,Any chance of a 10% discount for first-time buyers?,price
Q02159,P0173,en,Do you support DDP shipping to the US?,delivery
Q02160,P0434,en,What's the warranty period?,feature
Q02161,P0444,zh,有CE认证吗?,feature
Q02162,P0010,zh,"你们竞争对手报价更低,能否匹配?",price
Q02163,P0332,en,Is private label packaging available?,customization
Q02164,P0423,en,What is the battery capacity?,feature
Q02165,P0236,en,What is the minimum order quantity to get a discount?,price
Q02166,P0457,zh,急单能走空运吗?,delivery
Q02167,P0438,zh,"你们竞争对手报价更低,能否匹配?",price
Q02168,P0471,en,What's the warranty period?,feature
Q02169,P0287,zh,首次合作能给9折吗?,price
Q02170,P0089,en,Does it come with a CE certification?,feature
Q02171,P0234,en,Does this product support waterproof IPX7?,feature
Q02172,P0105,zh,有CE认证吗?,feature
Q02173,P0224,zh,最低起订量多少才能拿到折扣?,price
Q02174,P0171,en,Can you offer a better price for bulk orders?,price
Q02175,P0013,en,Do you support OEM/ODM service?,customization
Q02176,P0137,en,Can you guarantee delivery before December 15?,delivery
Q02177,P0025,zh,包装盒能换成我们的品牌设计吗?,customization
Q02178,P0061,en,Do you support DDP shipping to the US?,delivery
Q02179,P0371,zh,保修期多久?,feature
Q02180,P0461,en,Can we add our logo on the packaging?,customization
Q02181,P0422,en,How long is the shipping time to Germany?,delivery
Q02182,P0360,zh,大批量采购可以给个更好的价格吗?,price
Q02183,P0120,zh,500件的话价格能再优惠吗?,price
Q02184,P0079,en,Does it come with a CE certification?,feature
Q02185,P0072,zh,急单能走空运吗?,delivery
Q02186,P0226,en,Can we add our logo on the packaging?,customization
Q02187,P0472,en,What's the lead time for 1000 units?,delivery
Q02188,P0287,zh,急单能走空运吗?,delivery
Q02189,P0449,zh,急单能走空运吗?,delivery
Q02190,P0322,zh,保修期多久?,feature
Q02191,P0312,en,What is the battery capacity?,feature
Q02192,P0484,zh,支持DDP发到美国吗?,delivery
Q02193,P0300,zh,"需要定制零售包装,可以做吗?",customization
Q02194,P0239,en,Is the material BPA-free?,feature
Q02195,P0483,en,Can you offer a better price for bulk orders?,price
Q02196,P0127,zh,包装盒能换成我们的品牌设计吗?,customization
Q02197,P0401,en,What is the battery capacity?,feature
Q02198,P0122,en,Can you change the box design to our brand?,customization
Q02199,P0197,en,Can you offer a better price for bulk orders?,price
Q02200,P0135,en,Any chance of a 10% discount for first-time buyers?,price
Q02201,P0052,zh,大批量采购可以给个更好的价格吗?,price
Q02202,P0054,en,Is private label packaging available?,customization
Q02203,P0128,zh,500件的话价格能再优惠吗?,price
Q02204,P0492,en,Can you guarantee delivery before December 15?,delivery
Q02205,P0425,en,What is the minimum order quantity to get a discount?,price
Q02206,P0404,en,Do you have any promotional pricing this month?,price
Q02207,P0213,en,Can you offer a better price for bulk orders?,price
Q02208,P0320,zh,首次合作能给9折吗?,price
Q02209,P0349,en,Is the material BPA-free?,feature
Q02210,P0440,en,Can you share the technical spec sheet?,feature
Q02211,P0131,zh,材料是否不含BPA?,feature
Q02212,P0396,zh,500件的话价格能再优惠吗?,price
Q02213,P0409,en,Is air freight available for urgent orders?,delivery
Q02214,P0314,en,The price seems high compared to similar products.,price
Q02215,P0012,en,Is the price negotiable for 500 units?,price
Q02216,P0330,en,Can you change the box design to our brand?,customization
Q02217,P0262,zh,可以做自有品牌包装吗?,customization
Q02218,P0299,en,How long is the shipping time to Germany?,delivery
Q02219,P0212,zh,支持OEM/ODM吗?,customization
Q02220,P0067,zh,500件的话价格能再优惠吗?,price
Q02221,P0357,en,Does it come with a CE certification?,feature
Q02222,P0096,en,Does this product support waterproof IPX7?,feature
Q02223,P0160,en,What is the battery capacity?,feature
Q02224,P0341,en,What's the lead time for 1000 units?,delivery
Q02225,P0445,en,Any chance of a 10% discount for first-time buyers?,price
Q02226,P0330,en,Do you have any promotional pricing this month?,price
Q02227,P0412,zh,包装上能加我们的logo吗?,customization
Q02228,P0471,en,Can you offer a better price for bulk orders?,price
Q02229,P0237,zh,颜色可以定制吗?,customization
Q02230,P0446,en,Can you guarantee delivery before December 15?,delivery
Q02231,P0139,en,Does this product support waterproof IPX7?,feature
Q02232,P0360,en,"Your competitor offers $X less, can you match it?",price
Q02233,P0311,en,What is the battery capacity?,feature
Q02234,P0229,en,Can the color be customized?,customization
Q02235,P0265,en,Do you support DDP shipping to the US?,delivery
Q02236,P0077,en,Does this product support waterproof IPX7?,feature
Q02237,P0315,en,Can we add our logo on the packaging?,customization
Q02238,P0369,zh,能发一下技术参数表吗?,feature
Q02239,P0224,zh,材料是否不含BPA?,feature
Q02240,P0209,en,Do you support DDP shipping to the US?,delivery
Q02241,P0194,en,Can you offer a better price for bulk orders?,price
Q02242,P0375,en,What is the minimum order quantity to get a discount?,price
Q02243,P0271,zh,能发一下技术参数表吗?,feature
Q02244,P0049,zh,颜色可以定制吗?,customization
Q02245,P0298,en,"We need custom retail packaging, is that possible?",customization
Q02246,P0299,en,What is the battery capacity?,feature
Q02247,P0004,en,Is air freight available for urgent orders?,delivery
Q02248,P0305,en,Is the price negotiable for 500 units?,price
Q02249,P0345,en,How long is the shipping time to Germany?,delivery
Q02250,P0388,en,Can you offer a better price for bulk orders?,price
Q02251,P0040,en,"We need custom retail packaging, is that possible?",customization
Q02252,P0206,zh,电池容量多少毫安?,feature
Q02253,P0295,en,What is the minimum order quantity to get a discount?,price
Q02254,P0158,zh,可以做自有品牌包装吗?,customization
Q02255,P0237,zh,材料是否不含BPA?,feature
Q02256,P0174,en,Does this product support waterproof IPX7?,feature
Q02257,P0488,en,What's the warranty period?,feature
Q02258,P0197,en,Is air freight available for urgent orders?,delivery
Q02259,P0361,en,What's the lead time for 1000 units?,delivery
Q02260,P0308,en,What's the lead time for 1000 units?,delivery
Q02261,P0252,zh,大批量采购可以给个更好的价格吗?,price
Q02262,P0379,zh,急单能走空运吗?,delivery
Q02263,P0163,en,Does it come with a CE certification?,feature
Q02264,P0315,zh,这个产品支持IPX7防水吗?,feature
Q02265,P0095,zh,保修期多久?,feature
Q02266,P0203,en,Is the material BPA-free?,feature
Q02267,P0189,en,What's the warranty period?,feature
Q02268,P0263,zh,包装盒能换成我们的品牌设计吗?,customization
Q02269,P0394,en,"We need custom retail packaging, is that possible?",customization
Q02270,P0169,en,Can you offer a better price for bulk orders?,price
Q02271,P0096,zh,500件的话价格能再优惠吗?,price
Q02272,P0061,en,Does this product support waterproof IPX7?,feature
Q02273,P0468,zh,"需要定制零售包装,可以做吗?",customization
Q02274,P0287,en,Is air freight available for urgent orders?,delivery
Q02275,P0430,en,Can you share the technical spec sheet?,feature
Q02276,P0246,zh,有CE认证吗?,feature
Q02277,P0486,en,Does it come with a CE certification?,feature
Q02278,P0027,en,Can you guarantee delivery before December 15?,delivery
Q02279,P0447,zh,保修期多久?,feature
Q02280,P0361,zh,这个产品支持IPX7防水吗?,feature
Q02281,P0039,zh,和同类产品相比价格偏高。,price
Q02282,P0100,en,Do you have any promotional pricing this month?,price
Q02283,P0185,zh,"需要定制零售包装,可以做吗?",customization
Q02284,P0069,en,What is the battery capacity?,feature
Q02285,P0164,en,What is the minimum order quantity to get a discount?,price
Q02286,P0108,en,Is the price negotiable for 500 units?,price
Q02287,P0162,en,Can we add our logo on the packaging?,customization
Q02288,P0258,en,Can you guarantee delivery before December 15?,delivery
Q02289,P0281,zh,这个月有促销价吗?,price
Q02290,P0218,zh,电池容量多少毫安?,feature
Q02291,P0250,en,Do you support DDP shipping to the US?,delivery
Q02292,P0338,en,The price seems high compared to similar products.,price
Q02293,P0326,en,Any chance of a 10% discount for first-time buyers?,price
Q02294,P0468,zh,急单能走空运吗?,delivery
Q02295,P0132,en,Can you change the box design to our brand?,customization
Q02296,P0311,zh,电池容量多少毫安?,feature
Q02297,P0105,en,The price seems high compared to similar products.,price
Q02298,P0463,en,The price seems high compared to similar products.,price
Q02299,P0473,zh,"你们竞争对手报价更低,能否匹配?",price
Q02300,P0347,zh,急单能走空运吗?,delivery
Q02301,P0408,en,Do you have any promotional pricing this month?,price
Q02302,P0493,zh,有CE认证吗?,feature
Q02303,P0301,zh,能保证12月15号前到货吗?,delivery
Q02304,P0374,zh,这个产品支持IPX7防水吗?,feature
Q02305,P0326,en,Can we add our logo on the packaging?,customization
Q02306,P0375,zh,这个月有促销价吗?,price
Q02307,P0254,en,Is the material BPA-free?,feature
Q02308,P0130,en,Is the price negotiable for 500 units?,price
Q02309,P0487,en,Can we add our logo on the packaging?,customization
Q02310,P0286,zh,首次合作能给9折吗?,price
Q02311,P0353,zh,这个产品支持IPX7防水吗?,feature
Q02312,P0033,zh,可以做自有品牌包装吗?,customization
Q02313,P0247,zh,首次合作能给9折吗?,price
Q02314,P0191,zh,春节前能到货吗?,delivery
Q02315,P0357,zh,保修期多久?,feature
Q02316,P0297,zh,保修期多久?,feature
Q02317,P0315,en,"We need custom retail packaging, is that possible?",customization
Q02318,P0144,en,What is the battery capacity?,feature
Q02319,P0454,en,What is the battery capacity?,feature
Q02320,P0288,en,Is air freight available for urgent orders?,delivery
Q02321,P0282,en,Will the order arrive before Chinese New Year?,delivery
Q02322,P0298,en,What's the lead time for 1000 units?,delivery
Q02323,P0180,zh,保修期多久?,feature
Q02324,P0280,zh,500件的话价格能再优惠吗?,price
Q02325,P0098,zh,首次合作能给9折吗?,price
Q02326,P0484,zh,能发一下技术参数表吗?,feature
Q02327,P0383,en,Can the color be customized?,customization
Q02328,P0298,zh,最低起订量多少才能拿到折扣?,price
Q02329,P0028,en,"Your competitor offers $X less, can you match it?",price
Q02330,P0453,en,The price seems high compared to similar products.,price
Q02331,P0419,zh,发到德国需要多久?,delivery
Q02332,P0431,en,What's the warranty period?,feature
Q02333,P0450,zh,这个产品支持IPX7防水吗?,feature
Q02334,P0445,zh,这个产品支持IPX7防水吗?,feature
Q02335,P0026,zh,发到德国需要多久?,delivery
Q02336,P0036,zh,"你们竞争对手报价更低,能否匹配?",price
Q02337,P0359,en,Can the color be customized?,customization
Q02338,P0190,zh,"你们竞争对手报价更低,能否匹配?",price
Q02339,P0276,en,Can you offer a better price for bulk orders?,price
Q02340,P0168,zh,包装盒能换成我们的品牌设计吗?,customization
Q02341,P0261,en,Can you guarantee delivery before December 15?,delivery
Q02342,P0306,en,Can you share the technical spec sheet?,feature
Q02343,P0114,en,Is private label packaging available?,customization
Q02344,P0083,en,"Your competitor offers $X less, can you match it?",price
Q02345,P0369,en,Does it come with a CE certification?,feature
Q02346,P0330,zh,包装上能加我们的logo吗?,customization
Q02347,P0116,en,"Your competitor offers $X less, can you match it?",price
Q02348,P0190,zh,包装上能加我们的logo吗?,customization
Q02349,P0145,zh,"你们竞争对手报价更低,能否匹配?",price
Q02350,P0184,en,Is private label packaging available?,customization
Q02351,P0191,en,How long is the shipping time to Germany?,delivery
Q02352,P0292,en,"We need custom retail packaging, is that possible?",customization
Q02353,P0006,en,Will the order arrive before Chinese New Year?,delivery
Q02354,P0188,en,Is the price negotiable for 500 units?,price
Q02355,P0473,zh,能发一下技术参数表吗?,feature
Q02356,P0332,zh,发到德国需要多久?,delivery
Q02357,P0264,en,Is the price negotiable for 500 units?,price
Q02358,P0113,en,Does it come with a CE certification?,feature
Q02359,P0477,en,Do you support OEM/ODM service?,customization
Q02360,P0397,zh,材料是否不含BPA?,feature
Q02361,P0378,zh,和同类产品相比价格偏高。,price
Q02362,P0090,en,Does this product support waterproof IPX7?,feature
Q02363,P0286,en,Do you have any promotional pricing this month?,price
Q02364,P0338,zh,保修期多久?,feature
Q02365,P0167,en,What is the minimum order quantity to get a discount?,price
Q02366,P0169,en,The price seems high compared to similar products.,price
Q02367,P0031,zh,和同类产品相比价格偏高。,price
Q02368,P0320,en,Any chance of a 10% discount for first-time buyers?,price
Q02369,P0073,en,Is the material BPA-free?,feature
Q02370,P0339,zh,包装盒能换成我们的品牌设计吗?,customization
Q02371,P0448,zh,1000件的生产周期多久?,delivery
Q02372,P0114,zh,春节前能到货吗?,delivery
Q02373,P0003,en,Can you share the technical spec sheet?,feature
Q02374,P0145,zh,支持OEM/ODM吗?,customization
Q02375,P0229,en,Can you change the box design to our brand?,customization
Q02376,P0225,en,"We need custom retail packaging, is that possible?",customization
Q02377,P0211,en,What's the warranty period?,feature
Q02378,P0067,zh,"你们竞争对手报价更低,能否匹配?",price
Q02379,P0078,zh,和同类产品相比价格偏高。,price
Q02380,P0382,zh,能保证12月15号前到货吗?,delivery
Q02381,P0361,zh,"你们竞争对手报价更低,能否匹配?",price
Q02382,P0364,zh,500件的话价格能再优惠吗?,price
Q02383,P0367,zh,这个产品支持IPX7防水吗?,feature
Q02384,P0404,zh,"需要定制零售包装,可以做吗?",customization
Q02385,P0477,zh,保修期多久?,feature
Q02386,P0293,en,Any chance of a 10% discount for first-time buyers?,price
Q02387,P0399,zh,支持DDP发到美国吗?,delivery
Q02388,P0358,en,Can the color be customized?,customization
Q02389,P0010,zh,"你们竞争对手报价更低,能否匹配?",price
Q02390,P0367,zh,发到德国需要多久?,delivery
Q02391,P0002,en,Does this product support waterproof IPX7?,feature
Q02392,P0461,zh,首次合作能给9折吗?,price
Q02393,P0218,en,The price seems high compared to similar products.,price
Q02394,P0033,en,What is the battery capacity?,feature
Q02395,P0162,en,What's the lead time for 1000 units?,delivery
Q02396,P0263,zh,500件的话价格能再优惠吗?,price
Q02397,P0246,zh,大批量采购可以给个更好的价格吗?,price
Q02398,P0065,zh,能发一下技术参数表吗?,feature
Q02399,P0346,zh,包装盒能换成我们的品牌设计吗?,customization
Q02400,P0002,en,Will the order arrive before Chinese New Year?,delivery
Q02401,P0201,zh,"需要定制零售包装,可以做吗?",customization
Q02402,P0086,en,Will the order arrive before Chinese New Year?,delivery
Q02403,P0393,zh,保修期多久?,feature
Q02404,P0407,zh,能发一下技术参数表吗?,feature
Q02405,P0357,zh,首次合作能给9折吗?,price
Q02406,P0106,en,What is the minimum order quantity to get a discount?,price
Q02407,P0067,zh,和同类产品相比价格偏高。,price
Q02408,P0013,en,Does it come with a CE certification?,feature
Q02409,P0494,en,The price seems high compared to similar products.,price
Q02410,P0098,en,The price seems high compared to similar products.,price
Q02411,P0390,zh,1000件的生产周期多久?,delivery
Q02412,P0241,zh,急单能走空运吗?,delivery
Q02413,P0144,zh,这个产品支持IPX7防水吗?,feature
Q02414,P0232,zh,这个产品支持IPX7防水吗?,feature
Q02415,P0098,zh,包装上能加我们的logo吗?,customization
Q02416,P0267,zh,能发一下技术参数表吗?,feature
Q02417,P0305,zh,支持DDP发到美国吗?,delivery
Q02418,P0224,en,Can you guarantee delivery before December 15?,delivery
Q02419,P0025,zh,颜色可以定制吗?,customization
Q02420,P0273,zh,"需要定制零售包装,可以做吗?",customization
Q02421,P0027,zh,最低起订量多少才能拿到折扣?,price
Q02422,P0456,zh,500件的话价格能再优惠吗?,price
Q02423,P0459,zh,1000件的生产周期多久?,delivery
Q02424,P0354,en,The price seems high compared to similar products.,price
Q02425,P0328,en,Is the material BPA-free?,feature
Q02426,P0359,zh,这个产品支持IPX7防水吗?,feature
Q02427,P0066,en,The price seems high compared to similar products.,price
Q02428,P0398,zh,颜色可以定制吗?,customization
Q02429,P0093,zh,首次合作能给9折吗?,price
Q02430,P0414,en,How long is the shipping time to Germany?,delivery
Q02431,P0491,zh,这个月有促销价吗?,price
Q02432,P0453,en,Can you share the technical spec sheet?,feature
Q02433,P0329,en,Does it come with a CE certification?,feature
Q02434,P0265,en,Can the color be customized?,customization
Q02435,P0393,en,Is air freight available for urgent orders?,delivery
Q02436,P0193,en,What is the minimum order quantity to get a discount?,price
Q02437,P0309,en,The price seems high compared to similar products.,price
Q02438,P0434,en,The price seems high compared to similar products.,price
Q02439,P0163,en,Can you change the box design to our brand?,customization
Q02440,P0196,en,"Your competitor offers $X less, can you match it?",price
Q02441,P0174,zh,可以做自有品牌包装吗?,customization
Q02442,P0138,en,Can we add our logo on the packaging?,customization
Q02443,P0442,en,How long is the shipping time to Germany?,delivery
Q02444,P0194,zh,1000件的生产周期多久?,delivery
Q02445,P0244,zh,"需要定制零售包装,可以做吗?",customization
Q02446,P0273,zh,大批量采购可以给个更好的价格吗?,price
Q02447,P0027,zh,最低起订量多少才能拿到折扣?,price
Q02448,P0169,zh,大批量采购可以给个更好的价格吗?,price
Q02449,P0065,en,Can you guarantee delivery before December 15?,delivery
Q02450,P0476,en,Do you have any promotional pricing this month?,price
Q02451,P0192,en,What's the warranty period?,feature
Q02452,P0138,en,Does this product support waterproof IPX7?,feature
Q02453,P0385,en,Does it come with a CE certification?,feature
Q02454,P0092,zh,颜色可以定制吗?,customization
Q02455,P0391,en,The price seems high compared to similar products.,price
Q02456,P0149,zh,颜色可以定制吗?,customization
Q02457,P0411,zh,这个产品支持IPX7防水吗?,feature
Q02458,P0039,en,How long is the shipping time to Germany?,delivery
Q02459,P0175,en,Can the color be customized?,customization
Q02460,P0472,en,What's the lead time for 1000 units?,delivery
Q02461,P0394,en,What is the minimum order quantity to get a discount?,price
Q02462,P0017,en,Do you support DDP shipping to the US?,delivery
Q02463,P0007,en,What is the minimum order quantity to get a discount?,price
Q02464,P0427,zh,首次合作能给9折吗?,price
Q02465,P0159,en,Is private label packaging available?,customization
Q02466,P0268,zh,"需要定制零售包装,可以做吗?",customization
Q02467,P0257,en,The price seems high compared to similar products.,price
Q02468,P0479,en,How long is the shipping time to Germany?,delivery
Q02469,P0105,zh,能发一下技术参数表吗?,feature
Q02470,P0047,zh,有CE认证吗?,feature
Q02471,P0417,zh,材料是否不含BPA?,feature
Q02472,P0230,zh,这个月有促销价吗?,price
Q02473,P0098,en,"Your competitor offers $X less, can you match it?",price
Q02474,P0374,en,What is the minimum order quantity to get a discount?,price
Q02475,P0080,zh,"你们竞争对手报价更低,能否匹配?",price
Q02476,P0416,zh,保修期多久?,feature
Q02477,P0067,zh,能发一下技术参数表吗?,feature
Q02478,P0044,en,Any chance of a 10% discount for first-time buyers?,price
Q02479,P0458,en,Do you support DDP shipping to the US?,delivery
Q02480,P0356,zh,"需要定制零售包装,可以做吗?",customization
Q02481,P0326,en,The price seems high compared to similar products.,price
Q02482,P0236,en,Can you share the technical spec sheet?,feature
Q02483,P0157,en,What's the lead time for 1000 units?,delivery
Q02484,P0477,zh,急单能走空运吗?,delivery
Q02485,P0403,zh,1000件的生产周期多久?,delivery
Q02486,P0241,zh,"你们竞争对手报价更低,能否匹配?",price
Q02487,P0453,en,Can you share the technical spec sheet?,feature
Q02488,P0106,en,Can you change the box design to our brand?,customization
Q02489,P0299,zh,最低起订量多少才能拿到折扣?,price
Q02490,P0176,zh,500件的话价格能再优惠吗?,price
Q02491,P0260,en,Do you support DDP shipping to the US?,delivery
Q02492,P0212,en,Do you support DDP shipping to the US?,delivery
Q02493,P0458,zh,支持OEM/ODM吗?,customization
Q02494,P0146,zh,材料是否不含BPA?,feature
Q02495,P0009,en,What's the warranty period?,feature
Q02496,P0473,en,What is the minimum order quantity to get a discount?,price
Q02497,P0054,zh,包装上能加我们的logo吗?,customization
Q02498,P0166,zh,"需要定制零售包装,可以做吗?",customization
Q02499,P0012,zh,支持DDP发到美国吗?,delivery
Q02500,P0094,zh,1000件的生产周期多久?,delivery
Q02501,P0367,zh,1000件的生产周期多久?,delivery
Q02502,P0310,zh,包装盒能换成我们的品牌设计吗?,customization
Q02503,P0272,zh,有CE认证吗?,feature
Q02504,P0358,zh,"你们竞争对手报价更低,能否匹配?",price
Q02505,P0336,zh,支持DDP发到美国吗?,delivery
Q02506,P0029,en,Will the order arrive before Chinese New Year?,delivery
Q02507,P0083,en,Will the order arrive before Chinese New Year?,delivery
Q02508,P0390,en,Do you have any promotional pricing this month?,price
Q02509,P0086,en,What's the warranty period?,feature
Q02510,P0195,en,What is the minimum order quantity to get a discount?,price
Q02511,P0480,en,The price seems high compared to similar products.,price
Q02512,P0064,zh,发到德国需要多久?,delivery
Q02513,P0191,zh,这个月有促销价吗?,price
Q02514,P0275,zh,材料是否不含BPA?,feature
Q02515,P0027,zh,最低起订量多少才能拿到折扣?,price
Q02516,P0442,en,Is the price negotiable for 500 units?,price
Q02517,P0110,en,Can you share the technical spec sheet?,feature
Q02518,P0149,zh,这个产品支持IPX7防水吗?,feature
Q02519,P0446,zh,最低起订量多少才能拿到折扣?,price
Q02520,P0060,en,Can we add our logo on the packaging?,customization
Q02521,P0441,en,Will the order arrive before Chinese New Year?,delivery
Q02522,P0453,zh,大批量采购可以给个更好的价格吗?,price
Q02523,P0474,zh,包装上能加我们的logo吗?,customization
Q02524,P0004,en,Can you offer a better price for bulk orders?,price
Q02525,P0014,zh,可以做自有品牌包装吗?,customization
Q02526,P0129,en,Can you offer a better price for bulk orders?,price
Q02527,P0395,en,What's the warranty period?,feature
Q02528,P0072,en,Does this product support waterproof IPX7?,feature
Q02529,P0219,zh,支持OEM/ODM吗?,customization
Q02530,P0410,zh,春节前能到货吗?,delivery
Q02531,P0443,zh,保修期多久?,feature
Q02532,P0202,zh,"你们竞争对手报价更低,能否匹配?",price
Q02533,P0492,zh,这个产品支持IPX7防水吗?,feature
Q02534,P0448,zh,支持DDP发到美国吗?,delivery
Q02535,P0032,zh,包装上能加我们的logo吗?,customization
Q02536,P0384,zh,500件的话价格能再优惠吗?,price
Q02537,P0207,zh,材料是否不含BPA?,feature
Q02538,P0146,zh,支持DDP发到美国吗?,delivery
Q02539,P0422,zh,保修期多久?,feature
Q02540,P0053,zh,"你们竞争对手报价更低,能否匹配?",price
Q02541,P0027,en,Is the price negotiable for 500 units?,price
Q02542,P0024,zh,"需要定制零售包装,可以做吗?",customization
Q02543,P0350,zh,能发一下技术参数表吗?,feature
Q02544,P0058,zh,颜色可以定制吗?,customization
Q02545,P0474,en,The price seems high compared to similar products.,price
Q02546,P0015,en,Does this product support waterproof IPX7?,feature
Q02547,P0352,en,Is private label packaging available?,customization
Q02548,P0031,en,Is the material BPA-free?,feature
Q02549,P0350,en,Will the order arrive before Chinese New Year?,delivery
Q02550,P0264,en,Is the material BPA-free?,feature
Q02551,P0380,en,What is the minimum order quantity to get a discount?,price
Q02552,P0071,zh,电池容量多少毫安?,feature
Q02553,P0495,en,What is the battery capacity?,feature
Q02554,P0072,zh,材料是否不含BPA?,feature
Q02555,P0183,zh,支持DDP发到美国吗?,delivery
Q02556,P0495,zh,能发一下技术参数表吗?,feature
Q02557,P0200,zh,这个月有促销价吗?,price
Q02558,P0132,zh,能保证12月15号前到货吗?,delivery
Q02559,P0486,zh,可以做自有品牌包装吗?,customization
Q02560,P0225,zh,可以做自有品牌包装吗?,customization
Q02561,P0417,en,Can you change the box design to our brand?,customization
Q02562,P0187,zh,1000件的生产周期多久?,delivery
Q02563,P0211,en,How long is the shipping time to Germany?,delivery
Q02564,P0123,en,Do you support DDP shipping to the US?,delivery
Q02565,P0415,en,Does it come with a CE certification?,feature
Q02566,P0080,zh,首次合作能给9折吗?,price
Q02567,P0321,zh,春节前能到货吗?,delivery
Q02568,P0090,zh,能保证12月15号前到货吗?,delivery
Q02569,P0333,en,Do you support DDP shipping to the US?,delivery
Q02570,P0212,zh,急单能走空运吗?,delivery
Q02571,P0022,en,The price seems high compared to similar products.,price
Q02572,P0384,zh,急单能走空运吗?,delivery
Q02573,P0431,en,What's the lead time for 1000 units?,delivery
Q02574,P0428,en,The price seems high compared to similar products.,price
Q02575,P0132,en,Do you support DDP shipping to the US?,delivery
Q02576,P0327,en,Does it come with a CE certification?,feature
Q02577,P0120,en,What's the lead time for 1000 units?,delivery
Q02578,P0369,en,Can you share the technical spec sheet?,feature
Q02579,P0220,en,How long is the shipping time to Germany?,delivery
Q02580,P0408,en,What's the lead time for 1000 units?,delivery
Q02581,P0291,zh,包装盒能换成我们的品牌设计吗?,customization
Q02582,P0143,zh,发到德国需要多久?,delivery
Q02583,P0133,zh,有CE认证吗?,feature
Q02584,P0212,zh,"需要定制零售包装,可以做吗?",customization
Q02585,P0013,en,Is private label packaging available?,customization
Q02586,P0175,zh,和同类产品相比价格偏高。,price
Q02587,P0140,en,Can you change the box design to our brand?,customization
Q02588,P0363,en,What's the warranty period?,feature
Q02589,P0345,zh,春节前能到货吗?,delivery
Q02590,P0044,en,The price seems high compared to similar products.,price
Q02591,P0213,zh,"需要定制零售包装,可以做吗?",customization
Q02592,P0100,zh,这个月有促销价吗?,price
Q02593,P0147,zh,电池容量多少毫安?,feature
Q02594,P0189,en,Can you guarantee delivery before December 15?,delivery
Q02595,P0423,zh,"需要定制零售包装,可以做吗?",customization
Q02596,P0356,en,Do you support DDP shipping to the US?,delivery
Q02597,P0206,en,Is air freight available for urgent orders?,delivery
Q02598,P0121,zh,这个产品支持IPX7防水吗?,feature
Q02599,P0135,en,Can we add our logo on the packaging?,customization
Q02600,P0177,zh,首次合作能给9折吗?,price
Q02601,P0343,en,Is air freight available for urgent orders?,delivery
Q02602,P0472,en,What is the battery capacity?,feature
Q02603,P0294,en,Any chance of a 10% discount for first-time buyers?,price
Q02604,P0277,en,Does it come with a CE certification?,feature
Q02605,P0329,zh,500件的话价格能再优惠吗?,price
Q02606,P0324,en,Can you change the box design to our brand?,customization
Q02607,P0126,en,Is the material BPA-free?,feature
Q02608,P0395,en,"We need custom retail packaging, is that possible?",customization
Q02609,P0092,zh,这个月有促销价吗?,price
Q02610,P0045,zh,颜色可以定制吗?,customization
Q02611,P0168,zh,材料是否不含BPA?,feature
Q02612,P0370,zh,500件的话价格能再优惠吗?,price
Q02613,P0134,zh,500件的话价格能再优惠吗?,price
Q02614,P0053,zh,这个月有促销价吗?,price
Q02615,P0143,zh,首次合作能给9折吗?,price
Q02616,P0273,zh,最低起订量多少才能拿到折扣?,price
Q02617,P0241,zh,保修期多久?,feature
Q02618,P0098,zh,500件的话价格能再优惠吗?,price
Q02619,P0370,zh,大批量采购可以给个更好的价格吗?,price
Q02620,P0063,en,Does it come with a CE certification?,feature
Q02621,P0232,zh,急单能走空运吗?,delivery
Q02622,P0294,en,The price seems high compared to similar products.,price
Q02623,P0021,en,What's the warranty period?,feature
Q02624,P0270,en,"Your competitor offers $X less, can you match it?",price
Q02625,P0388,zh,大批量采购可以给个更好的价格吗?,price
Q02626,P0136,zh,包装上能加我们的logo吗?,customization
Q02627,P0354,en,The price seems high compared to similar products.,price
Q02628,P0149,en,The price seems high compared to similar products.,price
Q02629,P0329,zh,"你们竞争对手报价更低,能否匹配?",price
Q02630,P0051,zh,支持DDP发到美国吗?,delivery
Q02631,P0327,en,The price seems high compared to similar products.,price
Q02632,P0479,en,Does it come with a CE certification?,feature
Q02633,P0311,en,Do you have any promotional pricing this month?,price
Q02634,P0477,zh,可以做自有品牌包装吗?,customization
Q02635,P0414,zh,首次合作能给9折吗?,price
Q02636,P0492,en,Will the order arrive before Chinese New Year?,delivery
Q02637,P0436,en,"Your competitor offers $X less, can you match it?",price
Q02638,P0442,zh,包装盒能换成我们的品牌设计吗?,customization
Q02639,P0214,zh,500件的话价格能再优惠吗?,price
Q02640,P0406,en,What's the warranty period?,feature
Q02641,P0096,zh,这个产品支持IPX7防水吗?,feature
Q02642,P0002,en,What is the minimum order quantity to get a discount?,price
Q02643,P0278,en,Does this product support waterproof IPX7?,feature
Q02644,P0311,en,What is the minimum order quantity to get a discount?,price
Q02645,P0114,en,The price seems high compared to similar products.,price
Q02646,P0083,zh,首次合作能给9折吗?,price
Q02647,P0256,zh,能保证12月15号前到货吗?,delivery
Q02648,P0466,en,Does it come with a CE certification?,feature
Q02649,P0452,en,Do you support DDP shipping to the US?,delivery
Q02650,P0443,zh,电池容量多少毫安?,feature
Q02651,P0338,zh,和同类产品相比价格偏高。,price
Q02652,P0052,en,Do you support DDP shipping to the US?,delivery
Q02653,P0129,en,Do you support OEM/ODM service?,customization
Q02654,P0080,zh,材料是否不含BPA?,feature
Q02655,P0424,zh,能发一下技术参数表吗?,feature
Q02656,P0318,en,Is the price negotiable for 500 units?,price
Q02657,P0007,zh,这个月有促销价吗?,price
Q02658,P0419,zh,有CE认证吗?,feature
Q02659,P0222,zh,颜色可以定制吗?,customization
Q02660,P0463,zh,支持DDP发到美国吗?,delivery
Q02661,P0100,zh,包装盒能换成我们的品牌设计吗?,customization
Q02662,P0333,zh,"需要定制零售包装,可以做吗?",customization
Q02663,P0472,zh,包装盒能换成我们的品牌设计吗?,customization
Q02664,P0027,zh,"你们竞争对手报价更低,能否匹配?",price
Q02665,P0239,en,"Your competitor offers $X less, can you match it?",price
Q02666,P0279,zh,首次合作能给9折吗?,price
Q02667,P0012,en,Can the color be customized?,customization
Q02668,P0272,zh,材料是否不含BPA?,feature
Q02669,P0293,zh,这个产品支持IPX7防水吗?,feature
Q02670,P0338,zh,包装上能加我们的logo吗?,customization
Q02671,P0120,en,What's the lead time for 1000 units?,delivery
Q02672,P0165,zh,电池容量多少毫安?,feature
Q02673,P0131,en,Can you share the technical spec sheet?,feature
Q02674,P0122,en,Can the color be customized?,customization
Q02675,P0364,en,Will the order arrive before Chinese New Year?,delivery
Q02676,P0295,zh,包装上能加我们的logo吗?,customization
Q02677,P0159,zh,急单能走空运吗?,delivery
Q02678,P0214,zh,和同类产品相比价格偏高。,price
Q02679,P0418,en,Can you guarantee delivery before December 15?,delivery
Q02680,P0420,en,Do you have any promotional pricing this month?,price
Q02681,P0104,zh,急单能走空运吗?,delivery
Q02682,P0274,zh,电池容量多少毫安?,feature
Q02683,P0375,en,Is the material BPA-free?,feature
Q02684,P0467,zh,包装盒能换成我们的品牌设计吗?,customization
Q02685,P0152,zh,材料是否不含BPA?,feature
Q02686,P0323,zh,这个产品支持IPX7防水吗?,feature
Q02687,P0377,zh,这个月有促销价吗?,price
Q02688,P0063,en,Can we add our logo on the packaging?,customization
Q02689,P0490,en,Can you guarantee delivery before December 15?,delivery
Q02690,P0113,zh,春节前能到货吗?,delivery
Q02691,P0244,zh,发到德国需要多久?,delivery
Q02692,P0489,en,"Your competitor offers $X less, can you match it?",price
Q02693,P0307,en,Can you change the box design to our brand?,customization
Q02694,P0062,zh,和同类产品相比价格偏高。,price
Q02695,P0086,zh,电池容量多少毫安?,feature
Q02696,P0169,en,How long is the shipping time to Germany?,delivery
Q02697,P0495,en,Any chance of a 10% discount for first-time buyers?,price
Q02698,P0038,zh,"你们竞争对手报价更低,能否匹配?",price
Q02699,P0465,en,Can you guarantee delivery before December 15?,delivery
Q02700,P0374,en,"Your competitor offers $X less, can you match it?",price
Q02701,P0013,zh,材料是否不含BPA?,feature
Q02702,P0300,zh,最低起订量多少才能拿到折扣?,price
Q02703,P0130,en,Can you share the technical spec sheet?,feature
Q02704,P0063,zh,"需要定制零售包装,可以做吗?",customization
Q02705,P0166,zh,包装盒能换成我们的品牌设计吗?,customization
Q02706,P0188,zh,支持DDP发到美国吗?,delivery
Q02707,P0097,zh,保修期多久?,feature
Q02708,P0209,en,Can the color be customized?,customization
Q02709,P0220,zh,保修期多久?,feature
Q02710,P0400,zh,这个产品支持IPX7防水吗?,feature
Q02711,P0209,en,Does this product support waterproof IPX7?,feature
Q02712,P0384,en,Is the material BPA-free?,feature
Q02713,P0129,en,Is the price negotiable for 500 units?,price
Q02714,P0302,en,The price seems high compared to similar products.,price
Q02715,P0103,en,What's the warranty period?,feature
Q02716,P0256,en,Can you share the technical spec sheet?,feature
Q02717,P0442,zh,1000件的生产周期多久?,delivery
Q02718,P0435,zh,电池容量多少毫安?,feature
Q02719,P0172,en,What is the minimum order quantity to get a discount?,price
Q02720,P0116,zh,能保证12月15号前到货吗?,delivery
Q02721,P0336,en,Is the price negotiable for 500 units?,price
Q02722,P0101,zh,保修期多久?,feature
Q02723,P0345,zh,急单能走空运吗?,delivery
Q02724,P0037,zh,电池容量多少毫安?,feature
Q02725,P0285,zh,支持OEM/ODM吗?,customization
Q02726,P0127,en,Will the order arrive before Chinese New Year?,delivery
Q02727,P0016,zh,电池容量多少毫安?,feature
Q02728,P0186,zh,春节前能到货吗?,delivery
Q02729,P0400,zh,支持DDP发到美国吗?,delivery
Q02730,P0056,zh,这个产品支持IPX7防水吗?,feature
Q02731,P0259,zh,包装上能加我们的logo吗?,customization
Q02732,P0223,en,Is the material BPA-free?,feature
Q02733,P0490,en,What is the minimum order quantity to get a discount?,price
Q02734,P0150,zh,首次合作能给9折吗?,price
Q02735,P0167,en,Is air freight available for urgent orders?,delivery
Q02736,P0214,zh,有CE认证吗?,feature
Q02737,P0303,zh,包装盒能换成我们的品牌设计吗?,customization
Q02738,P0425,en,The price seems high compared to similar products.,price
Q02739,P0405,en,Does it come with a CE certification?,feature
Q02740,P0163,zh,500件的话价格能再优惠吗?,price
Q02741,P0068,en,Can the color be customized?,customization
Q02742,P0474,en,Does this product support waterproof IPX7?,feature
Q02743,P0104,en,Can you share the technical spec sheet?,feature
Q02744,P0446,zh,"需要定制零售包装,可以做吗?",customization
Q02745,P0260,zh,500件的话价格能再优惠吗?,price
Q02746,P0029,en,What's the warranty period?,feature
Q02747,P0182,zh,支持OEM/ODM吗?,customization
Q02748,P0077,en,Can the color be customized?,customization
Q02749,P0026,en,Can you offer a better price for bulk orders?,price
Q02750,P0365,en,Is air freight available for urgent orders?,delivery
Q02751,P0100,zh,有CE认证吗?,feature
Q02752,P0379,en,Can you share the technical spec sheet?,feature
Q02753,P0041,en,Does this product support waterproof IPX7?,feature
Q02754,P0332,zh,保修期多久?,feature
Q02755,P0097,zh,"需要定制零售包装,可以做吗?",customization
Q02756,P0243,en,What's the warranty period?,feature
Q02757,P0363,zh,和同类产品相比价格偏高。,price
Q02758,P0211,en,The price seems high compared to similar products.,price
Q02759,P0160,zh,有CE认证吗?,feature
Q02760,P0196,zh,支持DDP发到美国吗?,delivery
Q02761,P0083,en,What's the lead time for 1000 units?,delivery
Q02762,P0174,zh,发到德国需要多久?,delivery
Q02763,P0474,zh,首次合作能给9折吗?,price
Q02764,P0344,en,Do you support DDP shipping to the US?,delivery
Q02765,P0138,zh,发到德国需要多久?,delivery
Q02766,P0352,en,Any chance of a 10% discount for first-time buyers?,price
Q02767,P0232,en,What's the lead time for 1000 units?,delivery
Q02768,P0345,en,Is the material BPA-free?,feature
Q02769,P0485,en,Does this product support waterproof IPX7?,feature
Q02770,P0015,en,Do you support OEM/ODM service?,customization
Q02771,P0273,en,"Your competitor offers $X less, can you match it?",price
Q02772,P0152,zh,包装盒能换成我们的品牌设计吗?,customization
Q02773,P0272,en,How long is the shipping time to Germany?,delivery
Q02774,P0433,zh,"你们竞争对手报价更低,能否匹配?",price
Q02775,P0284,zh,大批量采购可以给个更好的价格吗?,price
Q02776,P0095,en,What is the battery capacity?,feature
Q02777,P0292,en,Does it come with a CE certification?,feature
Q02778,P0414,zh,500件的话价格能再优惠吗?,price
Q02779,P0366,en,Is the price negotiable for 500 units?,price
Q02780,P0335,zh,500件的话价格能再优惠吗?,price
Q02781,P0255,zh,能保证12月15号前到货吗?,delivery
Q02782,P0011,en,What is the battery capacity?,feature
Q02783,P0441,zh,500件的话价格能再优惠吗?,price
Q02784,P0262,en,Can you share the technical spec sheet?,feature
Q02785,P0057,zh,有CE认证吗?,feature
Q02786,P0085,en,Can you change the box design to our brand?,customization
Q02787,P0186,en,Can the color be customized?,customization
Q02788,P0059,zh,保修期多久?,feature
Q02789,P0058,en,What is the battery capacity?,feature
Q02790,P0102,zh,能保证12月15号前到货吗?,delivery
Q02791,P0288,zh,1000件的生产周期多久?,delivery
Q02792,P0204,zh,材料是否不含BPA?,feature
Q02793,P0283,en,How long is the shipping time to Germany?,delivery
Q02794,P0085,en,Do you have any promotional pricing this month?,price
Q02795,P0291,zh,能保证12月15号前到货吗?,delivery
Q02796,P0334,zh,发到德国需要多久?,delivery
Q02797,P0350,en,How long is the shipping time to Germany?,delivery
Q02798,P0273,zh,这个月有促销价吗?,price
Q02799,P0397,zh,保修期多久?,feature
Q02800,P0294,en,Is air freight available for urgent orders?,delivery
Q02801,P0412,zh,保修期多久?,feature
Q02802,P0440,zh,首次合作能给9折吗?,price
Q02803,P0250,zh,这个产品支持IPX7防水吗?,feature
Q02804,P0044,en,What is the battery capacity?,feature
Q02805,P0428,zh,保修期多久?,feature
Q02806,P0140,en,What is the minimum order quantity to get a discount?,price
Q02807,P0483,zh,能发一下技术参数表吗?,feature
Q02808,P0395,zh,"你们竞争对手报价更低,能否匹配?",price
Q02809,P0296,zh,这个月有促销价吗?,price
Q02810,P0441,en,"Your competitor offers $X less, can you match it?",price
Q02811,P0392,zh,能发一下技术参数表吗?,feature
Q02812,P0468,zh,支持DDP发到美国吗?,delivery
Q02813,P0153,zh,这个月有促销价吗?,price
Q02814,P0431,en,Any chance of a 10% discount for first-time buyers?,price
Q02815,P0340,en,Do you have any promotional pricing this month?,price
Q02816,P0470,zh,首次合作能给9折吗?,price
Q02817,P0487,en,What is the minimum order quantity to get a discount?,price
Q02818,P0476,en,Is the price negotiable for 500 units?,price
Q02819,P0275,zh,包装盒能换成我们的品牌设计吗?,customization
Q02820,P0329,zh,可以做自有品牌包装吗?,customization
Q02821,P0251,zh,能发一下技术参数表吗?,feature
Q02822,P0261,zh,急单能走空运吗?,delivery
Q02823,P0400,en,Can you guarantee delivery before December 15?,delivery
Q02824,P0141,en,How long is the shipping time to Germany?,delivery
Q02825,P0224,zh,"你们竞争对手报价更低,能否匹配?",price
Q02826,P0009,zh,大批量采购可以给个更好的价格吗?,price
Q02827,P0275,zh,和同类产品相比价格偏高。,price
Q02828,P0470,zh,能发一下技术参数表吗?,feature
Q02829,P0354,zh,大批量采购可以给个更好的价格吗?,price
Q02830,P0202,zh,首次合作能给9折吗?,price
Q02831,P0263,zh,可以做自有品牌包装吗?,customization
Q02832,P0278,zh,大批量采购可以给个更好的价格吗?,price
Q02833,P0388,en,The price seems high compared to similar products.,price
Q02834,P0340,zh,500件的话价格能再优惠吗?,price
Q02835,P0120,zh,这个月有促销价吗?,price
Q02836,P0144,zh,支持OEM/ODM吗?,customization
Q02837,P0480,zh,能保证12月15号前到货吗?,delivery
Q02838,P0464,zh,1000件的生产周期多久?,delivery
Q02839,P0052,zh,大批量采购可以给个更好的价格吗?,price
Q02840,P0483,en,Does it come with a CE certification?,feature
Q02841,P0416,en,How long is the shipping time to Germany?,delivery
Q02842,P0374,zh,保修期多久?,feature
Q02843,P0019,zh,500件的话价格能再优惠吗?,price
Q02844,P0369,zh,大批量采购可以给个更好的价格吗?,price
Q02845,P0474,en,What is the minimum order quantity to get a discount?,price
Q02846,P0091,en,Can you offer a better price for bulk orders?,price
Q02847,P0487,en,Any chance of a 10% discount for first-time buyers?,price
Q02848,P0372,zh,首次合作能给9折吗?,price
Q02849,P0330,zh,有CE认证吗?,feature
Q02850,P0399,zh,电池容量多少毫安?,feature
Q02851,P0072,zh,有CE认证吗?,feature
Q02852,P0149,zh,材料是否不含BPA?,feature
Q02853,P0121,en,Can the color be customized?,customization
Q02854,P0207,en,Is private label packaging available?,customization
Q02855,P0227,zh,春节前能到货吗?,delivery
Q02856,P0313,zh,材料是否不含BPA?,feature
Q02857,P0200,zh,可以做自有品牌包装吗?,customization
Q02858,P0011,zh,包装盒能换成我们的品牌设计吗?,customization
Q02859,P0078,zh,大批量采购可以给个更好的价格吗?,price
Q02860,P0267,en,What is the battery capacity?,feature
Q02861,P0180,zh,这个月有促销价吗?,price
Q02862,P0243,en,Do you have any promotional pricing this month?,price
Q02863,P0021,zh,能发一下技术参数表吗?,feature
Q02864,P0038,en,Do you support OEM/ODM service?,customization
Q02865,P0324,zh,有CE认证吗?,feature
Q02866,P0268,en,Will the order arrive before Chinese New Year?,delivery
Q02867,P0493,en,Is the price negotiable for 500 units?,price
Q02868,P0111,en,What's the warranty period?,feature
Q02869,P0081,en,What's the warranty period?,feature
Q02870,P0321,zh,这个月有促销价吗?,price
Q02871,P0316,en,Any chance of a 10% discount for first-time buyers?,price
Q02872,P0089,zh,保修期多久?,feature
Q02873,P0300,zh,电池容量多少毫安?,feature
Q02874,P0171,zh,这个月有促销价吗?,price
Q02875,P0452,en,Do you have any promotional pricing this month?,price
Q02876,P0254,zh,能保证12月15号前到货吗?,delivery
Q02877,P0318,en,Will the order arrive before Chinese New Year?,delivery
Q02878,P0130,en,Do you have any promotional pricing this month?,price
Q02879,P0007,zh,能保证12月15号前到货吗?,delivery
Q02880,P0028,zh,最低起订量多少才能拿到折扣?,price
Q02881,P0189,en,Any chance of a 10% discount for first-time buyers?,price
Q02882,P0230,en,Is the material BPA-free?,feature
Q02883,P0474,en,Can you share the technical spec sheet?,feature
Q02884,P0171,en,Do you support OEM/ODM service?,customization
Q02885,P0245,en,Do you have any promotional pricing this month?,price
Q02886,P0136,en,What is the battery capacity?,feature
Q02887,P0461,zh,500件的话价格能再优惠吗?,price
Q02888,P0228,zh,500件的话价格能再优惠吗?,price
Q02889,P0444,zh,电池容量多少毫安?,feature
Q02890,P0492,en,Do you have any promotional pricing this month?,price
Q02891,P0364,en,"Your competitor offers $X less, can you match it?",price
Q02892,P0388,zh,有CE认证吗?,feature
Q02893,P0304,en,Is the material BPA-free?,feature
Q02894,P0123,zh,材料是否不含BPA?,feature
Q02895,P0128,zh,和同类产品相比价格偏高。,price
Q02896,P0252,zh,和同类产品相比价格偏高。,price
Q02897,P0017,en,Do you have any promotional pricing this month?,price
Q02898,P0074,en,What is the battery capacity?,feature
Q02899,P0056,en,Can you guarantee delivery before December 15?,delivery
Q02900,P0105,zh,"你们竞争对手报价更低,能否匹配?",price
Q02901,P0210,en,Can you offer a better price for bulk orders?,price
Q02902,P0017,en,Do you have any promotional pricing this month?,price
Q02903,P0065,zh,支持DDP发到美国吗?,delivery
Q02904,P0001,zh,材料是否不含BPA?,feature
Q02905,P0028,en,Do you have any promotional pricing this month?,price
Q02906,P0401,en,Do you support DDP shipping to the US?,delivery
Q02907,P0375,zh,能保证12月15号前到货吗?,delivery
Q02908,P0495,zh,春节前能到货吗?,delivery
Q02909,P0181,en,Will the order arrive before Chinese New Year?,delivery
Q02910,P0189,zh,这个月有促销价吗?,price
Q02911,P0137,zh,发到德国需要多久?,delivery
Q02912,P0392,en,How long is the shipping time to Germany?,delivery
Q02913,P0330,en,Does it come with a CE certification?,feature
Q02914,P0283,zh,首次合作能给9折吗?,price
Q02915,P0428,zh,急单能走空运吗?,delivery
Q02916,P0361,zh,能发一下技术参数表吗?,feature
Q02917,P0414,zh,能保证12月15号前到货吗?,delivery
Q02918,P0134,en,What is the minimum order quantity to get a discount?,price
Q02919,P0096,en,What is the minimum order quantity to get a discount?,price
Q02920,P0134,en,Does it come with a CE certification?,feature
Q02921,P0210,en,Does it come with a CE certification?,feature
Q02922,P0282,zh,这个产品支持IPX7防水吗?,feature
Q02923,P0484,en,What is the minimum order quantity to get a discount?,price
Q02924,P0337,zh,这个产品支持IPX7防水吗?,feature
Q02925,P0399,en,What is the minimum order quantity to get a discount?,price
Q02926,P0297,en,Do you support OEM/ODM service?,customization
Q02927,P0126,zh,大批量采购可以给个更好的价格吗?,price
Q02928,P0308,en,What is the battery capacity?,feature
Q02929,P0409,en,What's the warranty period?,feature
Q02930,P0165,zh,支持OEM/ODM吗?,customization
Q02931,P0296,zh,材料是否不含BPA?,feature
Q02932,P0067,zh,能保证12月15号前到货吗?,delivery
Q02933,P0140,en,Will the order arrive before Chinese New Year?,delivery
Q02934,P0390,en,Is the price negotiable for 500 units?,price
Q02935,P0394,en,How long is the shipping time to Germany?,delivery
Q02936,P0411,zh,"需要定制零售包装,可以做吗?",customization
Q02937,P0481,zh,包装上能加我们的logo吗?,customization
Q02938,P0431,en,Is private label packaging available?,customization
Q02939,P0448,zh,有CE认证吗?,feature
Q02940,P0320,en,Is air freight available for urgent orders?,delivery
Q02941,P0437,zh,能发一下技术参数表吗?,feature
Q02942,P0089,zh,能发一下技术参数表吗?,feature
Q02943,P0277,en,Is private label packaging available?,customization
Q02944,P0195,zh,和同类产品相比价格偏高。,price
Q02945,P0365,zh,最低起订量多少才能拿到折扣?,price
Q02946,P0089,zh,大批量采购可以给个更好的价格吗?,price
Q02947,P0299,en,Any chance of a 10% discount for first-time buyers?,price
Q02948,P0404,zh,有CE认证吗?,feature
Q02949,P0488,zh,电池容量多少毫安?,feature
Q02950,P0067,en,Can you guarantee delivery before December 15?,delivery
Q02951,P0092,zh,能发一下技术参数表吗?,feature
Q02952,P0126,zh,"需要定制零售包装,可以做吗?",customization
Q02953,P0193,en,The price seems high compared to similar products.,price
Q02954,P0033,zh,包装上能加我们的logo吗?,customization
Q02955,P0203,en,Will the order arrive before Chinese New Year?,delivery
Q02956,P0274,zh,急单能走空运吗?,delivery
Q02957,P0386,en,Can we add our logo on the packaging?,customization
Q02958,P0439,en,Any chance of a 10% discount for first-time buyers?,price
Q02959,P0245,en,Is the material BPA-free?,feature
Q02960,P0317,zh,有CE认证吗?,feature
Q02961,P0076,en,The price seems high compared to similar products.,price
Q02962,P0388,zh,和同类产品相比价格偏高。,price
Q02963,P0353,zh,大批量采购可以给个更好的价格吗?,price
Q02964,P0196,en,What is the battery capacity?,feature
Q02965,P0151,en,"Your competitor offers $X less, can you match it?",price
Q02966,P0094,en,Can you offer a better price for bulk orders?,price
Q02967,P0172,zh,包装盒能换成我们的品牌设计吗?,customization
Q02968,P0203,en,"We need custom retail packaging, is that possible?",customization
Q02969,P0117,en,Does it come with a CE certification?,feature
Q02970,P0310,zh,能保证12月15号前到货吗?,delivery
Q02971,P0131,en,Will the order arrive before Chinese New Year?,delivery
Q02972,P0433,en,Can you guarantee delivery before December 15?,delivery
Q02973,P0373,en,Can you share the technical spec sheet?,feature
Q02974,P0220,en,Do you have any promotional pricing this month?,price
Q02975,P0481,zh,急单能走空运吗?,delivery
Q02976,P0305,en,Will the order arrive before Chinese New Year?,delivery
Q02977,P0480,en,"Your competitor offers $X less, can you match it?",price
Q02978,P0108,zh,保修期多久?,feature
Q02979,P0466,en,Is the price negotiable for 500 units?,price
Q02980,P0034,en,Is the price negotiable for 500 units?,price
Q02981,P0347,zh,材料是否不含BPA?,feature
Q02982,P0224,zh,500件的话价格能再优惠吗?,price
Q02983,P0250,en,Can you offer a better price for bulk orders?,price
Q02984,P0237,zh,这个月有促销价吗?,price
Q02985,P0325,zh,急单能走空运吗?,delivery
Q02986,P0121,zh,500件的话价格能再优惠吗?,price
Q02987,P0278,zh,支持DDP发到美国吗?,delivery
Q02988,P0252,en,Will the order arrive before Chinese New Year?,delivery
Q02989,P0267,zh,和同类产品相比价格偏高。,price
Q02990,P0413,en,"We need custom retail packaging, is that possible?",customization
Q02991,P0039,en,The price seems high compared to similar products.,price
Q02992,P0358,zh,和同类产品相比价格偏高。,price
Q02993,P0284,zh,保修期多久?,feature
Q02994,P0298,zh,材料是否不含BPA?,feature
Q02995,P0488,en,What's the warranty period?,feature
Q02996,P0441,en,What is the minimum order quantity to get a discount?,price
Q02997,P0182,en,The price seems high compared to similar products.,price
Q02998,P0418,zh,发到德国需要多久?,delivery
Q02999,P0321,zh,急单能走空运吗?,delivery
Q03000,P0244,en,Can we add our logo on the packaging?,customization
Q03001,P0352,en,The price seems high compared to similar products.,price
Q03002,P0348,zh,首次合作能给9折吗?,price
Q03003,P0342,en,The price seems high compared to similar products.,price
Q03004,P0487,en,Do you support OEM/ODM service?,customization
Q03005,P0195,zh,这个产品支持IPX7防水吗?,feature
Q03006,P0151,zh,能发一下技术参数表吗?,feature
Q03007,P0242,zh,颜色可以定制吗?,customization
Q03008,P0380,zh,电池容量多少毫安?,feature
Q03009,P0039,en,Can you share the technical spec sheet?,feature
Q03010,P0199,zh,"你们竞争对手报价更低,能否匹配?",price
Q03011,P0144,en,Can we add our logo on the packaging?,customization
Q03012,P0180,zh,"需要定制零售包装,可以做吗?",customization
Q03013,P0069,en,What is the minimum order quantity to get a discount?,price
Q03014,P0153,zh,发到德国需要多久?,delivery
Q03015,P0204,en,Can you offer a better price for bulk orders?,price
Q03016,P0044,en,Can the color be customized?,customization
Q03017,P0393,zh,能发一下技术参数表吗?,feature
Q03018,P0318,zh,能发一下技术参数表吗?,feature
Q03019,P0417,en,Can the color be customized?,customization
Q03020,P0239,zh,颜色可以定制吗?,customization
Q03021,P0301,en,Is the material BPA-free?,feature
Q03022,P0337,zh,急单能走空运吗?,delivery
Q03023,P0160,en,Can you offer a better price for bulk orders?,price
Q03024,P0370,zh,电池容量多少毫安?,feature
Q03025,P0344,zh,"你们竞争对手报价更低,能否匹配?",price
Q03026,P0233,en,The price seems high compared to similar products.,price
Q03027,P0103,en,Will the order arrive before Chinese New Year?,delivery
Q03028,P0133,en,"Your competitor offers $X less, can you match it?",price
Q03029,P0212,zh,有CE认证吗?,feature
Q03030,P0065,zh,材料是否不含BPA?,feature
Q03031,P0299,en,The price seems high compared to similar products.,price
Q03032,P0278,en,Can you guarantee delivery before December 15?,delivery
Q03033,P0260,en,"We need custom retail packaging, is that possible?",customization
Q03034,P0365,zh,1000件的生产周期多久?,delivery
Q03035,P0224,en,Can you share the technical spec sheet?,feature
Q03036,P0492,en,Does it come with a CE certification?,feature
Q03037,P0237,en,Is air freight available for urgent orders?,delivery
Q03038,P0077,zh,发到德国需要多久?,delivery
Q03039,P0425,zh,有CE认证吗?,feature
Q03040,P0436,zh,有CE认证吗?,feature
Q03041,P0479,zh,"你们竞争对手报价更低,能否匹配?",price
Q03042,P0140,zh,500件的话价格能再优惠吗?,price
Q03043,P0367,en,Does this product support waterproof IPX7?,feature
Q03044,P0012,zh,发到德国需要多久?,delivery
Q03045,P0312,en,Does it come with a CE certification?,feature
Q03046,P0217,en,Do you have any promotional pricing this month?,price
Q03047,P0337,en,Can we add our logo on the packaging?,customization
Q03048,P0119,zh,"你们竞争对手报价更低,能否匹配?",price
Q03049,P0056,en,Can you guarantee delivery before December 15?,delivery
Q03050,P0261,en,Do you have any promotional pricing this month?,price
Q03051,P0457,en,Can we add our logo on the packaging?,customization
Q03052,P0115,en,Can you guarantee delivery before December 15?,delivery
Q03053,P0432,en,Will the order arrive before Chinese New Year?,delivery
Q03054,P0245,zh,材料是否不含BPA?,feature
Q03055,P0062,zh,支持DDP发到美国吗?,delivery
Q03056,P0085,en,What is the minimum order quantity to get a discount?,price
Q03057,P0080,en,What is the battery capacity?,feature
Q03058,P0243,zh,包装上能加我们的logo吗?,customization
Q03059,P0018,zh,支持DDP发到美国吗?,delivery
Q03060,P0200,en,What's the lead time for 1000 units?,delivery
Q03061,P0492,zh,包装上能加我们的logo吗?,customization
Q03062,P0377,zh,材料是否不含BPA?,feature
Q03063,P0146,en,Does this product support waterproof IPX7?,feature
Q03064,P0243,en,Is air freight available for urgent orders?,delivery
Q03065,P0122,zh,最低起订量多少才能拿到折扣?,price
Q03066,P0081,en,"Your competitor offers $X less, can you match it?",price
Q03067,P0176,en,Do you support OEM/ODM service?,customization
Q03068,P0312,zh,首次合作能给9折吗?,price
Q03069,P0372,en,Can you guarantee delivery before December 15?,delivery
Q03070,P0067,en,Can you change the box design to our brand?,customization
Q03071,P0371,en,The price seems high compared to similar products.,price
Q03072,P0392,zh,包装上能加我们的logo吗?,customization
Q03073,P0163,zh,首次合作能给9折吗?,price
Q03074,P0024,zh,500件的话价格能再优惠吗?,price
Q03075,P0387,zh,这个产品支持IPX7防水吗?,feature
Q03076,P0032,en,What's the warranty period?,feature
Q03077,P0454,zh,有CE认证吗?,feature
Q03078,P0180,en,Is the price negotiable for 500 units?,price
Q03079,P0480,zh,能发一下技术参数表吗?,feature
Q03080,P0014,en,"Your competitor offers $X less, can you match it?",price
Q03081,P0296,en,What is the minimum order quantity to get a discount?,price
Q03082,P0312,en,Do you support DDP shipping to the US?,delivery
Q03083,P0171,en,Does this product support waterproof IPX7?,feature
Q03084,P0412,zh,电池容量多少毫安?,feature
Q03085,P0450,zh,最低起订量多少才能拿到折扣?,price
Q03086,P0492,en,Do you support DDP shipping to the US?,delivery
Q03087,P0425,zh,最低起订量多少才能拿到折扣?,price
Q03088,P0234,zh,最低起订量多少才能拿到折扣?,price
Q03089,P0436,zh,支持OEM/ODM吗?,customization
Q03090,P0460,zh,首次合作能给9折吗?,price
Q03091,P0022,zh,这个产品支持IPX7防水吗?,feature
Q03092,P0156,en,Can the color be customized?,customization
Q03093,P0495,zh,支持OEM/ODM吗?,customization
Q03094,P0243,en,Can you guarantee delivery before December 15?,delivery
Q03095,P0280,zh,大批量采购可以给个更好的价格吗?,price
Q03096,P0202,en,Will the order arrive before Chinese New Year?,delivery
Q03097,P0041,zh,包装上能加我们的logo吗?,customization
Q03098,P0050,en,The price seems high compared to similar products.,price
Q03099,P0047,zh,可以做自有品牌包装吗?,customization
Q03100,P0122,en,Does this product support waterproof IPX7?,feature
Q03101,P0232,en,Does it come with a CE certification?,feature
Q03102,P0171,zh,能发一下技术参数表吗?,feature
Q03103,P0280,en,Does it come with a CE certification?,feature
Q03104,P0085,zh,和同类产品相比价格偏高。,price
Q03105,P0168,zh,包装盒能换成我们的品牌设计吗?,customization
Q03106,P0370,en,Does this product support waterproof IPX7?,feature
Q03107,P0339,en,Is the price negotiable for 500 units?,price
Q03108,P0260,zh,支持DDP发到美国吗?,delivery
Q03109,P0300,en,Any chance of a 10% discount for first-time buyers?,price
Q03110,P0189,en,What's the warranty period?,feature
Q03111,P0414,zh,这个产品支持IPX7防水吗?,feature
Q03112,P0289,zh,发到德国需要多久?,delivery
Q03113,P0002,en,The price seems high compared to similar products.,price
Q03114,P0315,en,Does it come with a CE certification?,feature
Q03115,P0416,en,What is the battery capacity?,feature
Q03116,P0388,en,Does this product support waterproof IPX7?,feature
Q03117,P0363,en,Is air freight available for urgent orders?,delivery
Q03118,P0491,en,Does it come with a CE certification?,feature
Q03119,P0034,zh,有CE认证吗?,feature
Q03120,P0315,en,Can you offer a better price for bulk orders?,price
Q03121,P0131,zh,发到德国需要多久?,delivery
Q03122,P0382,zh,保修期多久?,feature
Q03123,P0042,zh,保修期多久?,feature
Q03124,P0286,zh,能发一下技术参数表吗?,feature
Q03125,P0087,zh,大批量采购可以给个更好的价格吗?,price
Q03126,P0232,en,The price seems high compared to similar products.,price
Q03127,P0463,en,Do you support DDP shipping to the US?,delivery
Q03128,P0443,zh,春节前能到货吗?,delivery
Q03129,P0006,en,What's the warranty period?,feature
Q03130,P0276,zh,电池容量多少毫安?,feature
Q03131,P0334,zh,最低起订量多少才能拿到折扣?,price
Q03132,P0392,zh,这个产品支持IPX7防水吗?,feature
Q03133,P0331,zh,能发一下技术参数表吗?,feature
Q03134,P0354,en,Is air freight available for urgent orders?,delivery
Q03135,P0063,en,Does it come with a CE certification?,feature
Q03136,P0171,zh,能发一下技术参数表吗?,feature
Q03137,P0480,en,What's the lead time for 1000 units?,delivery
Q03138,P0200,zh,包装盒能换成我们的品牌设计吗?,customization
Q03139,P0487,zh,材料是否不含BPA?,feature
Q03140,P0284,en,Is the price negotiable for 500 units?,price
Q03141,P0390,zh,首次合作能给9折吗?,price
Q03142,P0344,en,What is the minimum order quantity to get a discount?,price
Q03143,P0103,en,Does it come with a CE certification?,feature
Q03144,P0385,en,What's the warranty period?,feature
Q03145,P0377,en,Can you share the technical spec sheet?,feature
Q03146,P0281,en,Can you guarantee delivery before December 15?,delivery
Q03147,P0149,zh,颜色可以定制吗?,customization
Q03148,P0271,en,Does this product support waterproof IPX7?,feature
Q03149,P0173,en,Do you support DDP shipping to the US?,delivery
Q03150,P0400,en,Is private label packaging available?,customization
Q03151,P0068,zh,这个产品支持IPX7防水吗?,feature
Q03152,P0293,en,The price seems high compared to similar products.,price
Q03153,P0012,zh,颜色可以定制吗?,customization
Q03154,P0487,en,Is the price negotiable for 500 units?,price
Q03155,P0310,en,The price seems high compared to similar products.,price
Q03156,P0335,en,Can you share the technical spec sheet?,feature
Q03157,P0041,en,The price seems high compared to similar products.,price
Q03158,P0273,zh,急单能走空运吗?,delivery
Q03159,P0359,en,What's the warranty period?,feature
Q03160,P0499,en,"We need custom retail packaging, is that possible?",customization
Q03161,P0126,zh,保修期多久?,feature
Q03162,P0478,zh,这个产品支持IPX7防水吗?,feature
Q03163,P0473,en,Can the color be customized?,customization
Q03164,P0041,zh,包装盒能换成我们的品牌设计吗?,customization
Q03165,P0053,en,Do you have any promotional pricing this month?,price
Q03166,P0345,en,Can the color be customized?,customization
Q03167,P0103,zh,电池容量多少毫安?,feature
Q03168,P0285,zh,材料是否不含BPA?,feature
Q03169,P0036,zh,大批量采购可以给个更好的价格吗?,price
Q03170,P0125,en,Does this product support waterproof IPX7?,feature
Q03171,P0466,en,Can you share the technical spec sheet?,feature
Q03172,P0152,en,Do you support OEM/ODM service?,customization
Q03173,P0313,zh,和同类产品相比价格偏高。,price
Q03174,P0042,zh,首次合作能给9折吗?,price
Q03175,P0041,zh,这个产品支持IPX7防水吗?,feature
Q03176,P0270,en,Is the material BPA-free?,feature
Q03177,P0246,zh,电池容量多少毫安?,feature
Q03178,P0428,en,Can the color be customized?,customization
Q03179,P0044,zh,最低起订量多少才能拿到折扣?,price
Q03180,P0221,zh,支持OEM/ODM吗?,customization
Q03181,P0137,zh,发到德国需要多久?,delivery
Q03182,P0262,zh,材料是否不含BPA?,feature
Q03183,P0057,zh,最低起订量多少才能拿到折扣?,price
Q03184,P0073,en,Can you share the technical spec sheet?,feature
Q03185,P0319,en,What is the minimum order quantity to get a discount?,price
Q03186,P0337,zh,1000件的生产周期多久?,delivery
Q03187,P0312,en,"Your competitor offers $X less, can you match it?",price
Q03188,P0122,zh,材料是否不含BPA?,feature
Q03189,P0316,en,Does this product support waterproof IPX7?,feature
Q03190,P0208,zh,500件的话价格能再优惠吗?,price
Q03191,P0277,en,Does this product support waterproof IPX7?,feature
Q03192,P0059,zh,"你们竞争对手报价更低,能否匹配?",price
Q03193,P0031,zh,最低起订量多少才能拿到折扣?,price
Q03194,P0404,zh,首次合作能给9折吗?,price
Q03195,P0264,en,Do you support OEM/ODM service?,customization
Q03196,P0362,en,Does it come with a CE certification?,feature
Q03197,P0318,zh,500件的话价格能再优惠吗?,price
Q03198,P0090,en,Can you guarantee delivery before December 15?,delivery
Q03199,P0270,zh,"你们竞争对手报价更低,能否匹配?",price
Q03200,P0345,en,Can you guarantee delivery before December 15?,delivery
Q03201,P0471,en,What's the lead time for 1000 units?,delivery
Q03202,P0490,zh,1000件的生产周期多久?,delivery
Q03203,P0347,zh,能保证12月15号前到货吗?,delivery
Q03204,P0025,en,What is the battery capacity?,feature
Q03205,P0035,en,Is air freight available for urgent orders?,delivery
Q03206,P0083,zh,这个产品支持IPX7防水吗?,feature
Q03207,P0371,zh,保修期多久?,feature
Q03208,P0112,zh,保修期多久?,feature
Q03209,P0330,zh,支持DDP发到美国吗?,delivery
Q03210,P0115,zh,有CE认证吗?,feature
Q03211,P0012,zh,500件的话价格能再优惠吗?,price
Q03212,P0305,zh,能发一下技术参数表吗?,feature
Q03213,P0073,zh,最低起订量多少才能拿到折扣?,price
Q03214,P0431,en,"We need custom retail packaging, is that possible?",customization
Q03215,P0250,en,How long is the shipping time to Germany?,delivery
Q03216,P0424,en,Can you offer a better price for bulk orders?,price
Q03217,P0336,en,Can you share the technical spec sheet?,feature
Q03218,P0212,zh,包装上能加我们的logo吗?,customization
Q03219,P0197,zh,"你们竞争对手报价更低,能否匹配?",price
Q03220,P0131,zh,1000件的生产周期多久?,delivery
Q03221,P0370,en,What's the warranty period?,feature
Q03222,P0461,zh,颜色可以定制吗?,customization
Q03223,P0483,en,Do you support OEM/ODM service?,customization
Q03224,P0201,zh,包装上能加我们的logo吗?,customization
Q03225,P0350,zh,最低起订量多少才能拿到折扣?,price
Q03226,P0286,en,What's the lead time for 1000 units?,delivery
Q03227,P0144,zh,首次合作能给9折吗?,price
Q03228,P0428,en,"Your competitor offers $X less, can you match it?",price
Q03229,P0076,en,Can we add our logo on the packaging?,customization
Q03230,P0367,en,Do you support DDP shipping to the US?,delivery
Q03231,P0191,zh,500件的话价格能再优惠吗?,price
Q03232,P0076,en,How long is the shipping time to Germany?,delivery
Q03233,P0057,en,Do you have any promotional pricing this month?,price
Q03234,P0153,en,Is private label packaging available?,customization
Q03235,P0462,zh,这个月有促销价吗?,price
Q03236,P0406,zh,能发一下技术参数表吗?,feature
Q03237,P0399,zh,支持DDP发到美国吗?,delivery
Q03238,P0132,en,What is the minimum order quantity to get a discount?,price
Q03239,P0003,zh,大批量采购可以给个更好的价格吗?,price
Q03240,P0241,zh,这个产品支持IPX7防水吗?,feature
Q03241,P0402,zh,春节前能到货吗?,delivery
Q03242,P0303,en,Is the price negotiable for 500 units?,price
Q03243,P0188,en,Do you support OEM/ODM service?,customization
Q03244,P0038,en,Can we add our logo on the packaging?,customization
Q03245,P0090,en,Is the material BPA-free?,feature
Q03246,P0255,zh,电池容量多少毫安?,feature
Q03247,P0321,zh,春节前能到货吗?,delivery
Q03248,P0332,zh,电池容量多少毫安?,feature
Q03249,P0066,zh,可以做自有品牌包装吗?,customization
Q03250,P0160,zh,颜色可以定制吗?,customization
Q03251,P0219,zh,这个月有促销价吗?,price
Q03252,P0038,zh,保修期多久?,feature
Q03253,P0018,zh,"你们竞争对手报价更低,能否匹配?",price
Q03254,P0226,en,What's the warranty period?,feature
Q03255,P0325,en,Will the order arrive before Chinese New Year?,delivery
Q03256,P0186,en,What's the warranty period?,feature
Q03257,P0272,zh,材料是否不含BPA?,feature
Q03258,P0059,en,Is the material BPA-free?,feature
Q03259,P0407,zh,电池容量多少毫安?,feature
Q03260,P0330,zh,500件的话价格能再优惠吗?,price
Q03261,P0319,zh,大批量采购可以给个更好的价格吗?,price
Q03262,P0108,en,Is the price negotiable for 500 units?,price
Q03263,P0060,en,"We need custom retail packaging, is that possible?",customization
Q03264,P0095,en,"Your competitor offers $X less, can you match it?",price
Q03265,P0143,en,Does this product support waterproof IPX7?,feature
Q03266,P0024,en,Is the price negotiable for 500 units?,price
Q03267,P0365,zh,这个产品支持IPX7防水吗?,feature
Q03268,P0345,zh,"你们竞争对手报价更低,能否匹配?",price
Q03269,P0383,en,Is the price negotiable for 500 units?,price
Q03270,P0314,en,Do you have any promotional pricing this month?,price
Q03271,P0087,zh,500件的话价格能再优惠吗?,price
Q03272,P0199,en,Do you have any promotional pricing this month?,price
Q03273,P0456,zh,"需要定制零售包装,可以做吗?",customization
Q03274,P0192,en,Can you guarantee delivery before December 15?,delivery
Q03275,P0248,zh,500件的话价格能再优惠吗?,price
Q03276,P0397,zh,能保证12月15号前到货吗?,delivery
Q03277,P0355,zh,首次合作能给9折吗?,price
Q03278,P0085,en,Can you share the technical spec sheet?,feature
Q03279,P0482,zh,1000件的生产周期多久?,delivery
Q03280,P0092,en,What's the warranty period?,feature
Q03281,P0276,en,Can you share the technical spec sheet?,feature
Q03282,P0189,en,Is the material BPA-free?,feature
Q03283,P0349,en,Is the price negotiable for 500 units?,price
Q03284,P0052,en,Do you support DDP shipping to the US?,delivery
Q03285,P0306,zh,最低起订量多少才能拿到折扣?,price
Q03286,P0076,zh,发到德国需要多久?,delivery
Q03287,P0462,en,Do you support DDP shipping to the US?,delivery
Q03288,P0000,en,Do you have any promotional pricing this month?,price
Q03289,P0462,en,Does this product support waterproof IPX7?,feature
Q03290,P0328,zh,500件的话价格能再优惠吗?,price
Q03291,P0178,en,Is the price negotiable for 500 units?,price
Q03292,P0087,zh,能发一下技术参数表吗?,feature
Q03293,P0061,en,Is air freight available for urgent orders?,delivery
Q03294,P0112,en,Is the material BPA-free?,feature
Q03295,P0386,zh,可以做自有品牌包装吗?,customization
Q03296,P0287,zh,最低起订量多少才能拿到折扣?,price
Q03297,P0448,en,Is air freight available for urgent orders?,delivery
Q03298,P0327,zh,1000件的生产周期多久?,delivery
Q03299,P0460,zh,电池容量多少毫安?,feature
Q03300,P0356,en,Do you have any promotional pricing this month?,price
Q03301,P0354,zh,发到德国需要多久?,delivery
Q03302,P0159,zh,1000件的生产周期多久?,delivery
Q03303,P0317,en,Is private label packaging available?,customization
Q03304,P0163,en,"We need custom retail packaging, is that possible?",customization
Q03305,P0206,zh,500件的话价格能再优惠吗?,price
Q03306,P0102,zh,"你们竞争对手报价更低,能否匹配?",price
Q03307,P0020,zh,急单能走空运吗?,delivery
Q03308,P0332,zh,和同类产品相比价格偏高。,price
Q03309,P0254,zh,"你们竞争对手报价更低,能否匹配?",price
Q03310,P0249,zh,500件的话价格能再优惠吗?,price
Q03311,P0145,zh,大批量采购可以给个更好的价格吗?,price
Q03312,P0383,en,The price seems high compared to similar products.,price
Q03313,P0114,zh,有CE认证吗?,feature
Q03314,P0154,zh,材料是否不含BPA?,feature
Q03315,P0120,zh,这个月有促销价吗?,price
Q03316,P0002,zh,保修期多久?,feature
Q03317,P0243,zh,包装盒能换成我们的品牌设计吗?,customization
Q03318,P0372,en,What is the battery capacity?,feature
Q03319,P0167,en,Can you offer a better price for bulk orders?,price
Q03320,P0071,en,What's the lead time for 1000 units?,delivery
Q03321,P0005,en,Is private label packaging available?,customization
Q03322,P0089,zh,急单能走空运吗?,delivery
Q03323,P0047,zh,急单能走空运吗?,delivery
Q03324,P0321,en,Is private label packaging available?,customization
Q03325,P0420,zh,500件的话价格能再优惠吗?,price
Q03326,P0140,en,Is the price negotiable for 500 units?,price
Q03327,P0299,zh,500件的话价格能再优惠吗?,price
Q03328,P0416,zh,能发一下技术参数表吗?,feature
Q03329,P0167,en,Can you share the technical spec sheet?,feature
Q03330,P0184,en,Do you have any promotional pricing this month?,price
Q03331,P0223,en,Any chance of a 10% discount for first-time buyers?,price
Q03332,P0186,en,What is the minimum order quantity to get a discount?,price
Q03333,P0355,zh,能保证12月15号前到货吗?,delivery
Q03334,P0151,en,Do you have any promotional pricing this month?,price
Q03335,P0489,en,What is the minimum order quantity to get a discount?,price
Q03336,P0362,en,"Your competitor offers $X less, can you match it?",price
Q03337,P0080,en,How long is the shipping time to Germany?,delivery
Q03338,P0317,en,"We need custom retail packaging, is that possible?",customization
Q03339,P0362,en,Can you share the technical spec sheet?,feature
Q03340,P0155,en,The price seems high compared to similar products.,price
Q03341,P0064,en,Can we add our logo on the packaging?,customization
Q03342,P0439,en,"We need custom retail packaging, is that possible?",customization
Q03343,P0375,zh,电池容量多少毫安?,feature
Q03344,P0499,en,Can you share the technical spec sheet?,feature
Q03345,P0311,zh,"需要定制零售包装,可以做吗?",customization
Q03346,P0007,zh,春节前能到货吗?,delivery
Q03347,P0329,zh,支持DDP发到美国吗?,delivery
Q03348,P0318,en,Do you have any promotional pricing this month?,price
Q03349,P0352,zh,发到德国需要多久?,delivery
Q03350,P0345,en,Is the price negotiable for 500 units?,price
Q03351,P0086,zh,支持DDP发到美国吗?,delivery
Q03352,P0368,en,The price seems high compared to similar products.,price
Q03353,P0242,zh,包装上能加我们的logo吗?,customization
Q03354,P0286,en,What is the battery capacity?,feature
Q03355,P0480,en,Do you support OEM/ODM service?,customization
Q03356,P0262,en,Do you have any promotional pricing this month?,price
Q03357,P0400,en,Can the color be customized?,customization
Q03358,P0278,zh,最低起订量多少才能拿到折扣?,price
Q03359,P0356,zh,这个月有促销价吗?,price
Q03360,P0066,en,What's the lead time for 1000 units?,delivery
Q03361,P0404,zh,可以做自有品牌包装吗?,customization
Q03362,P0081,zh,有CE认证吗?,feature
Q03363,P0051,zh,急单能走空运吗?,delivery
Q03364,P0434,zh,大批量采购可以给个更好的价格吗?,price
Q03365,P0485,en,What's the warranty period?,feature
Q03366,P0487,en,"Your competitor offers $X less, can you match it?",price
Q03367,P0403,zh,保修期多久?,feature
Q03368,P0163,en,Does it come with a CE certification?,feature
Q03369,P0179,zh,支持OEM/ODM吗?,customization
Q03370,P0163,en,Is air freight available for urgent orders?,delivery
Q03371,P0218,en,Can we add our logo on the packaging?,customization
Q03372,P0225,zh,支持OEM/ODM吗?,customization
Q03373,P0112,en,"Your competitor offers $X less, can you match it?",price
Q03374,P0081,en,Is the price negotiable for 500 units?,price
Q03375,P0475,en,Can you offer a better price for bulk orders?,price
Q03376,P0439,en,Any chance of a 10% discount for first-time buyers?,price
Q03377,P0422,en,Do you have any promotional pricing this month?,price
Q03378,P0367,en,What is the battery capacity?,feature
Q03379,P0023,en,What's the warranty period?,feature
Q03380,P0160,zh,这个月有促销价吗?,price
Q03381,P0460,zh,最低起订量多少才能拿到折扣?,price
Q03382,P0208,en,Is the price negotiable for 500 units?,price
Q03383,P0448,en,Does it come with a CE certification?,feature
Q03384,P0175,en,"Your competitor offers $X less, can you match it?",price
Q03385,P0395,en,Can you offer a better price for bulk orders?,price
Q03386,P0073,zh,大批量采购可以给个更好的价格吗?,price
Q03387,P0269,en,Can you share the technical spec sheet?,feature
Q03388,P0453,zh,和同类产品相比价格偏高。,price
Q03389,P0073,zh,这个产品支持IPX7防水吗?,feature
Q03390,P0443,en,Is air freight available for urgent orders?,delivery
Q03391,P0343,en,The price seems high compared to similar products.,price
Q03392,P0134,zh,"你们竞争对手报价更低,能否匹配?",price
Q03393,P0304,zh,电池容量多少毫安?,feature
Q03394,P0022,en,Is the price negotiable for 500 units?,price
Q03395,P0174,zh,首次合作能给9折吗?,price
Q03396,P0474,en,Can you offer a better price for bulk orders?,price
Q03397,P0235,en,What is the minimum order quantity to get a discount?,price
Q03398,P0049,zh,500件的话价格能再优惠吗?,price
Q03399,P0404,zh,这个产品支持IPX7防水吗?,feature
Q03400,P0210,zh,电池容量多少毫安?,feature
Q03401,P0284,zh,发到德国需要多久?,delivery
Q03402,P0129,en,Will the order arrive before Chinese New Year?,delivery
Q03403,P0208,en,Do you support DDP shipping to the US?,delivery
Q03404,P0352,zh,最低起订量多少才能拿到折扣?,price
Q03405,P0000,zh,能发一下技术参数表吗?,feature
Q03406,P0401,zh,500件的话价格能再优惠吗?,price
Q03407,P0353,zh,有CE认证吗?,feature
Q03408,P0369,zh,保修期多久?,feature
Q03409,P0180,en,Can you offer a better price for bulk orders?,price
Q03410,P0167,zh,支持DDP发到美国吗?,delivery
Q03411,P0124,zh,这个月有促销价吗?,price
Q03412,P0179,en,Can you share the technical spec sheet?,feature
Q03413,P0001,en,Do you support DDP shipping to the US?,delivery
Q03414,P0156,en,What is the minimum order quantity to get a discount?,price
Q03415,P0194,en,What's the warranty period?,feature
Q03416,P0395,zh,大批量采购可以给个更好的价格吗?,price
Q03417,P0157,zh,"需要定制零售包装,可以做吗?",customization
Q03418,P0444,en,Does this product support waterproof IPX7?,feature
Q03419,P0457,en,Is air freight available for urgent orders?,delivery
Q03420,P0033,zh,这个产品支持IPX7防水吗?,feature
Q03421,P0212,en,The price seems high compared to similar products.,price
Q03422,P0395,en,What's the lead time for 1000 units?,delivery
Q03423,P0425,zh,最低起订量多少才能拿到折扣?,price
Q03424,P0093,en,Is the material BPA-free?,feature
Q03425,P0234,zh,大批量采购可以给个更好的价格吗?,price
Q03426,P0335,zh,这个月有促销价吗?,price
Q03427,P0477,en,Does it come with a CE certification?,feature
Q03428,P0445,en,Is the price negotiable for 500 units?,price
Q03429,P0062,en,Is private label packaging available?,customization
Q03430,P0422,zh,"你们竞争对手报价更低,能否匹配?",price
Q03431,P0332,en,"Your competitor offers $X less, can you match it?",price
Q03432,P0291,en,What is the battery capacity?,feature
Q03433,P0286,en,Do you support OEM/ODM service?,customization
Q03434,P0434,zh,材料是否不含BPA?,feature
Q03435,P0061,zh,材料是否不含BPA?,feature
Q03436,P0013,en,Does this product support waterproof IPX7?,feature
Q03437,P0499,zh,1000件的生产周期多久?,delivery
Q03438,P0173,zh,材料是否不含BPA?,feature
Q03439,P0208,zh,能保证12月15号前到货吗?,delivery
Q03440,P0111,zh,保修期多久?,feature
Q03441,P0001,en,Can you share the technical spec sheet?,feature
Q03442,P0185,en,"Your competitor offers $X less, can you match it?",price
Q03443,P0422,en,Can we add our logo on the packaging?,customization
Q03444,P0094,en,Is the material BPA-free?,feature
Q03445,P0464,zh,包装盒能换成我们的品牌设计吗?,customization
Q03446,P0386,zh,"你们竞争对手报价更低,能否匹配?",price
Q03447,P0476,en,"We need custom retail packaging, is that possible?",customization
Q03448,P0272,zh,支持DDP发到美国吗?,delivery
Q03449,P0414,en,What is the battery capacity?,feature
Q03450,P0280,en,What is the minimum order quantity to get a discount?,price
Q03451,P0340,en,Can you share the technical spec sheet?,feature
Q03452,P0337,zh,发到德国需要多久?,delivery
Q03453,P0270,zh,能发一下技术参数表吗?,feature
Q03454,P0038,zh,"你们竞争对手报价更低,能否匹配?",price
Q03455,P0217,zh,500件的话价格能再优惠吗?,price
Q03456,P0117,zh,1000件的生产周期多久?,delivery
Q03457,P0122,en,Can you offer a better price for bulk orders?,price
Q03458,P0282,zh,有CE认证吗?,feature
Q03459,P0007,zh,"你们竞争对手报价更低,能否匹配?",price
Q03460,P0010,zh,有CE认证吗?,feature
Q03461,P0154,zh,这个产品支持IPX7防水吗?,feature
Q03462,P0071,zh,有CE认证吗?,feature
Q03463,P0466,zh,和同类产品相比价格偏高。,price
Q03464,P0323,zh,有CE认证吗?,feature
Q03465,P0198,en,Do you support DDP shipping to the US?,delivery
Q03466,P0463,zh,可以做自有品牌包装吗?,customization
Q03467,P0292,zh,首次合作能给9折吗?,price
Q03468,P0391,en,Can you offer a better price for bulk orders?,price
Q03469,P0133,zh,材料是否不含BPA?,feature
Q03470,P0064,en,How long is the shipping time to Germany?,delivery
Q03471,P0482,en,What's the lead time for 1000 units?,delivery
Q03472,P0008,en,Will the order arrive before Chinese New Year?,delivery
Q03473,P0093,en,Can you share the technical spec sheet?,feature
Q03474,P0308,en,Will the order arrive before Chinese New Year?,delivery
Q03475,P0392,en,What's the lead time for 1000 units?,delivery
Q03476,P0001,zh,能保证12月15号前到货吗?,delivery
Q03477,P0247,en,What is the battery capacity?,feature
Q03478,P0115,zh,最低起订量多少才能拿到折扣?,price
Q03479,P0210,zh,"需要定制零售包装,可以做吗?",customization
Q03480,P0494,en,Can you offer a better price for bulk orders?,price
Q03481,P0017,zh,有CE认证吗?,feature
Q03482,P0023,en,What is the battery capacity?,feature
Q03483,P0447,en,Do you have any promotional pricing this month?,price
Q03484,P0186,en,Does this product support waterproof IPX7?,feature
Q03485,P0087,zh,材料是否不含BPA?,feature
Q03486,P0486,zh,春节前能到货吗?,delivery
Q03487,P0352,en,Can you share the technical spec sheet?,feature
Q03488,P0191,zh,大批量采购可以给个更好的价格吗?,price
Q03489,P0127,en,Do you have any promotional pricing this month?,price
Q03490,P0383,zh,大批量采购可以给个更好的价格吗?,price
Q03491,P0033,en,What's the warranty period?,feature
Q03492,P0098,en,Is air freight available for urgent orders?,delivery
Q03493,P0025,zh,支持OEM/ODM吗?,customization
Q03494,P0130,zh,有CE认证吗?,feature
Q03495,P0034,en,What is the battery capacity?,feature
Q03496,P0126,zh,"需要定制零售包装,可以做吗?",customization
Q03497,P0219,zh,1000件的生产周期多久?,delivery
Q03498,P0172,zh,支持OEM/ODM吗?,customization
Q03499,P0385,zh,能发一下技术参数表吗?,feature
Q03500,P0085,en,Will the order arrive before Chinese New Year?,delivery
Q03501,P0378,zh,能发一下技术参数表吗?,feature
Q03502,P0008,en,Is the material BPA-free?,feature
Q03503,P0391,zh,材料是否不含BPA?,feature
Q03504,P0459,en,"Your competitor offers $X less, can you match it?",price
Q03505,P0326,en,Is the price negotiable for 500 units?,price
Q03506,P0453,zh,电池容量多少毫安?,feature
Q03507,P0240,en,Does it come with a CE certification?,feature
Q03508,P0481,en,Can you change the box design to our brand?,customization
Q03509,P0254,en,Does it come with a CE certification?,feature
Q03510,P0172,en,Does it come with a CE certification?,feature
Q03511,P0174,en,What's the warranty period?,feature
Q03512,P0259,zh,这个产品支持IPX7防水吗?,feature
Q03513,P0236,zh,支持OEM/ODM吗?,customization
Q03514,P0121,zh,这个月有促销价吗?,price
Q03515,P0197,zh,这个产品支持IPX7防水吗?,feature
Q03516,P0462,zh,有CE认证吗?,feature
Q03517,P0015,zh,大批量采购可以给个更好的价格吗?,price
Q03518,P0197,zh,电池容量多少毫安?,feature
Q03519,P0421,zh,最低起订量多少才能拿到折扣?,price
Q03520,P0404,zh,最低起订量多少才能拿到折扣?,price
Q03521,P0215,zh,最低起订量多少才能拿到折扣?,price
Q03522,P0162,zh,首次合作能给9折吗?,price
Q03523,P0257,zh,可以做自有品牌包装吗?,customization
Q03524,P0408,en,What's the lead time for 1000 units?,delivery
Q03525,P0210,zh,材料是否不含BPA?,feature
Q03526,P0388,en,What is the minimum order quantity to get a discount?,price
Q03527,P0234,zh,急单能走空运吗?,delivery
Q03528,P0304,zh,发到德国需要多久?,delivery
Q03529,P0286,en,"We need custom retail packaging, is that possible?",customization
Q03530,P0308,zh,"你们竞争对手报价更低,能否匹配?",price
Q03531,P0227,zh,发到德国需要多久?,delivery
Q03532,P0035,en,Can you offer a better price for bulk orders?,price
Q03533,P0380,zh,颜色可以定制吗?,customization
Q03534,P0215,zh,包装盒能换成我们的品牌设计吗?,customization
Q03535,P0467,en,Any chance of a 10% discount for first-time buyers?,price
Q03536,P0102,zh,可以做自有品牌包装吗?,customization
Q03537,P0070,zh,大批量采购可以给个更好的价格吗?,price
Q03538,P0151,en,What is the battery capacity?,feature
Q03539,P0388,zh,这个产品支持IPX7防水吗?,feature
Q03540,P0453,en,What's the lead time for 1000 units?,delivery
Q03541,P0341,en,What is the battery capacity?,feature
Q03542,P0427,en,Is the price negotiable for 500 units?,price
Q03543,P0149,en,What's the warranty period?,feature
Q03544,P0318,zh,包装上能加我们的logo吗?,customization
Q03545,P0446,zh,大批量采购可以给个更好的价格吗?,price
Q03546,P0349,en,Is air freight available for urgent orders?,delivery
Q03547,P0488,zh,能发一下技术参数表吗?,feature
Q03548,P0248,en,What's the warranty period?,feature
Q03549,P0115,en,Does this product support waterproof IPX7?,feature
Q03550,P0408,en,What is the battery capacity?,feature
Q03551,P0134,en,Any chance of a 10% discount for first-time buyers?,price
Q03552,P0228,zh,有CE认证吗?,feature
Q03553,P0350,en,Do you support DDP shipping to the US?,delivery
Q03554,P0111,zh,颜色可以定制吗?,customization
Q03555,P0015,en,What's the warranty period?,feature
Q03556,P0097,en,The price seems high compared to similar products.,price
Q03557,P0378,en,Does this product support waterproof IPX7?,feature
Q03558,P0242,zh,包装上能加我们的logo吗?,customization
Q03559,P0214,en,Is the material BPA-free?,feature
Q03560,P0407,zh,1000件的生产周期多久?,delivery
Q03561,P0265,zh,能发一下技术参数表吗?,feature
Q03562,P0240,zh,有CE认证吗?,feature
Q03563,P0255,zh,可以做自有品牌包装吗?,customization
Q03564,P0388,en,Can you offer a better price for bulk orders?,price
Q03565,P0302,en,Can you offer a better price for bulk orders?,price
Q03566,P0382,zh,包装上能加我们的logo吗?,customization
Q03567,P0334,en,Do you support DDP shipping to the US?,delivery
Q03568,P0490,zh,这个月有促销价吗?,price
Q03569,P0338,zh,材料是否不含BPA?,feature
Q03570,P0248,en,Is the material BPA-free?,feature
Q03571,P0147,zh,这个月有促销价吗?,price
Q03572,P0008,zh,发到德国需要多久?,delivery
Q03573,P0139,en,Is the material BPA-free?,feature
Q03574,P0493,en,"Your competitor offers $X less, can you match it?",price
Q03575,P0305,zh,包装上能加我们的logo吗?,customization
Q03576,P0259,zh,材料是否不含BPA?,feature
Q03577,P0492,zh,首次合作能给9折吗?,price
Q03578,P0180,en,Is the price negotiable for 500 units?,price
Q03579,P0189,zh,1000件的生产周期多久?,delivery
Q03580,P0013,zh,可以做自有品牌包装吗?,customization
Q03581,P0258,zh,保修期多久?,feature
Q03582,P0212,zh,急单能走空运吗?,delivery
Q03583,P0132,en,What is the minimum order quantity to get a discount?,price
Q03584,P0322,en,What's the warranty period?,feature
Q03585,P0242,zh,急单能走空运吗?,delivery
Q03586,P0092,zh,可以做自有品牌包装吗?,customization
Q03587,P0411,en,What's the warranty period?,feature
Q03588,P0124,en,Can you share the technical spec sheet?,feature
Q03589,P0398,zh,发到德国需要多久?,delivery
Q03590,P0211,en,What is the minimum order quantity to get a discount?,price
Q03591,P0167,en,Does this product support waterproof IPX7?,feature
Q03592,P0372,en,Can the color be customized?,customization
Q03593,P0310,en,Is air freight available for urgent orders?,delivery
Q03594,P0494,en,Any chance of a 10% discount for first-time buyers?,price
Q03595,P0068,zh,包装上能加我们的logo吗?,customization
Q03596,P0468,en,Can you offer a better price for bulk orders?,price
Q03597,P0484,zh,保修期多久?,feature
Q03598,P0091,zh,和同类产品相比价格偏高。,price
Q03599,P0434,zh,500件的话价格能再优惠吗?,price
Q03600,P0297,en,Can you offer a better price for bulk orders?,price
Q03601,P0292,zh,"你们竞争对手报价更低,能否匹配?",price
Q03602,P0114,en,"Your competitor offers $X less, can you match it?",price
Q03603,P0292,en,Can the color be customized?,customization
Q03604,P0050,zh,这个月有促销价吗?,price
Q03605,P0363,zh,大批量采购可以给个更好的价格吗?,price
Q03606,P0478,en,Any chance of a 10% discount for first-time buyers?,price
Q03607,P0215,en,Do you have any promotional pricing this month?,price
Q03608,P0345,zh,这个月有促销价吗?,price
Q03609,P0216,zh,春节前能到货吗?,delivery
Q03610,P0156,en,Does this product support waterproof IPX7?,feature
Q03611,P0039,en,Does this product support waterproof IPX7?,feature
Q03612,P0060,zh,首次合作能给9折吗?,price
Q03613,P0317,zh,材料是否不含BPA?,feature
Q03614,P0107,zh,大批量采购可以给个更好的价格吗?,price
Q03615,P0027,zh,颜色可以定制吗?,customization
Q03616,P0226,zh,电池容量多少毫安?,feature
Q03617,P0362,zh,能保证12月15号前到货吗?,delivery
Q03618,P0315,en,Do you support OEM/ODM service?,customization
Q03619,P0246,zh,这个产品支持IPX7防水吗?,feature
Q03620,P0150,zh,春节前能到货吗?,delivery
Q03621,P0133,zh,这个月有促销价吗?,price
Q03622,P0347,en,What is the minimum order quantity to get a discount?,price
Q03623,P0073,en,"We need custom retail packaging, is that possible?",customization
Q03624,P0497,en,Can you share the technical spec sheet?,feature
Q03625,P0248,en,Does it come with a CE certification?,feature
Q03626,P0052,zh,首次合作能给9折吗?,price
Q03627,P0430,zh,包装盒能换成我们的品牌设计吗?,customization
Q03628,P0260,en,Can we add our logo on the packaging?,customization
Q03629,P0030,en,Does it come with a CE certification?,feature
Q03630,P0435,en,The price seems high compared to similar products.,price
Q03631,P0481,zh,急单能走空运吗?,delivery
Q03632,P0011,zh,"你们竞争对手报价更低,能否匹配?",price
Q03633,P0156,en,"Your competitor offers $X less, can you match it?",price
Q03634,P0122,en,Will the order arrive before Chinese New Year?,delivery
Q03635,P0011,zh,这个月有促销价吗?,price
Q03636,P0355,zh,电池容量多少毫安?,feature
Q03637,P0326,zh,保修期多久?,feature
Q03638,P0213,zh,包装盒能换成我们的品牌设计吗?,customization
Q03639,P0000,zh,这个产品支持IPX7防水吗?,feature
Q03640,P0358,zh,发到德国需要多久?,delivery
Q03641,P0091,en,What's the lead time for 1000 units?,delivery
Q03642,P0447,zh,电池容量多少毫安?,feature
Q03643,P0394,en,What's the lead time for 1000 units?,delivery
Q03644,P0194,zh,保修期多久?,feature
Q03645,P0308,zh,这个月有促销价吗?,price
Q03646,P0329,zh,发到德国需要多久?,delivery
Q03647,P0227,en,Is private label packaging available?,customization
Q03648,P0480,zh,可以做自有品牌包装吗?,customization
Q03649,P0105,en,What is the battery capacity?,feature
Q03650,P0181,zh,急单能走空运吗?,delivery
Q03651,P0485,zh,保修期多久?,feature
Q03652,P0245,zh,支持OEM/ODM吗?,customization
Q03653,P0093,en,"We need custom retail packaging, is that possible?",customization
Q03654,P0268,zh,包装盒能换成我们的品牌设计吗?,customization
Q03655,P0472,zh,"你们竞争对手报价更低,能否匹配?",price
Q03656,P0275,en,Does this product support waterproof IPX7?,feature
Q03657,P0200,zh,"需要定制零售包装,可以做吗?",customization
Q03658,P0225,en,Does it come with a CE certification?,feature
Q03659,P0289,zh,首次合作能给9折吗?,price
Q03660,P0075,en,Is the price negotiable for 500 units?,price
Q03661,P0110,zh,首次合作能给9折吗?,price
Q03662,P0129,zh,500件的话价格能再优惠吗?,price
Q03663,P0357,zh,包装盒能换成我们的品牌设计吗?,customization
Q03664,P0423,en,Is the material BPA-free?,feature
Q03665,P0381,en,Does this product support waterproof IPX7?,feature
Q03666,P0401,zh,能保证12月15号前到货吗?,delivery
Q03667,P0484,zh,最低起订量多少才能拿到折扣?,price
Q03668,P0403,en,Is the material BPA-free?,feature
Q03669,P0442,en,Does this product support waterproof IPX7?,feature
Q03670,P0335,zh,有CE认证吗?,feature
Q03671,P0285,zh,最低起订量多少才能拿到折扣?,price
Q03672,P0068,en,Can you guarantee delivery before December 15?,delivery
Q03673,P0467,en,Is the material BPA-free?,feature
Q03674,P0121,zh,可以做自有品牌包装吗?,customization
Q03675,P0413,en,What's the warranty period?,feature
Q03676,P0188,zh,能保证12月15号前到货吗?,delivery
Q03677,P0265,zh,和同类产品相比价格偏高。,price
Q03678,P0259,zh,颜色可以定制吗?,customization
Q03679,P0423,zh,支持DDP发到美国吗?,delivery
Q03680,P0369,en,Can we add our logo on the packaging?,customization
Q03681,P0402,zh,"你们竞争对手报价更低,能否匹配?",price
Q03682,P0184,en,Can we add our logo on the packaging?,customization
Q03683,P0182,en,Can you offer a better price for bulk orders?,price
Q03684,P0158,en,Can the color be customized?,customization
Q03685,P0128,en,Does this product support waterproof IPX7?,feature
Q03686,P0207,en,Can we add our logo on the packaging?,customization
Q03687,P0140,en,Can you share the technical spec sheet?,feature
Q03688,P0449,en,Is the price negotiable for 500 units?,price
Q03689,P0193,en,What's the lead time for 1000 units?,delivery
Q03690,P0435,en,Can we add our logo on the packaging?,customization
Q03691,P0157,zh,500件的话价格能再优惠吗?,price
Q03692,P0113,zh,大批量采购可以给个更好的价格吗?,price
Q03693,P0343,zh,保修期多久?,feature
Q03694,P0155,zh,大批量采购可以给个更好的价格吗?,price
Q03695,P0295,zh,可以做自有品牌包装吗?,customization
Q03696,P0276,zh,包装盒能换成我们的品牌设计吗?,customization
Q03697,P0187,zh,首次合作能给9折吗?,price
Q03698,P0025,zh,500件的话价格能再优惠吗?,price
Q03699,P0216,en,What's the warranty period?,feature
Q03700,P0333,en,"We need custom retail packaging, is that possible?",customization
Q03701,P0086,zh,电池容量多少毫安?,feature
Q03702,P0214,en,Does it come with a CE certification?,feature
Q03703,P0259,en,Is air freight available for urgent orders?,delivery
Q03704,P0325,en,Is the price negotiable for 500 units?,price
Q03705,P0181,en,Will the order arrive before Chinese New Year?,delivery
Q03706,P0450,zh,1000件的生产周期多久?,delivery
Q03707,P0038,zh,保修期多久?,feature
Q03708,P0177,en,Can we add our logo on the packaging?,customization
Q03709,P0395,en,Any chance of a 10% discount for first-time buyers?,price
Q03710,P0090,en,"Your competitor offers $X less, can you match it?",price
Q03711,P0464,zh,支持OEM/ODM吗?,customization
Q03712,P0239,zh,颜色可以定制吗?,customization
Q03713,P0146,en,Can you offer a better price for bulk orders?,price
Q03714,P0071,en,Does it come with a CE certification?,feature
Q03715,P0024,en,Does it come with a CE certification?,feature
Q03716,P0069,zh,这个月有促销价吗?,price
Q03717,P0375,en,The price seems high compared to similar products.,price
Q03718,P0452,en,The price seems high compared to similar products.,price
Q03719,P0132,en,Do you support OEM/ODM service?,customization
Q03720,P0125,zh,500件的话价格能再优惠吗?,price
Q03721,P0294,zh,"需要定制零售包装,可以做吗?",customization
Q03722,P0363,zh,大批量采购可以给个更好的价格吗?,price
Q03723,P0354,en,Is the material BPA-free?,feature
Q03724,P0290,zh,保修期多久?,feature
Q03725,P0350,en,Is air freight available for urgent orders?,delivery
Q03726,P0113,zh,支持OEM/ODM吗?,customization
Q03727,P0432,zh,最低起订量多少才能拿到折扣?,price
Q03728,P0470,en,What is the minimum order quantity to get a discount?,price
Q03729,P0176,en,What's the lead time for 1000 units?,delivery
Q03730,P0330,en,Is air freight available for urgent orders?,delivery
Q03731,P0305,zh,这个产品支持IPX7防水吗?,feature
Q03732,P0082,en,"Your competitor offers $X less, can you match it?",price
Q03733,P0060,zh,最低起订量多少才能拿到折扣?,price
Q03734,P0059,en,Is the material BPA-free?,feature
Q03735,P0322,zh,首次合作能给9折吗?,price
Q03736,P0308,en,What is the battery capacity?,feature
Q03737,P0039,en,Is the material BPA-free?,feature
Q03738,P0443,en,Is the price negotiable for 500 units?,price
Q03739,P0384,zh,急单能走空运吗?,delivery
Q03740,P0038,zh,春节前能到货吗?,delivery
Q03741,P0124,en,Do you support DDP shipping to the US?,delivery
Q03742,P0337,zh,最低起订量多少才能拿到折扣?,price
Q03743,P0496,en,What is the battery capacity?,feature
Q03744,P0370,zh,"你们竞争对手报价更低,能否匹配?",price
Q03745,P0378,en,Does this product support waterproof IPX7?,feature
Q03746,P0396,en,Does this product support waterproof IPX7?,feature
Q03747,P0322,zh,500件的话价格能再优惠吗?,price
Q03748,P0118,en,What's the warranty period?,feature
Q03749,P0264,en,Will the order arrive before Chinese New Year?,delivery
Q03750,P0120,zh,能保证12月15号前到货吗?,delivery
Q03751,P0025,en,The price seems high compared to similar products.,price
Q03752,P0243,en,Can you offer a better price for bulk orders?,price
Q03753,P0439,zh,这个月有促销价吗?,price
Q03754,P0030,en,Is air freight available for urgent orders?,delivery
Q03755,P0341,zh,这个月有促销价吗?,price
Q03756,P0159,en,Is the price negotiable for 500 units?,price
Q03757,P0101,zh,大批量采购可以给个更好的价格吗?,price
Q03758,P0067,en,The price seems high compared to similar products.,price
Q03759,P0153,en,Any chance of a 10% discount for first-time buyers?,price
Q03760,P0250,zh,"你们竞争对手报价更低,能否匹配?",price
Q03761,P0142,zh,和同类产品相比价格偏高。,price
Q03762,P0217,zh,"需要定制零售包装,可以做吗?",customization
Q03763,P0180,zh,最低起订量多少才能拿到折扣?,price
Q03764,P0244,zh,首次合作能给9折吗?,price
Q03765,P0438,zh,包装盒能换成我们的品牌设计吗?,customization
Q03766,P0250,zh,电池容量多少毫安?,feature
Q03767,P0424,zh,包装盒能换成我们的品牌设计吗?,customization
Q03768,P0129,zh,材料是否不含BPA?,feature
Q03769,P0113,en,Do you support OEM/ODM service?,customization
Q03770,P0280,zh,春节前能到货吗?,delivery
Q03771,P0111,en,Any chance of a 10% discount for first-time buyers?,price
Q03772,P0346,en,What is the minimum order quantity to get a discount?,price
Q03773,P0167,en,"Your competitor offers $X less, can you match it?",price
Q03774,P0074,zh,1000件的生产周期多久?,delivery
Q03775,P0022,zh,"你们竞争对手报价更低,能否匹配?",price
Q03776,P0303,zh,保修期多久?,feature
Q03777,P0207,en,"We need custom retail packaging, is that possible?",customization
Q03778,P0122,en,Can you offer a better price for bulk orders?,price
Q03779,P0108,zh,春节前能到货吗?,delivery
Q03780,P0163,en,Does this product support waterproof IPX7?,feature
Q03781,P0258,zh,和同类产品相比价格偏高。,price
Q03782,P0212,en,Can you share the technical spec sheet?,feature
Q03783,P0209,en,Is private label packaging available?,customization
Q03784,P0231,en,Can you offer a better price for bulk orders?,price
Q03785,P0461,zh,"你们竞争对手报价更低,能否匹配?",price
Q03786,P0412,en,Any chance of a 10% discount for first-time buyers?,price
Q03787,P0153,zh,发到德国需要多久?,delivery
Q03788,P0085,zh,材料是否不含BPA?,feature
Q03789,P0406,zh,能发一下技术参数表吗?,feature
Q03790,P0064,en,The price seems high compared to similar products.,price
Q03791,P0032,en,Can you change the box design to our brand?,customization
Q03792,P0298,en,Can we add our logo on the packaging?,customization
Q03793,P0096,zh,"你们竞争对手报价更低,能否匹配?",price
Q03794,P0166,zh,能保证12月15号前到货吗?,delivery
Q03795,P0353,en,Do you have any promotional pricing this month?,price
Q03796,P0168,en,The price seems high compared to similar products.,price
Q03797,P0213,zh,急单能走空运吗?,delivery
Q03798,P0419,zh,"需要定制零售包装,可以做吗?",customization
Q03799,P0488,en,Is the material BPA-free?,feature
Q03800,P0082,zh,有CE认证吗?,feature
Q03801,P0208,zh,首次合作能给9折吗?,price
Q03802,P0256,en,What is the battery capacity?,feature
Q03803,P0037,en,What is the minimum order quantity to get a discount?,price
Q03804,P0473,zh,这个产品支持IPX7防水吗?,feature
Q03805,P0254,zh,能发一下技术参数表吗?,feature
Q03806,P0360,zh,保修期多久?,feature
Q03807,P0060,zh,首次合作能给9折吗?,price
Q03808,P0417,zh,500件的话价格能再优惠吗?,price
Q03809,P0443,en,Do you have any promotional pricing this month?,price
Q03810,P0360,en,"Your competitor offers $X less, can you match it?",price
Q03811,P0269,zh,有CE认证吗?,feature
Q03812,P0377,en,Is the price negotiable for 500 units?,price
Q03813,P0136,en,Does this product support waterproof IPX7?,feature
Q03814,P0140,en,Is the price negotiable for 500 units?,price
Q03815,P0127,zh,和同类产品相比价格偏高。,price
Q03816,P0418,zh,材料是否不含BPA?,feature
Q03817,P0044,en,Do you support OEM/ODM service?,customization
Q03818,P0111,en,Does it come with a CE certification?,feature
Q03819,P0002,zh,这个月有促销价吗?,price
Q03820,P0326,en,Will the order arrive before Chinese New Year?,delivery
Q03821,P0367,zh,大批量采购可以给个更好的价格吗?,price
Q03822,P0407,en,Can you guarantee delivery before December 15?,delivery
Q03823,P0170,en,Does it come with a CE certification?,feature
Q03824,P0026,en,What is the minimum order quantity to get a discount?,price
Q03825,P0428,en,Any chance of a 10% discount for first-time buyers?,price
Q03826,P0311,zh,能发一下技术参数表吗?,feature
Q03827,P0349,en,What's the warranty period?,feature
Q03828,P0477,zh,大批量采购可以给个更好的价格吗?,price
Q03829,P0368,en,Can we add our logo on the packaging?,customization
Q03830,P0014,en,The price seems high compared to similar products.,price
Q03831,P0181,zh,和同类产品相比价格偏高。,price
Q03832,P0266,zh,最低起订量多少才能拿到折扣?,price
Q03833,P0259,zh,急单能走空运吗?,delivery
Q03834,P0442,zh,急单能走空运吗?,delivery
Q03835,P0001,en,"Your competitor offers $X less, can you match it?",price
Q03836,P0135,en,Can you change the box design to our brand?,customization
Q03837,P0061,zh,支持OEM/ODM吗?,customization
Q03838,P0493,en,"Your competitor offers $X less, can you match it?",price
Q03839,P0284,en,What's the lead time for 1000 units?,delivery
Q03840,P0430,en,Will the order arrive before Chinese New Year?,delivery
Q03841,P0395,zh,大批量采购可以给个更好的价格吗?,price
Q03842,P0385,zh,首次合作能给9折吗?,price
Q03843,P0024,zh,有CE认证吗?,feature
Q03844,P0052,zh,大批量采购可以给个更好的价格吗?,price
Q03845,P0082,en,Is the price negotiable for 500 units?,price
Q03846,P0421,zh,保修期多久?,feature
Q03847,P0423,en,Do you have any promotional pricing this month?,price
Q03848,P0294,zh,急单能走空运吗?,delivery
Q03849,P0326,en,What is the minimum order quantity to get a discount?,price
Q03850,P0288,zh,"你们竞争对手报价更低,能否匹配?",price
Q03851,P0215,zh,这个月有促销价吗?,price
Q03852,P0359,zh,最低起订量多少才能拿到折扣?,price
Q03853,P0271,zh,有CE认证吗?,feature
Q03854,P0076,en,Do you support DDP shipping to the US?,delivery
Q03855,P0366,en,Is air freight available for urgent orders?,delivery
Q03856,P0416,zh,能保证12月15号前到货吗?,delivery
Q03857,P0450,en,Do you support OEM/ODM service?,customization
Q03858,P0167,en,Does it come with a CE certification?,feature
Q03859,P0277,zh,"你们竞争对手报价更低,能否匹配?",price
Q03860,P0166,zh,春节前能到货吗?,delivery
Q03861,P0486,zh,发到德国需要多久?,delivery
Q03862,P0056,en,What's the warranty period?,feature
Q03863,P0118,en,What is the minimum order quantity to get a discount?,price
Q03864,P0208,zh,可以做自有品牌包装吗?,customization
Q03865,P0238,en,Is the price negotiable for 500 units?,price
Q03866,P0424,en,Does this product support waterproof IPX7?,feature
Q03867,P0496,en,Any chance of a 10% discount for first-time buyers?,price
Q03868,P0319,en,Is the price negotiable for 500 units?,price
Q03869,P0001,en,Do you support DDP shipping to the US?,delivery
Q03870,P0115,zh,最低起订量多少才能拿到折扣?,price
Q03871,P0072,zh,材料是否不含BPA?,feature
Q03872,P0143,en,Any chance of a 10% discount for first-time buyers?,price
Q03873,P0172,zh,"你们竞争对手报价更低,能否匹配?",price
Q03874,P0411,zh,发到德国需要多久?,delivery
Q03875,P0489,en,Any chance of a 10% discount for first-time buyers?,price
Q03876,P0338,zh,这个月有促销价吗?,price
Q03877,P0070,en,Is air freight available for urgent orders?,delivery
Q03878,P0386,zh,发到德国需要多久?,delivery
Q03879,P0485,zh,电池容量多少毫安?,feature
Q03880,P0202,en,Does this product support waterproof IPX7?,feature
Q03881,P0090,zh,电池容量多少毫安?,feature
Q03882,P0169,en,Is the material BPA-free?,feature
Q03883,P0263,en,Does it come with a CE certification?,feature
Q03884,P0106,zh,有CE认证吗?,feature
Q03885,P0327,en,Can you share the technical spec sheet?,feature
Q03886,P0386,zh,首次合作能给9折吗?,price
Q03887,P0193,en,Will the order arrive before Chinese New Year?,delivery
Q03888,P0351,zh,有CE认证吗?,feature
Q03889,P0334,en,Is private label packaging available?,customization
Q03890,P0237,zh,发到德国需要多久?,delivery
Q03891,P0107,en,Can you share the technical spec sheet?,feature
Q03892,P0253,zh,最低起订量多少才能拿到折扣?,price
Q03893,P0225,en,Will the order arrive before Chinese New Year?,delivery
Q03894,P0422,zh,包装上能加我们的logo吗?,customization
Q03895,P0134,en,Is the material BPA-free?,feature
Q03896,P0101,zh,有CE认证吗?,feature
Q03897,P0131,en,Can you share the technical spec sheet?,feature
Q03898,P0366,zh,首次合作能给9折吗?,price
Q03899,P0406,zh,能保证12月15号前到货吗?,delivery
Q03900,P0103,zh,急单能走空运吗?,delivery
Q03901,P0213,en,Is air freight available for urgent orders?,delivery
Q03902,P0231,en,Do you support DDP shipping to the US?,delivery
Q03903,P0027,zh,保修期多久?,feature
Q03904,P0421,en,The price seems high compared to similar products.,price
Q03905,P0359,en,Can the color be customized?,customization
Q03906,P0047,zh,这个产品支持IPX7防水吗?,feature
Q03907,P0153,zh,能保证12月15号前到货吗?,delivery
Q03908,P0226,en,Do you have any promotional pricing this month?,price
Q03909,P0090,zh,这个产品支持IPX7防水吗?,feature
Q03910,P0482,en,Do you support OEM/ODM service?,customization
Q03911,P0454,zh,首次合作能给9折吗?,price
Q03912,P0180,zh,保修期多久?,feature
Q03913,P0212,zh,电池容量多少毫安?,feature
Q03914,P0206,en,"We need custom retail packaging, is that possible?",customization
Q03915,P0076,en,Can we add our logo on the packaging?,customization
Q03916,P0429,zh,大批量采购可以给个更好的价格吗?,price
Q03917,P0283,zh,首次合作能给9折吗?,price
Q03918,P0479,zh,材料是否不含BPA?,feature
Q03919,P0290,en,What is the minimum order quantity to get a discount?,price
Q03920,P0034,en,Do you support DDP shipping to the US?,delivery
Q03921,P0034,zh,"你们竞争对手报价更低,能否匹配?",price
Q03922,P0005,zh,有CE认证吗?,feature
Q03923,P0253,en,What is the minimum order quantity to get a discount?,price
Q03924,P0113,zh,"你们竞争对手报价更低,能否匹配?",price
Q03925,P0172,en,Do you have any promotional pricing this month?,price
Q03926,P0022,zh,急单能走空运吗?,delivery
Q03927,P0349,zh,发到德国需要多久?,delivery
Q03928,P0315,en,Does this product support waterproof IPX7?,feature
Q03929,P0094,zh,最低起订量多少才能拿到折扣?,price
Q03930,P0326,zh,保修期多久?,feature
Q03931,P0368,zh,首次合作能给9折吗?,price
Q03932,P0083,en,Is air freight available for urgent orders?,delivery
Q03933,P0204,zh,首次合作能给9折吗?,price
Q03934,P0337,zh,能发一下技术参数表吗?,feature
Q03935,P0259,zh,这个产品支持IPX7防水吗?,feature
Q03936,P0482,zh,"你们竞争对手报价更低,能否匹配?",price
Q03937,P0498,zh,发到德国需要多久?,delivery
Q03938,P0321,zh,能保证12月15号前到货吗?,delivery
Q03939,P0226,en,Any chance of a 10% discount for first-time buyers?,price
Q03940,P0392,en,What is the battery capacity?,feature
Q03941,P0142,zh,有CE认证吗?,feature
Q03942,P0123,en,Will the order arrive before Chinese New Year?,delivery
Q03943,P0105,en,Any chance of a 10% discount for first-time buyers?,price
Q03944,P0133,en,Is the material BPA-free?,feature
Q03945,P0461,zh,"需要定制零售包装,可以做吗?",customization
Q03946,P0456,en,Can you share the technical spec sheet?,feature
Q03947,P0267,zh,可以做自有品牌包装吗?,customization
Q03948,P0384,en,Is air freight available for urgent orders?,delivery
Q03949,P0029,en,Do you support DDP shipping to the US?,delivery
Q03950,P0183,en,What is the minimum order quantity to get a discount?,price
Q03951,P0159,en,Can the color be customized?,customization
Q03952,P0308,zh,500件的话价格能再优惠吗?,price
Q03953,P0497,zh,春节前能到货吗?,delivery
Q03954,P0183,zh,有CE认证吗?,feature
Q03955,P0392,en,Does it come with a CE certification?,feature
Q03956,P0019,en,Any chance of a 10% discount for first-time buyers?,price
Q03957,P0001,zh,材料是否不含BPA?,feature
Q03958,P0396,en,Will the order arrive before Chinese New Year?,delivery
Q03959,P0310,en,Do you have any promotional pricing this month?,price
Q03960,P0296,zh,材料是否不含BPA?,feature
Q03961,P0198,en,"We need custom retail packaging, is that possible?",customization
Q03962,P0397,en,Do you support OEM/ODM service?,customization
Q03963,P0076,en,Can you offer a better price for bulk orders?,price
Q03964,P0016,zh,保修期多久?,feature
Q03965,P0127,en,Do you have any promotional pricing this month?,price
Q03966,P0050,zh,1000件的生产周期多久?,delivery
Q03967,P0140,en,Can you guarantee delivery before December 15?,delivery
Q03968,P0308,zh,最低起订量多少才能拿到折扣?,price
Q03969,P0303,en,Does this product support waterproof IPX7?,feature
Q03970,P0460,zh,颜色可以定制吗?,customization
Q03971,P0408,zh,和同类产品相比价格偏高。,price
Q03972,P0491,zh,保修期多久?,feature
Q03973,P0349,zh,春节前能到货吗?,delivery
Q03974,P0095,zh,保修期多久?,feature
Q03975,P0373,en,"Your competitor offers $X less, can you match it?",price
Q03976,P0394,zh,材料是否不含BPA?,feature
Q03977,P0317,en,Is the material BPA-free?,feature
Q03978,P0447,zh,支持OEM/ODM吗?,customization
Q03979,P0361,en,Can you change the box design to our brand?,customization
Q03980,P0119,en,Do you support DDP shipping to the US?,delivery
Q03981,P0315,en,Is the price negotiable for 500 units?,price
Q03982,P0261,en,Do you have any promotional pricing this month?,price
Q03983,P0221,zh,春节前能到货吗?,delivery
Q03984,P0422,zh,最低起订量多少才能拿到折扣?,price
Q03985,P0064,zh,这个产品支持IPX7防水吗?,feature
Q03986,P0244,en,Does this product support waterproof IPX7?,feature
Q03987,P0122,zh,和同类产品相比价格偏高。,price
Q03988,P0360,en,Any chance of a 10% discount for first-time buyers?,price
Q03989,P0166,zh,最低起订量多少才能拿到折扣?,price
Q03990,P0470,en,Can you share the technical spec sheet?,feature
Q03991,P0120,en,Any chance of a 10% discount for first-time buyers?,price
Q03992,P0125,en,The price seems high compared to similar products.,price
Q03993,P0116,zh,支持OEM/ODM吗?,customization
Q03994,P0089,en,Do you support DDP shipping to the US?,delivery
Q03995,P0094,en,"Your competitor offers $X less, can you match it?",price
Q03996,P0460,zh,包装盒能换成我们的品牌设计吗?,customization
Q03997,P0181,zh,这个月有促销价吗?,price
Q03998,P0029,zh,"你们竞争对手报价更低,能否匹配?",price
Q03999,P0308,zh,支持DDP发到美国吗?,delivery
Q04000,P0037,en,Will the order arrive before Chinese New Year?,delivery
Q04001,P0127,en,Can the color be customized?,customization
Q04002,P0381,zh,大批量采购可以给个更好的价格吗?,price
Q04003,P0026,zh,能保证12月15号前到货吗?,delivery
Q04004,P0195,en,Is private label packaging available?,customization
Q04005,P0457,zh,大批量采购可以给个更好的价格吗?,price
Q04006,P0138,en,What's the warranty period?,feature
Q04007,P0010,en,Is air freight available for urgent orders?,delivery
Q04008,P0452,zh,有CE认证吗?,feature
Q04009,P0255,en,Will the order arrive before Chinese New Year?,delivery
Q04010,P0385,zh,500件的话价格能再优惠吗?,price
Q04011,P0433,en,The price seems high compared to similar products.,price
Q04012,P0361,zh,急单能走空运吗?,delivery
Q04013,P0401,en,Does it come with a CE certification?,feature
Q04014,P0060,en,Is private label packaging available?,customization
Q04015,P0191,zh,有CE认证吗?,feature
Q04016,P0252,zh,支持DDP发到美国吗?,delivery
Q04017,P0219,en,What is the minimum order quantity to get a discount?,price
Q04018,P0179,zh,支持OEM/ODM吗?,customization
Q04019,P0254,en,Can the color be customized?,customization
Q04020,P0350,zh,最低起订量多少才能拿到折扣?,price
Q04021,P0218,en,What is the battery capacity?,feature
Q04022,P0043,zh,大批量采购可以给个更好的价格吗?,price
Q04023,P0078,zh,有CE认证吗?,feature
Q04024,P0278,en,How long is the shipping time to Germany?,delivery
Q04025,P0495,en,Do you support OEM/ODM service?,customization
Q04026,P0450,en,"Your competitor offers $X less, can you match it?",price
Q04027,P0339,en,Can we add our logo on the packaging?,customization
Q04028,P0314,zh,包装上能加我们的logo吗?,customization
Q04029,P0307,en,Do you have any promotional pricing this month?,price
Q04030,P0146,en,What's the lead time for 1000 units?,delivery
Q04031,P0195,en,Can you guarantee delivery before December 15?,delivery
Q04032,P0432,en,How long is the shipping time to Germany?,delivery
Q04033,P0211,en,What's the warranty period?,feature
Q04034,P0304,zh,能保证12月15号前到货吗?,delivery
Q04035,P0051,zh,这个产品支持IPX7防水吗?,feature
Q04036,P0227,en,The price seems high compared to similar products.,price
Q04037,P0083,zh,能保证12月15号前到货吗?,delivery
Q04038,P0190,en,Does this product support waterproof IPX7?,feature
Q04039,P0171,en,Can you share the technical spec sheet?,feature
Q04040,P0099,zh,能保证12月15号前到货吗?,delivery
Q04041,P0409,zh,支持OEM/ODM吗?,customization
Q04042,P0041,zh,首次合作能给9折吗?,price
Q04043,P0088,zh,包装上能加我们的logo吗?,customization
Q04044,P0435,zh,最低起订量多少才能拿到折扣?,price
Q04045,P0375,en,Do you support DDP shipping to the US?,delivery
Q04046,P0192,zh,材料是否不含BPA?,feature
Q04047,P0075,zh,这个产品支持IPX7防水吗?,feature
Q04048,P0204,en,How long is the shipping time to Germany?,delivery
Q04049,P0270,en,What is the battery capacity?,feature
Q04050,P0410,zh,最低起订量多少才能拿到折扣?,price
Q04051,P0051,zh,1000件的生产周期多久?,delivery
Q04052,P0059,zh,能发一下技术参数表吗?,feature
Q04053,P0314,en,Can we add our logo on the packaging?,customization
Q04054,P0035,zh,最低起订量多少才能拿到折扣?,price
Q04055,P0497,en,The price seems high compared to similar products.,price
Q04056,P0259,zh,最低起订量多少才能拿到折扣?,price
Q04057,P0277,en,What is the battery capacity?,feature
Q04058,P0219,en,Can the color be customized?,customization
Q04059,P0190,en,Is private label packaging available?,customization
Q04060,P0465,zh,这个月有促销价吗?,price
Q04061,P0195,zh,保修期多久?,feature
Q04062,P0073,en,Can you offer a better price for bulk orders?,price
Q04063,P0068,zh,500件的话价格能再优惠吗?,price
Q04064,P0124,en,Is the price negotiable for 500 units?,price
Q04065,P0128,en,Do you have any promotional pricing this month?,price
Q04066,P0426,zh,1000件的生产周期多久?,delivery
Q04067,P0453,zh,材料是否不含BPA?,feature
Q04068,P0205,zh,发到德国需要多久?,delivery
Q04069,P0074,en,Is the price negotiable for 500 units?,price
Q04070,P0337,en,Does this product support waterproof IPX7?,feature
Q04071,P0035,en,Can we add our logo on the packaging?,customization
Q04072,P0492,en,Can you guarantee delivery before December 15?,delivery
Q04073,P0257,zh,材料是否不含BPA?,feature
Q04074,P0033,zh,能发一下技术参数表吗?,feature
Q04075,P0254,en,The price seems high compared to similar products.,price
Q04076,P0250,zh,包装上能加我们的logo吗?,customization
Q04077,P0037,en,Can you change the box design to our brand?,customization
Q04078,P0341,zh,颜色可以定制吗?,customization
Q04079,P0382,zh,大批量采购可以给个更好的价格吗?,price
Q04080,P0256,en,Does this product support waterproof IPX7?,feature
Q04081,P0280,zh,材料是否不含BPA?,feature
Q04082,P0264,zh,支持DDP发到美国吗?,delivery
Q04083,P0063,en,Will the order arrive before Chinese New Year?,delivery
Q04084,P0026,en,What is the battery capacity?,feature
Q04085,P0002,zh,"需要定制零售包装,可以做吗?",customization
Q04086,P0208,zh,这个月有促销价吗?,price
Q04087,P0101,en,Do you support DDP shipping to the US?,delivery
Q04088,P0253,en,What is the battery capacity?,feature
Q04089,P0071,en,Can you offer a better price for bulk orders?,price
Q04090,P0139,en,"We need custom retail packaging, is that possible?",customization
Q04091,P0222,zh,500件的话价格能再优惠吗?,price
Q04092,P0265,zh,颜色可以定制吗?,customization
Q04093,P0475,en,What's the warranty period?,feature
Q04094,P0314,en,Is private label packaging available?,customization
Q04095,P0385,zh,最低起订量多少才能拿到折扣?,price
Q04096,P0346,en,Can the color be customized?,customization
Q04097,P0314,en,What's the warranty period?,feature
Q04098,P0499,zh,材料是否不含BPA?,feature
Q04099,P0072,en,"Your competitor offers $X less, can you match it?",price
Q04100,P0439,en,Any chance of a 10% discount for first-time buyers?,price
Q04101,P0188,zh,发到德国需要多久?,delivery
Q04102,P0327,zh,首次合作能给9折吗?,price
Q04103,P0249,zh,春节前能到货吗?,delivery
Q04104,P0337,en,"Your competitor offers $X less, can you match it?",price
Q04105,P0266,zh,急单能走空运吗?,delivery
Q04106,P0231,zh,1000件的生产周期多久?,delivery
Q04107,P0181,en,Is air freight available for urgent orders?,delivery
Q04108,P0293,en,Can you guarantee delivery before December 15?,delivery
Q04109,P0280,en,The price seems high compared to similar products.,price
Q04110,P0345,zh,500件的话价格能再优惠吗?,price
Q04111,P0244,en,What is the minimum order quantity to get a discount?,price
Q04112,P0363,zh,和同类产品相比价格偏高。,price
Q04113,P0472,en,What's the warranty period?,feature
Q04114,P0400,zh,这个月有促销价吗?,price
Q04115,P0077,en,Do you support DDP shipping to the US?,delivery
Q04116,P0437,en,Can you change the box design to our brand?,customization
Q04117,P0309,en,Is air freight available for urgent orders?,delivery
Q04118,P0469,en,"Your competitor offers $X less, can you match it?",price
Q04119,P0497,zh,500件的话价格能再优惠吗?,price
Q04120,P0085,zh,大批量采购可以给个更好的价格吗?,price
Q04121,P0448,zh,电池容量多少毫安?,feature
Q04122,P0271,en,Do you support OEM/ODM service?,customization
Q04123,P0095,zh,和同类产品相比价格偏高。,price
Q04124,P0090,en,Do you have any promotional pricing this month?,price
Q04125,P0433,en,"Your competitor offers $X less, can you match it?",price
Q04126,P0391,en,Does this product support waterproof IPX7?,feature
Q04127,P0161,zh,春节前能到货吗?,delivery
Q04128,P0093,en,Is the material BPA-free?,feature
Q04129,P0376,zh,能发一下技术参数表吗?,feature
Q04130,P0381,zh,能保证12月15号前到货吗?,delivery
Q04131,P0188,en,What is the minimum order quantity to get a discount?,price
Q04132,P0046,en,Any chance of a 10% discount for first-time buyers?,price
Q04133,P0395,zh,这个产品支持IPX7防水吗?,feature
Q04134,P0467,en,Does it come with a CE certification?,feature
Q04135,P0103,zh,保修期多久?,feature
Q04136,P0341,zh,有CE认证吗?,feature
Q04137,P0474,zh,保修期多久?,feature
Q04138,P0455,zh,能发一下技术参数表吗?,feature
Q04139,P0089,zh,这个月有促销价吗?,price
Q04140,P0241,en,Any chance of a 10% discount for first-time buyers?,price
Q04141,P0014,en,The price seems high compared to similar products.,price
Q04142,P0498,zh,电池容量多少毫安?,feature
Q04143,P0426,en,How long is the shipping time to Germany?,delivery
Q04144,P0357,zh,首次合作能给9折吗?,price
Q04145,P0009,en,Is air freight available for urgent orders?,delivery
Q04146,P0421,en,Is air freight available for urgent orders?,delivery
Q04147,P0113,en,Does it come with a CE certification?,feature
Q04148,P0333,en,Do you support DDP shipping to the US?,delivery
Q04149,P0224,zh,保修期多久?,feature
Q04150,P0345,zh,"你们竞争对手报价更低,能否匹配?",price
Q04151,P0437,zh,保修期多久?,feature
Q04152,P0398,en,Is the price negotiable for 500 units?,price
Q04153,P0176,zh,和同类产品相比价格偏高。,price
Q04154,P0421,en,Do you have any promotional pricing this month?,price
Q04155,P0058,en,What is the battery capacity?,feature
Q04156,P0366,en,What is the minimum order quantity to get a discount?,price
Q04157,P0016,en,The price seems high compared to similar products.,price
Q04158,P0326,zh,材料是否不含BPA?,feature
Q04159,P0236,zh,材料是否不含BPA?,feature
Q04160,P0042,zh,包装盒能换成我们的品牌设计吗?,customization
Q04161,P0326,zh,保修期多久?,feature
Q04162,P0440,en,Any chance of a 10% discount for first-time buyers?,price
Q04163,P0128,en,Any chance of a 10% discount for first-time buyers?,price
Q04164,P0321,zh,急单能走空运吗?,delivery
Q04165,P0195,en,Can the color be customized?,customization
Q04166,P0368,en,Any chance of a 10% discount for first-time buyers?,price
Q04167,P0442,en,Is the price negotiable for 500 units?,price
Q04168,P0352,en,Can you share the technical spec sheet?,feature
Q04169,P0341,zh,能保证12月15号前到货吗?,delivery
Q04170,P0128,en,"Your competitor offers $X less, can you match it?",price
Q04171,P0373,zh,材料是否不含BPA?,feature
Q04172,P0051,en,Do you support DDP shipping to the US?,delivery
Q04173,P0275,en,Any chance of a 10% discount for first-time buyers?,price
Q04174,P0333,en,Do you support OEM/ODM service?,customization
Q04175,P0005,zh,"你们竞争对手报价更低,能否匹配?",price
Q04176,P0090,en,What's the warranty period?,feature
Q04177,P0235,en,Does this product support waterproof IPX7?,feature
Q04178,P0145,zh,最低起订量多少才能拿到折扣?,price
Q04179,P0332,zh,能保证12月15号前到货吗?,delivery
Q04180,P0041,zh,大批量采购可以给个更好的价格吗?,price
Q04181,P0378,en,Do you support DDP shipping to the US?,delivery
Q04182,P0040,en,Is the material BPA-free?,feature
Q04183,P0188,zh,发到德国需要多久?,delivery
Q04184,P0468,zh,材料是否不含BPA?,feature
Q04185,P0150,en,Can you guarantee delivery before December 15?,delivery
Q04186,P0134,en,Can you share the technical spec sheet?,feature
Q04187,P0470,zh,最低起订量多少才能拿到折扣?,price
Q04188,P0210,en,How long is the shipping time to Germany?,delivery
Q04189,P0231,zh,春节前能到货吗?,delivery
Q04190,P0314,zh,保修期多久?,feature
Q04191,P0200,zh,"你们竞争对手报价更低,能否匹配?",price
Q04192,P0139,zh,支持DDP发到美国吗?,delivery
Q04193,P0089,en,Can you guarantee delivery before December 15?,delivery
Q04194,P0318,zh,材料是否不含BPA?,feature
Q04195,P0235,en,Is the price negotiable for 500 units?,price
Q04196,P0320,zh,发到德国需要多久?,delivery
Q04197,P0182,zh,包装盒能换成我们的品牌设计吗?,customization
Q04198,P0478,zh,有CE认证吗?,feature
Q04199,P0196,zh,春节前能到货吗?,delivery
Q04200,P0459,zh,这个产品支持IPX7防水吗?,feature
Q04201,P0377,en,Any chance of a 10% discount for first-time buyers?,price
Q04202,P0156,zh,这个产品支持IPX7防水吗?,feature
Q04203,P0097,zh,保修期多久?,feature
Q04204,P0079,zh,和同类产品相比价格偏高。,price
Q04205,P0238,zh,有CE认证吗?,feature
Q04206,P0361,zh,这个月有促销价吗?,price
Q04207,P0292,zh,电池容量多少毫安?,feature
Q04208,P0260,zh,颜色可以定制吗?,customization
Q04209,P0368,en,Can you offer a better price for bulk orders?,price
Q04210,P0476,zh,和同类产品相比价格偏高。,price
Q04211,P0333,en,What's the lead time for 1000 units?,delivery
Q04212,P0262,zh,和同类产品相比价格偏高。,price
Q04213,P0258,zh,1000件的生产周期多久?,delivery
Q04214,P0207,en,"Your competitor offers $X less, can you match it?",price
Q04215,P0162,en,Can you change the box design to our brand?,customization
Q04216,P0066,en,What is the minimum order quantity to get a discount?,price
Q04217,P0332,en,Is the material BPA-free?,feature
Q04218,P0099,en,What is the minimum order quantity to get a discount?,price
Q04219,P0110,zh,材料是否不含BPA?,feature
Q04220,P0278,en,Is private label packaging available?,customization
Q04221,P0222,en,Does it come with a CE certification?,feature
Q04222,P0208,zh,最低起订量多少才能拿到折扣?,price
Q04223,P0461,en,Is private label packaging available?,customization
Q04224,P0153,zh,首次合作能给9折吗?,price
Q04225,P0327,en,Can you offer a better price for bulk orders?,price
Q04226,P0489,zh,这个月有促销价吗?,price
Q04227,P0071,en,Any chance of a 10% discount for first-time buyers?,price
Q04228,P0372,en,Do you have any promotional pricing this month?,price
Q04229,P0320,en,The price seems high compared to similar products.,price
Q04230,P0466,zh,最低起订量多少才能拿到折扣?,price
Q04231,P0403,zh,大批量采购可以给个更好的价格吗?,price
Q04232,P0386,zh,保修期多久?,feature
Q04233,P0359,zh,支持DDP发到美国吗?,delivery
Q04234,P0191,zh,材料是否不含BPA?,feature
Q04235,P0077,en,Is the material BPA-free?,feature
Q04236,P0331,en,What is the minimum order quantity to get a discount?,price
Q04237,P0256,zh,500件的话价格能再优惠吗?,price
Q04238,P0260,en,Can you offer a better price for bulk orders?,price
Q04239,P0116,en,Can you share the technical spec sheet?,feature
Q04240,P0012,en,Do you have any promotional pricing this month?,price
Q04241,P0062,en,"We need custom retail packaging, is that possible?",customization
Q04242,P0218,zh,颜色可以定制吗?,customization
Q04243,P0049,zh,能发一下技术参数表吗?,feature
Q04244,P0390,zh,大批量采购可以给个更好的价格吗?,price
Q04245,P0472,en,Can we add our logo on the packaging?,customization
Q04246,P0441,zh,和同类产品相比价格偏高。,price
Q04247,P0290,en,Do you have any promotional pricing this month?,price
Q04248,P0425,en,Does it come with a CE certification?,feature
Q04249,P0169,en,What is the minimum order quantity to get a discount?,price
Q04250,P0287,en,Is private label packaging available?,customization
Q04251,P0398,zh,大批量采购可以给个更好的价格吗?,price
Q04252,P0190,en,"Your competitor offers $X less, can you match it?",price
Q04253,P0282,zh,1000件的生产周期多久?,delivery
Q04254,P0228,zh,春节前能到货吗?,delivery
Q04255,P0162,en,Do you have any promotional pricing this month?,price
Q04256,P0275,en,Can you share the technical spec sheet?,feature
Q04257,P0014,zh,最低起订量多少才能拿到折扣?,price
Q04258,P0165,en,Will the order arrive before Chinese New Year?,delivery
Q04259,P0383,en,Do you have any promotional pricing this month?,price
Q04260,P0292,zh,这个月有促销价吗?,price
Q04261,P0167,zh,1000件的生产周期多久?,delivery
Q04262,P0389,zh,能发一下技术参数表吗?,feature
Q04263,P0074,zh,和同类产品相比价格偏高。,price
Q04264,P0096,en,Will the order arrive before Chinese New Year?,delivery
Q04265,P0024,zh,这个产品支持IPX7防水吗?,feature
Q04266,P0466,zh,电池容量多少毫安?,feature
Q04267,P0073,en,Can you share the technical spec sheet?,feature
Q04268,P0464,en,What is the battery capacity?,feature
Q04269,P0146,zh,包装盒能换成我们的品牌设计吗?,customization
Q04270,P0017,zh,材料是否不含BPA?,feature
Q04271,P0185,en,"Your competitor offers $X less, can you match it?",price
Q04272,P0146,zh,包装盒能换成我们的品牌设计吗?,customization
Q04273,P0138,en,Is air freight available for urgent orders?,delivery
Q04274,P0328,zh,"你们竞争对手报价更低,能否匹配?",price
Q04275,P0080,zh,保修期多久?,feature
Q04276,P0186,en,Is the material BPA-free?,feature
Q04277,P0078,en,Can you guarantee delivery before December 15?,delivery
Q04278,P0467,en,"Your competitor offers $X less, can you match it?",price
Q04279,P0498,zh,最低起订量多少才能拿到折扣?,price
Q04280,P0464,en,Can you share the technical spec sheet?,feature
Q04281,P0267,en,"Your competitor offers $X less, can you match it?",price
Q04282,P0021,zh,1000件的生产周期多久?,delivery
Q04283,P0485,zh,电池容量多少毫安?,feature
Q04284,P0466,en,Any chance of a 10% discount for first-time buyers?,price
Q04285,P0038,en,What is the battery capacity?,feature
Q04286,P0282,zh,电池容量多少毫安?,feature
Q04287,P0080,en,Do you support OEM/ODM service?,customization
Q04288,P0132,zh,这个产品支持IPX7防水吗?,feature
Q04289,P0085,en,Is the material BPA-free?,feature
Q04290,P0012,en,Can you change the box design to our brand?,customization
Q04291,P0198,en,Is the material BPA-free?,feature
Q04292,P0325,en,Can you share the technical spec sheet?,feature
Q04293,P0343,en,"Your competitor offers $X less, can you match it?",price
Q04294,P0459,zh,这个月有促销价吗?,price
Q04295,P0118,en,Is the material BPA-free?,feature
Q04296,P0353,en,Can you change the box design to our brand?,customization
Q04297,P0059,en,Does this product support waterproof IPX7?,feature
Q04298,P0135,zh,材料是否不含BPA?,feature
Q04299,P0175,zh,材料是否不含BPA?,feature
Q04300,P0392,zh,"你们竞争对手报价更低,能否匹配?",price
Q04301,P0444,en,Can we add our logo on the packaging?,customization
Q04302,P0156,zh,电池容量多少毫安?,feature
Q04303,P0142,zh,最低起订量多少才能拿到折扣?,price
Q04304,P0076,zh,这个月有促销价吗?,price
Q04305,P0419,zh,可以做自有品牌包装吗?,customization
Q04306,P0278,zh,首次合作能给9折吗?,price
Q04307,P0102,en,Do you support OEM/ODM service?,customization
Q04308,P0317,en,"We need custom retail packaging, is that possible?",customization
Q04309,P0298,en,Do you have any promotional pricing this month?,price
Q04310,P0236,zh,材料是否不含BPA?,feature
Q04311,P0137,zh,这个产品支持IPX7防水吗?,feature
Q04312,P0381,en,"Your competitor offers $X less, can you match it?",price
Q04313,P0222,zh,大批量采购可以给个更好的价格吗?,price
Q04314,P0257,zh,电池容量多少毫安?,feature
Q04315,P0257,en,Is air freight available for urgent orders?,delivery
Q04316,P0194,zh,首次合作能给9折吗?,price
Q04317,P0267,en,The price seems high compared to similar products.,price
Q04318,P0132,en,Can we add our logo on the packaging?,customization
Q04319,P0422,zh,急单能走空运吗?,delivery
Q04320,P0395,zh,最低起订量多少才能拿到折扣?,price
Q04321,P0365,en,Can you share the technical spec sheet?,feature
Q04322,P0028,en,Is the material BPA-free?,feature
Q04323,P0197,en,Can you guarantee delivery before December 15?,delivery
Q04324,P0017,zh,有CE认证吗?,feature
Q04325,P0249,zh,和同类产品相比价格偏高。,price
Q04326,P0108,zh,"你们竞争对手报价更低,能否匹配?",price
Q04327,P0304,zh,首次合作能给9折吗?,price
Q04328,P0455,zh,发到德国需要多久?,delivery
Q04329,P0109,zh,和同类产品相比价格偏高。,price
Q04330,P0194,en,Do you support DDP shipping to the US?,delivery
Q04331,P0189,zh,500件的话价格能再优惠吗?,price
Q04332,P0419,en,Can the color be customized?,customization
Q04333,P0352,en,How long is the shipping time to Germany?,delivery
Q04334,P0212,en,What's the warranty period?,feature
Q04335,P0212,zh,电池容量多少毫安?,feature
Q04336,P0226,en,Does it come with a CE certification?,feature
Q04337,P0130,zh,电池容量多少毫安?,feature
Q04338,P0344,en,Any chance of a 10% discount for first-time buyers?,price
Q04339,P0102,en,Do you support DDP shipping to the US?,delivery
Q04340,P0303,en,Can you change the box design to our brand?,customization
Q04341,P0033,en,Do you have any promotional pricing this month?,price
Q04342,P0122,en,Can you guarantee delivery before December 15?,delivery
Q04343,P0175,en,Is the price negotiable for 500 units?,price
Q04344,P0002,en,Do you have any promotional pricing this month?,price
Q04345,P0310,zh,保修期多久?,feature
Q04346,P0487,zh,500件的话价格能再优惠吗?,price
Q04347,P0360,en,Will the order arrive before Chinese New Year?,delivery
Q04348,P0312,zh,颜色可以定制吗?,customization
Q04349,P0036,zh,材料是否不含BPA?,feature
Q04350,P0072,zh,最低起订量多少才能拿到折扣?,price
Q04351,P0121,en,Do you support DDP shipping to the US?,delivery
Q04352,P0200,zh,和同类产品相比价格偏高。,price
Q04353,P0470,en,What's the warranty period?,feature
Q04354,P0175,zh,保修期多久?,feature
Q04355,P0413,zh,和同类产品相比价格偏高。,price
Q04356,P0330,zh,大批量采购可以给个更好的价格吗?,price
Q04357,P0121,zh,首次合作能给9折吗?,price
Q04358,P0245,zh,大批量采购可以给个更好的价格吗?,price
Q04359,P0496,zh,保修期多久?,feature
Q04360,P0140,en,Will the order arrive before Chinese New Year?,delivery
Q04361,P0364,en,What is the battery capacity?,feature
Q04362,P0431,en,Is air freight available for urgent orders?,delivery
Q04363,P0345,en,Is the material BPA-free?,feature
Q04364,P0195,zh,1000件的生产周期多久?,delivery
Q04365,P0087,en,What's the lead time for 1000 units?,delivery
Q04366,P0017,en,What's the warranty period?,feature
Q04367,P0358,en,Can you offer a better price for bulk orders?,price
Q04368,P0429,zh,支持DDP发到美国吗?,delivery
Q04369,P0063,zh,这个月有促销价吗?,price
Q04370,P0026,en,Will the order arrive before Chinese New Year?,delivery
Q04371,P0417,en,"Your competitor offers $X less, can you match it?",price
Q04372,P0269,zh,支持DDP发到美国吗?,delivery
Q04373,P0270,en,Is the material BPA-free?,feature
Q04374,P0466,zh,急单能走空运吗?,delivery
Q04375,P0319,zh,首次合作能给9折吗?,price
Q04376,P0327,en,Can you share the technical spec sheet?,feature
Q04377,P0257,en,What's the warranty period?,feature
Q04378,P0054,zh,大批量采购可以给个更好的价格吗?,price
Q04379,P0412,en,Do you have any promotional pricing this month?,price
Q04380,P0091,en,What's the warranty period?,feature
Q04381,P0013,en,Can you share the technical spec sheet?,feature
Q04382,P0255,en,Can you change the box design to our brand?,customization
Q04383,P0388,zh,500件的话价格能再优惠吗?,price
Q04384,P0454,zh,能保证12月15号前到货吗?,delivery
Q04385,P0220,en,Is the material BPA-free?,feature
Q04386,P0011,en,Can we add our logo on the packaging?,customization
Q04387,P0076,zh,大批量采购可以给个更好的价格吗?,price
Q04388,P0092,zh,和同类产品相比价格偏高。,price
Q04389,P0114,en,Do you have any promotional pricing this month?,price
Q04390,P0424,en,Do you support OEM/ODM service?,customization
Q04391,P0059,en,How long is the shipping time to Germany?,delivery
Q04392,P0117,en,Can you guarantee delivery before December 15?,delivery
Q04393,P0464,en,Can we add our logo on the packaging?,customization
Q04394,P0298,en,Can you offer a better price for bulk orders?,price
Q04395,P0047,en,The price seems high compared to similar products.,price
Q04396,P0141,zh,和同类产品相比价格偏高。,price
Q04397,P0177,en,Can we add our logo on the packaging?,customization
Q04398,P0435,zh,春节前能到货吗?,delivery
Q04399,P0204,en,What is the battery capacity?,feature
Q04400,P0266,en,Can you share the technical spec sheet?,feature
Q04401,P0210,en,Is the price negotiable for 500 units?,price
Q04402,P0268,zh,发到德国需要多久?,delivery
Q04403,P0175,zh,包装盒能换成我们的品牌设计吗?,customization
Q04404,P0414,en,Can you guarantee delivery before December 15?,delivery
Q04405,P0290,zh,这个月有促销价吗?,price
Q04406,P0277,zh,能发一下技术参数表吗?,feature
Q04407,P0107,zh,电池容量多少毫安?,feature
Q04408,P0318,en,What's the warranty period?,feature
Q04409,P0367,en,How long is the shipping time to Germany?,delivery
Q04410,P0336,zh,急单能走空运吗?,delivery
Q04411,P0103,zh,保修期多久?,feature
Q04412,P0117,zh,最低起订量多少才能拿到折扣?,price
Q04413,P0156,en,Is the price negotiable for 500 units?,price
Q04414,P0149,en,Can you change the box design to our brand?,customization
Q04415,P0114,zh,包装上能加我们的logo吗?,customization
Q04416,P0380,en,Do you support OEM/ODM service?,customization
Q04417,P0123,en,Can you offer a better price for bulk orders?,price
Q04418,P0232,en,Is the material BPA-free?,feature
Q04419,P0448,en,Does it come with a CE certification?,feature
Q04420,P0112,en,Will the order arrive before Chinese New Year?,delivery
Q04421,P0255,en,Can you offer a better price for bulk orders?,price
Q04422,P0213,en,Does this product support waterproof IPX7?,feature
Q04423,P0311,en,Can you share the technical spec sheet?,feature
Q04424,P0309,en,Do you support OEM/ODM service?,customization
Q04425,P0488,zh,包装盒能换成我们的品牌设计吗?,customization
Q04426,P0155,zh,500件的话价格能再优惠吗?,price
Q04427,P0120,zh,500件的话价格能再优惠吗?,price
Q04428,P0451,zh,支持OEM/ODM吗?,customization
Q04429,P0499,zh,"需要定制零售包装,可以做吗?",customization
Q04430,P0327,zh,材料是否不含BPA?,feature
Q04431,P0128,en,Any chance of a 10% discount for first-time buyers?,price
Q04432,P0257,en,Is air freight available for urgent orders?,delivery
Q04433,P0446,zh,材料是否不含BPA?,feature
Q04434,P0310,zh,支持OEM/ODM吗?,customization
Q04435,P0087,zh,首次合作能给9折吗?,price
Q04436,P0286,en,The price seems high compared to similar products.,price
Q04437,P0389,en,Can you share the technical spec sheet?,feature
Q04438,P0161,en,The price seems high compared to similar products.,price
Q04439,P0020,zh,这个月有促销价吗?,price
Q04440,P0389,en,Can you offer a better price for bulk orders?,price
Q04441,P0295,zh,包装上能加我们的logo吗?,customization
Q04442,P0033,en,"We need custom retail packaging, is that possible?",customization
Q04443,P0225,en,Will the order arrive before Chinese New Year?,delivery
Q04444,P0243,en,How long is the shipping time to Germany?,delivery
Q04445,P0433,en,Will the order arrive before Chinese New Year?,delivery
Q04446,P0057,en,What's the warranty period?,feature
Q04447,P0029,en,The price seems high compared to similar products.,price
Q04448,P0414,zh,这个月有促销价吗?,price
Q04449,P0361,zh,保修期多久?,feature
Q04450,P0366,zh,有CE认证吗?,feature
Q04451,P0278,zh,电池容量多少毫安?,feature
Q04452,P0209,en,"Your competitor offers $X less, can you match it?",price
Q04453,P0011,en,The price seems high compared to similar products.,price
Q04454,P0189,zh,"你们竞争对手报价更低,能否匹配?",price
Q04455,P0150,en,Is the price negotiable for 500 units?,price
Q04456,P0013,zh,能发一下技术参数表吗?,feature
Q04457,P0338,en,Is air freight available for urgent orders?,delivery
Q04458,P0102,zh,包装盒能换成我们的品牌设计吗?,customization
Q04459,P0432,zh,材料是否不含BPA?,feature
Q04460,P0110,en,Do you have any promotional pricing this month?,price
Q04461,P0215,zh,最低起订量多少才能拿到折扣?,price
Q04462,P0247,zh,首次合作能给9折吗?,price
Q04463,P0434,zh,支持OEM/ODM吗?,customization
Q04464,P0032,en,Does this product support waterproof IPX7?,feature
Q04465,P0195,en,Can the color be customized?,customization
Q04466,P0112,en,Does this product support waterproof IPX7?,feature
Q04467,P0338,en,How long is the shipping time to Germany?,delivery
Q04468,P0087,en,Do you have any promotional pricing this month?,price
Q04469,P0098,en,Is the material BPA-free?,feature
Q04470,P0368,en,Does this product support waterproof IPX7?,feature
Q04471,P0149,en,Any chance of a 10% discount for first-time buyers?,price
Q04472,P0121,en,"We need custom retail packaging, is that possible?",customization
Q04473,P0395,en,Is air freight available for urgent orders?,delivery
Q04474,P0225,zh,颜色可以定制吗?,customization
Q04475,P0241,zh,最低起订量多少才能拿到折扣?,price
Q04476,P0480,zh,"你们竞争对手报价更低,能否匹配?",price
Q04477,P0340,en,What's the lead time for 1000 units?,delivery
Q04478,P0165,en,Can you share the technical spec sheet?,feature
Q04479,P0059,en,Do you have any promotional pricing this month?,price
Q04480,P0199,en,What is the battery capacity?,feature
Q04481,P0147,en,What is the battery capacity?,feature
Q04482,P0442,en,Do you support OEM/ODM service?,customization
Q04483,P0315,en,"Your competitor offers $X less, can you match it?",price
Q04484,P0102,zh,能保证12月15号前到货吗?,delivery
Q04485,P0398,en,Does this product support waterproof IPX7?,feature
Q04486,P0027,en,What is the battery capacity?,feature
Q04487,P0132,zh,急单能走空运吗?,delivery
Q04488,P0104,en,What's the warranty period?,feature
Q04489,P0122,en,What's the warranty period?,feature
Q04490,P0025,zh,有CE认证吗?,feature
Q04491,P0296,en,Is the price negotiable for 500 units?,price
Q04492,P0377,zh,1000件的生产周期多久?,delivery
Q04493,P0081,en,Is private label packaging available?,customization
Q04494,P0197,en,Any chance of a 10% discount for first-time buyers?,price
Q04495,P0074,en,"We need custom retail packaging, is that possible?",customization
Q04496,P0094,zh,春节前能到货吗?,delivery
Q04497,P0200,zh,保修期多久?,feature
Q04498,P0131,en,What is the battery capacity?,feature
Q04499,P0353,en,Will the order arrive before Chinese New Year?,delivery
Q04500,P0283,en,Can you share the technical spec sheet?,feature
Q04501,P0331,en,What is the minimum order quantity to get a discount?,price
Q04502,P0135,zh,500件的话价格能再优惠吗?,price
Q04503,P0184,en,Does it come with a CE certification?,feature
Q04504,P0100,zh,能发一下技术参数表吗?,feature
Q04505,P0051,en,Is private label packaging available?,customization
Q04506,P0304,zh,1000件的生产周期多久?,delivery
Q04507,P0111,zh,能发一下技术参数表吗?,feature
Q04508,P0367,en,Do you have any promotional pricing this month?,price
Q04509,P0298,zh,首次合作能给9折吗?,price
Q04510,P0101,en,Is the material BPA-free?,feature
Q04511,P0228,zh,包装上能加我们的logo吗?,customization
Q04512,P0131,zh,电池容量多少毫安?,feature
Q04513,P0488,en,"We need custom retail packaging, is that possible?",customization
Q04514,P0048,en,Do you have any promotional pricing this month?,price
Q04515,P0148,zh,保修期多久?,feature
Q04516,P0077,en,Any chance of a 10% discount for first-time buyers?,price
Q04517,P0483,en,What is the battery capacity?,feature
Q04518,P0264,en,Can the color be customized?,customization
Q04519,P0357,zh,支持OEM/ODM吗?,customization
Q04520,P0397,en,What is the minimum order quantity to get a discount?,price
Q04521,P0369,zh,春节前能到货吗?,delivery
Q04522,P0193,en,Can you guarantee delivery before December 15?,delivery
Q04523,P0031,en,Can we add our logo on the packaging?,customization
Q04524,P0270,zh,颜色可以定制吗?,customization
Q04525,P0492,en,Does this product support waterproof IPX7?,feature
Q04526,P0185,en,Do you support OEM/ODM service?,customization
Q04527,P0319,zh,最低起订量多少才能拿到折扣?,price
Q04528,P0236,zh,支持DDP发到美国吗?,delivery
Q04529,P0259,zh,电池容量多少毫安?,feature
Q04530,P0321,zh,"你们竞争对手报价更低,能否匹配?",price
Q04531,P0233,zh,和同类产品相比价格偏高。,price
Q04532,P0171,zh,"你们竞争对手报价更低,能否匹配?",price
Q04533,P0026,zh,电池容量多少毫安?,feature
Q04534,P0099,en,How long is the shipping time to Germany?,delivery
Q04535,P0484,en,Does it come with a CE certification?,feature
Q04536,P0459,en,Will the order arrive before Chinese New Year?,delivery
Q04537,P0347,zh,能保证12月15号前到货吗?,delivery
Q04538,P0040,en,Can you change the box design to our brand?,customization
Q04539,P0354,en,"We need custom retail packaging, is that possible?",customization
Q04540,P0392,zh,保修期多久?,feature
Q04541,P0307,en,Do you support OEM/ODM service?,customization
Q04542,P0446,en,Does this product support waterproof IPX7?,feature
Q04543,P0427,en,Can you guarantee delivery before December 15?,delivery
Q04544,P0375,en,Can the color be customized?,customization
Q04545,P0130,en,What is the minimum order quantity to get a discount?,price
Q04546,P0065,en,Can we add our logo on the packaging?,customization
Q04547,P0074,en,Is the material BPA-free?,feature
Q04548,P0311,zh,首次合作能给9折吗?,price
Q04549,P0229,en,What's the warranty period?,feature
Q04550,P0084,en,Does this product support waterproof IPX7?,feature
Q04551,P0092,en,What's the lead time for 1000 units?,delivery
Q04552,P0304,en,"We need custom retail packaging, is that possible?",customization
Q04553,P0277,zh,大批量采购可以给个更好的价格吗?,price
Q04554,P0391,en,"We need custom retail packaging, is that possible?",customization
Q04555,P0463,zh,"你们竞争对手报价更低,能否匹配?",price
Q04556,P0437,zh,能发一下技术参数表吗?,feature
Q04557,P0097,en,Can we add our logo on the packaging?,customization
Q04558,P0245,zh,有CE认证吗?,feature
Q04559,P0032,zh,和同类产品相比价格偏高。,price
Q04560,P0013,en,Can you offer a better price for bulk orders?,price
Q04561,P0084,en,What's the warranty period?,feature
Q04562,P0196,en,Can you guarantee delivery before December 15?,delivery
Q04563,P0344,en,Do you have any promotional pricing this month?,price
Q04564,P0095,en,Any chance of a 10% discount for first-time buyers?,price
Q04565,P0173,en,Do you have any promotional pricing this month?,price
Q04566,P0435,en,Can you offer a better price for bulk orders?,price
Q04567,P0260,en,Do you have any promotional pricing this month?,price
Q04568,P0030,zh,500件的话价格能再优惠吗?,price
Q04569,P0079,zh,1000件的生产周期多久?,delivery
Q04570,P0489,zh,500件的话价格能再优惠吗?,price
Q04571,P0076,zh,能保证12月15号前到货吗?,delivery
Q04572,P0306,en,What is the battery capacity?,feature
Q04573,P0118,zh,大批量采购可以给个更好的价格吗?,price
Q04574,P0424,zh,这个产品支持IPX7防水吗?,feature
Q04575,P0335,en,Can you change the box design to our brand?,customization
Q04576,P0307,zh,和同类产品相比价格偏高。,price
Q04577,P0378,en,What's the lead time for 1000 units?,delivery
Q04578,P0255,zh,有CE认证吗?,feature
Q04579,P0317,zh,发到德国需要多久?,delivery
Q04580,P0314,zh,1000件的生产周期多久?,delivery
Q04581,P0437,zh,有CE认证吗?,feature
Q04582,P0084,en,Can you change the box design to our brand?,customization
Q04583,P0261,zh,能发一下技术参数表吗?,feature
Q04584,P0143,en,Is private label packaging available?,customization
Q04585,P0212,zh,颜色可以定制吗?,customization
Q04586,P0228,en,Do you have any promotional pricing this month?,price
Q04587,P0156,en,Do you support DDP shipping to the US?,delivery
Q04588,P0331,zh,这个产品支持IPX7防水吗?,feature
Q04589,P0175,en,Is air freight available for urgent orders?,delivery
Q04590,P0303,en,Do you support OEM/ODM service?,customization
Q04591,P0184,zh,急单能走空运吗?,delivery
Q04592,P0080,zh,能保证12月15号前到货吗?,delivery
Q04593,P0492,en,What is the battery capacity?,feature
Q04594,P0419,en,What is the battery capacity?,feature
Q04595,P0118,zh,能发一下技术参数表吗?,feature
Q04596,P0219,zh,首次合作能给9折吗?,price
Q04597,P0318,en,Do you support OEM/ODM service?,customization
Q04598,P0024,zh,最低起订量多少才能拿到折扣?,price
Q04599,P0302,en,Can you guarantee delivery before December 15?,delivery
Q04600,P0057,zh,500件的话价格能再优惠吗?,price
Q04601,P0011,zh,材料是否不含BPA?,feature
Q04602,P0304,en,Can you offer a better price for bulk orders?,price
Q04603,P0351,en,Can you change the box design to our brand?,customization
Q04604,P0258,zh,有CE认证吗?,feature
Q04605,P0419,zh,颜色可以定制吗?,customization
Q04606,P0498,zh,最低起订量多少才能拿到折扣?,price
Q04607,P0423,en,Can we add our logo on the packaging?,customization
Q04608,P0171,zh,大批量采购可以给个更好的价格吗?,price
Q04609,P0004,en,Does this product support waterproof IPX7?,feature
Q04610,P0213,en,Any chance of a 10% discount for first-time buyers?,price
Q04611,P0394,zh,材料是否不含BPA?,feature
Q04612,P0253,en,Does this product support waterproof IPX7?,feature
Q04613,P0299,en,Will the order arrive before Chinese New Year?,delivery
Q04614,P0372,zh,能发一下技术参数表吗?,feature
Q04615,P0104,zh,首次合作能给9折吗?,price
Q04616,P0245,en,Can you change the box design to our brand?,customization
Q04617,P0180,en,Is air freight available for urgent orders?,delivery
Q04618,P0456,zh,大批量采购可以给个更好的价格吗?,price
Q04619,P0430,zh,最低起订量多少才能拿到折扣?,price
Q04620,P0223,zh,发到德国需要多久?,delivery
Q04621,P0062,en,What's the lead time for 1000 units?,delivery
Q04622,P0067,zh,有CE认证吗?,feature
Q04623,P0212,en,Can the color be customized?,customization
Q04624,P0262,zh,颜色可以定制吗?,customization
Q04625,P0135,en,Any chance of a 10% discount for first-time buyers?,price
Q04626,P0347,en,What is the battery capacity?,feature
Q04627,P0176,en,Do you have any promotional pricing this month?,price
Q04628,P0495,zh,1000件的生产周期多久?,delivery
Q04629,P0076,zh,"需要定制零售包装,可以做吗?",customization
Q04630,P0443,zh,颜色可以定制吗?,customization
Q04631,P0377,en,Can you guarantee delivery before December 15?,delivery
Q04632,P0195,en,Is air freight available for urgent orders?,delivery
Q04633,P0344,en,Does this product support waterproof IPX7?,feature
Q04634,P0026,zh,保修期多久?,feature
Q04635,P0224,en,Is private label packaging available?,customization
Q04636,P0337,en,Do you support DDP shipping to the US?,delivery
Q04637,P0051,zh,500件的话价格能再优惠吗?,price
Q04638,P0033,zh,包装盒能换成我们的品牌设计吗?,customization
Q04639,P0476,en,Does this product support waterproof IPX7?,feature
Q04640,P0214,zh,材料是否不含BPA?,feature
Q04641,P0256,zh,包装上能加我们的logo吗?,customization
Q04642,P0352,en,Can you guarantee delivery before December 15?,delivery
Q04643,P0276,zh,保修期多久?,feature
Q04644,P0381,en,Can you share the technical spec sheet?,feature
Q04645,P0163,zh,支持DDP发到美国吗?,delivery
Q04646,P0384,zh,有CE认证吗?,feature
Q04647,P0103,zh,"你们竞争对手报价更低,能否匹配?",price
Q04648,P0404,zh,和同类产品相比价格偏高。,price
Q04649,P0222,zh,和同类产品相比价格偏高。,price
Q04650,P0450,zh,"需要定制零售包装,可以做吗?",customization
Q04651,P0314,zh,材料是否不含BPA?,feature
Q04652,P0375,en,Is the price negotiable for 500 units?,price
Q04653,P0102,zh,这个月有促销价吗?,price
Q04654,P0420,en,Is private label packaging available?,customization
Q04655,P0348,en,Can the color be customized?,customization
Q04656,P0409,zh,和同类产品相比价格偏高。,price
Q04657,P0215,en,What is the minimum order quantity to get a discount?,price
Q04658,P0130,zh,最低起订量多少才能拿到折扣?,price
Q04659,P0454,zh,支持OEM/ODM吗?,customization
Q04660,P0403,en,Does this product support waterproof IPX7?,feature
Q04661,P0188,zh,有CE认证吗?,feature
Q04662,P0419,zh,和同类产品相比价格偏高。,price
Q04663,P0000,zh,500件的话价格能再优惠吗?,price
Q04664,P0190,en,What's the warranty period?,feature
Q04665,P0227,en,The price seems high compared to similar products.,price
Q04666,P0288,en,What is the minimum order quantity to get a discount?,price
Q04667,P0120,zh,保修期多久?,feature
Q04668,P0436,zh,500件的话价格能再优惠吗?,price
Q04669,P0316,zh,颜色可以定制吗?,customization
Q04670,P0393,en,Is private label packaging available?,customization
Q04671,P0207,zh,可以做自有品牌包装吗?,customization
Q04672,P0183,en,Do you support DDP shipping to the US?,delivery
Q04673,P0124,zh,这个产品支持IPX7防水吗?,feature
Q04674,P0278,en,What is the battery capacity?,feature
Q04675,P0364,zh,春节前能到货吗?,delivery
Q04676,P0195,zh,这个产品支持IPX7防水吗?,feature
Q04677,P0238,en,What's the warranty period?,feature
Q04678,P0455,zh,有CE认证吗?,feature
Q04679,P0155,zh,500件的话价格能再优惠吗?,price
Q04680,P0361,zh,有CE认证吗?,feature
Q04681,P0138,zh,颜色可以定制吗?,customization
Q04682,P0215,zh,包装盒能换成我们的品牌设计吗?,customization
Q04683,P0418,en,Is the price negotiable for 500 units?,price
Q04684,P0198,zh,包装上能加我们的logo吗?,customization
Q04685,P0188,zh,500件的话价格能再优惠吗?,price
Q04686,P0076,en,Is the price negotiable for 500 units?,price
Q04687,P0190,zh,"你们竞争对手报价更低,能否匹配?",price
Q04688,P0480,zh,支持DDP发到美国吗?,delivery
Q04689,P0371,zh,能发一下技术参数表吗?,feature
Q04690,P0248,zh,有CE认证吗?,feature
Q04691,P0197,en,Does this product support waterproof IPX7?,feature
Q04692,P0214,en,Do you have any promotional pricing this month?,price
Q04693,P0053,en,What is the battery capacity?,feature
Q04694,P0353,en,The price seems high compared to similar products.,price
Q04695,P0042,en,Can you offer a better price for bulk orders?,price
Q04696,P0247,en,Can you guarantee delivery before December 15?,delivery
Q04697,P0327,zh,保修期多久?,feature
Q04698,P0396,en,Is the price negotiable for 500 units?,price
Q04699,P0264,zh,"你们竞争对手报价更低,能否匹配?",price
Q04700,P0453,en,"Your competitor offers $X less, can you match it?",price
Q04701,P0160,zh,支持OEM/ODM吗?,customization
Q04702,P0192,en,What is the battery capacity?,feature
Q04703,P0219,zh,电池容量多少毫安?,feature
Q04704,P0201,en,How long is the shipping time to Germany?,delivery
Q04705,P0011,zh,"你们竞争对手报价更低,能否匹配?",price
Q04706,P0238,en,What's the warranty period?,feature
Q04707,P0273,en,Is the price negotiable for 500 units?,price
Q04708,P0166,zh,有CE认证吗?,feature
Q04709,P0145,zh,材料是否不含BPA?,feature
Q04710,P0423,zh,支持OEM/ODM吗?,customization
Q04711,P0240,zh,能发一下技术参数表吗?,feature
Q04712,P0125,zh,这个产品支持IPX7防水吗?,feature
Q04713,P0088,zh,这个产品支持IPX7防水吗?,feature
Q04714,P0284,zh,材料是否不含BPA?,feature
Q04715,P0456,en,What is the battery capacity?,feature
Q04716,P0136,zh,能发一下技术参数表吗?,feature
Q04717,P0025,zh,春节前能到货吗?,delivery
Q04718,P0371,zh,1000件的生产周期多久?,delivery
Q04719,P0473,zh,"需要定制零售包装,可以做吗?",customization
Q04720,P0423,zh,1000件的生产周期多久?,delivery
Q04721,P0183,en,Can you share the technical spec sheet?,feature
Q04722,P0271,zh,电池容量多少毫安?,feature
Q04723,P0132,zh,这个产品支持IPX7防水吗?,feature
Q04724,P0113,zh,保修期多久?,feature
Q04725,P0408,zh,急单能走空运吗?,delivery
Q04726,P0243,en,How long is the shipping time to Germany?,delivery
Q04727,P0159,zh,有CE认证吗?,feature
Q04728,P0163,en,Do you support OEM/ODM service?,customization
Q04729,P0417,zh,春节前能到货吗?,delivery
Q04730,P0360,zh,500件的话价格能再优惠吗?,price
Q04731,P0388,zh,支持OEM/ODM吗?,customization
Q04732,P0468,en,What is the minimum order quantity to get a discount?,price
Q04733,P0457,zh,能发一下技术参数表吗?,feature
Q04734,P0441,zh,支持OEM/ODM吗?,customization
Q04735,P0482,zh,大批量采购可以给个更好的价格吗?,price
Q04736,P0396,en,What is the minimum order quantity to get a discount?,price
Q04737,P0133,en,Will the order arrive before Chinese New Year?,delivery
Q04738,P0438,en,"Your competitor offers $X less, can you match it?",price
Q04739,P0006,zh,保修期多久?,feature
Q04740,P0425,en,Can you guarantee delivery before December 15?,delivery
Q04741,P0486,en,Is private label packaging available?,customization
Q04742,P0387,en,Any chance of a 10% discount for first-time buyers?,price
Q04743,P0109,zh,1000件的生产周期多久?,delivery
Q04744,P0098,en,What is the battery capacity?,feature
Q04745,P0292,zh,1000件的生产周期多久?,delivery
Q04746,P0028,en,Is the material BPA-free?,feature
Q04747,P0118,zh,首次合作能给9折吗?,price
Q04748,P0291,zh,这个月有促销价吗?,price
Q04749,P0224,en,How long is the shipping time to Germany?,delivery
Q04750,P0354,en,What's the warranty period?,feature
Q04751,P0475,zh,和同类产品相比价格偏高。,price
Q04752,P0206,en,Do you have any promotional pricing this month?,price
Q04753,P0305,zh,电池容量多少毫安?,feature
Q04754,P0346,en,Is the price negotiable for 500 units?,price
Q04755,P0422,zh,电池容量多少毫安?,feature
Q04756,P0457,zh,有CE认证吗?,feature
Q04757,P0497,zh,这个产品支持IPX7防水吗?,feature
Q04758,P0344,zh,春节前能到货吗?,delivery
Q04759,P0214,zh,这个月有促销价吗?,price
Q04760,P0372,en,Is air freight available for urgent orders?,delivery
Q04761,P0078,zh,保修期多久?,feature
Q04762,P0169,en,Is the material BPA-free?,feature
Q04763,P0207,zh,支持DDP发到美国吗?,delivery
Q04764,P0212,zh,材料是否不含BPA?,feature
Q04765,P0182,en,Do you support OEM/ODM service?,customization
Q04766,P0478,zh,"你们竞争对手报价更低,能否匹配?",price
Q04767,P0139,zh,能发一下技术参数表吗?,feature
Q04768,P0133,en,Can you change the box design to our brand?,customization
Q04769,P0185,en,"We need custom retail packaging, is that possible?",customization
Q04770,P0404,en,What is the minimum order quantity to get a discount?,price
Q04771,P0041,zh,支持DDP发到美国吗?,delivery
Q04772,P0310,zh,保修期多久?,feature
Q04773,P0344,zh,春节前能到货吗?,delivery
Q04774,P0229,en,"We need custom retail packaging, is that possible?",customization
Q04775,P0089,en,What is the battery capacity?,feature
Q04776,P0116,en,Can the color be customized?,customization
Q04777,P0017,en,Can you share the technical spec sheet?,feature
Q04778,P0214,en,Is the price negotiable for 500 units?,price
Q04779,P0213,en,What's the warranty period?,feature
Q04780,P0216,en,Can you share the technical spec sheet?,feature
Q04781,P0194,en,Will the order arrive before Chinese New Year?,delivery
Q04782,P0488,zh,首次合作能给9折吗?,price
Q04783,P0375,en,Can we add our logo on the packaging?,customization
Q04784,P0466,en,Does this product support waterproof IPX7?,feature
Q04785,P0482,en,Can you share the technical spec sheet?,feature
Q04786,P0079,en,Do you have any promotional pricing this month?,price
Q04787,P0286,zh,500件的话价格能再优惠吗?,price
Q04788,P0437,zh,大批量采购可以给个更好的价格吗?,price
Q04789,P0452,zh,可以做自有品牌包装吗?,customization
Q04790,P0462,en,What's the warranty period?,feature
Q04791,P0216,en,"Your competitor offers $X less, can you match it?",price
Q04792,P0452,zh,大批量采购可以给个更好的价格吗?,price
Q04793,P0211,zh,急单能走空运吗?,delivery
Q04794,P0024,en,What's the warranty period?,feature
Q04795,P0203,zh,材料是否不含BPA?,feature
Q04796,P0340,en,Do you have any promotional pricing this month?,price
Q04797,P0446,en,What's the lead time for 1000 units?,delivery
Q04798,P0328,en,Can you share the technical spec sheet?,feature
Q04799,P0357,en,Is the price negotiable for 500 units?,price
Q04800,P0449,en,The price seems high compared to similar products.,price
Q04801,P0440,zh,电池容量多少毫安?,feature
Q04802,P0189,zh,这个月有促销价吗?,price
Q04803,P0000,en,Does this product support waterproof IPX7?,feature
Q04804,P0042,zh,首次合作能给9折吗?,price
Q04805,P0370,zh,电池容量多少毫安?,feature
Q04806,P0461,en,Can you guarantee delivery before December 15?,delivery
Q04807,P0471,en,What is the battery capacity?,feature
Q04808,P0054,en,Do you have any promotional pricing this month?,price
Q04809,P0349,en,What is the minimum order quantity to get a discount?,price
Q04810,P0402,zh,"你们竞争对手报价更低,能否匹配?",price
Q04811,P0386,en,"We need custom retail packaging, is that possible?",customization
Q04812,P0185,zh,首次合作能给9折吗?,price
Q04813,P0322,en,What's the warranty period?,feature
Q04814,P0307,en,What is the minimum order quantity to get a discount?,price
Q04815,P0342,zh,这个月有促销价吗?,price
Q04816,P0396,zh,有CE认证吗?,feature
Q04817,P0285,en,Is private label packaging available?,customization
Q04818,P0131,en,Can you share the technical spec sheet?,feature
Q04819,P0183,zh,500件的话价格能再优惠吗?,price
Q04820,P0328,zh,保修期多久?,feature
Q04821,P0332,zh,首次合作能给9折吗?,price
Q04822,P0150,en,Do you have any promotional pricing this month?,price
Q04823,P0009,en,"We need custom retail packaging, is that possible?",customization
Q04824,P0201,en,Can you offer a better price for bulk orders?,price
Q04825,P0419,en,Is the material BPA-free?,feature
Q04826,P0393,en,The price seems high compared to similar products.,price
Q04827,P0136,zh,有CE认证吗?,feature
Q04828,P0084,zh,支持DDP发到美国吗?,delivery
Q04829,P0046,en,Does it come with a CE certification?,feature
Q04830,P0441,zh,材料是否不含BPA?,feature
Q04831,P0320,en,Can the color be customized?,customization
Q04832,P0236,en,Is private label packaging available?,customization
Q04833,P0464,en,Is private label packaging available?,customization
Q04834,P0310,zh,能保证12月15号前到货吗?,delivery
Q04835,P0033,zh,材料是否不含BPA?,feature
Q04836,P0478,zh,材料是否不含BPA?,feature
Q04837,P0316,zh,包装盒能换成我们的品牌设计吗?,customization
Q04838,P0306,zh,电池容量多少毫安?,feature
Q04839,P0309,en,Is the price negotiable for 500 units?,price
Q04840,P0096,en,Do you have any promotional pricing this month?,price
Q04841,P0313,zh,能发一下技术参数表吗?,feature
Q04842,P0108,zh,支持OEM/ODM吗?,customization
Q04843,P0048,en,What is the minimum order quantity to get a discount?,price
Q04844,P0456,en,What's the warranty period?,feature
Q04845,P0492,en,Can you share the technical spec sheet?,feature
Q04846,P0395,zh,包装盒能换成我们的品牌设计吗?,customization
Q04847,P0440,zh,包装盒能换成我们的品牌设计吗?,customization
Q04848,P0251,zh,和同类产品相比价格偏高。,price
Q04849,P0010,en,"Your competitor offers $X less, can you match it?",price
Q04850,P0211,en,Can you offer a better price for bulk orders?,price
Q04851,P0336,zh,有CE认证吗?,feature
Q04852,P0073,zh,"你们竞争对手报价更低,能否匹配?",price
Q04853,P0464,zh,这个月有促销价吗?,price
Q04854,P0364,zh,颜色可以定制吗?,customization
Q04855,P0072,zh,能保证12月15号前到货吗?,delivery
Q04856,P0489,zh,大批量采购可以给个更好的价格吗?,price
Q04857,P0114,en,What is the minimum order quantity to get a discount?,price
Q04858,P0324,en,Do you support DDP shipping to the US?,delivery
Q04859,P0138,en,Any chance of a 10% discount for first-time buyers?,price
Q04860,P0235,en,What is the battery capacity?,feature
Q04861,P0153,zh,材料是否不含BPA?,feature
Q04862,P0322,en,What is the battery capacity?,feature
Q04863,P0491,zh,支持DDP发到美国吗?,delivery
Q04864,P0068,zh,电池容量多少毫安?,feature
Q04865,P0138,en,What's the warranty period?,feature
Q04866,P0360,zh,春节前能到货吗?,delivery
Q04867,P0463,zh,支持OEM/ODM吗?,customization
Q04868,P0114,zh,包装盒能换成我们的品牌设计吗?,customization
Q04869,P0488,zh,急单能走空运吗?,delivery
Q04870,P0171,en,Do you have any promotional pricing this month?,price
Q04871,P0022,zh,500件的话价格能再优惠吗?,price
Q04872,P0203,zh,1000件的生产周期多久?,delivery
Q04873,P0261,zh,首次合作能给9折吗?,price
Q04874,P0493,zh,"需要定制零售包装,可以做吗?",customization
Q04875,P0275,zh,和同类产品相比价格偏高。,price
Q04876,P0106,en,Can you share the technical spec sheet?,feature
Q04877,P0407,zh,这个月有促销价吗?,price
Q04878,P0368,zh,首次合作能给9折吗?,price
Q04879,P0440,en,Is the material BPA-free?,feature
Q04880,P0326,zh,材料是否不含BPA?,feature
Q04881,P0461,en,What is the battery capacity?,feature
Q04882,P0446,zh,500件的话价格能再优惠吗?,price
Q04883,P0054,zh,有CE认证吗?,feature
Q04884,P0040,zh,春节前能到货吗?,delivery
Q04885,P0166,zh,首次合作能给9折吗?,price
Q04886,P0323,en,"Your competitor offers $X less, can you match it?",price
Q04887,P0256,zh,能保证12月15号前到货吗?,delivery
Q04888,P0027,en,What is the minimum order quantity to get a discount?,price
Q04889,P0108,en,Does this product support waterproof IPX7?,feature
Q04890,P0269,en,Do you support DDP shipping to the US?,delivery
Q04891,P0044,zh,能保证12月15号前到货吗?,delivery
Q04892,P0063,zh,保修期多久?,feature
Q04893,P0393,zh,电池容量多少毫安?,feature
Q04894,P0196,zh,颜色可以定制吗?,customization
Q04895,P0291,en,"We need custom retail packaging, is that possible?",customization
Q04896,P0458,zh,材料是否不含BPA?,feature
Q04897,P0102,zh,500件的话价格能再优惠吗?,price
Q04898,P0090,zh,电池容量多少毫安?,feature
Q04899,P0271,en,Does this product support waterproof IPX7?,feature
Q04900,P0294,zh,可以做自有品牌包装吗?,customization
Q04901,P0013,en,Do you have any promotional pricing this month?,price
Q04902,P0265,en,Is the price negotiable for 500 units?,price
Q04903,P0300,en,What's the warranty period?,feature
Q04904,P0329,en,Do you support OEM/ODM service?,customization
Q04905,P0370,zh,首次合作能给9折吗?,price
Q04906,P0438,en,"Your competitor offers $X less, can you match it?",price
Q04907,P0306,zh,首次合作能给9折吗?,price
Q04908,P0266,zh,首次合作能给9折吗?,price
Q04909,P0245,zh,大批量采购可以给个更好的价格吗?,price
Q04910,P0068,en,What's the warranty period?,feature
Q04911,P0137,zh,电池容量多少毫安?,feature
Q04912,P0174,zh,有CE认证吗?,feature
Q04913,P0253,zh,这个产品支持IPX7防水吗?,feature
Q04914,P0469,zh,能发一下技术参数表吗?,feature
Q04915,P0232,en,Is the material BPA-free?,feature
Q04916,P0095,zh,可以做自有品牌包装吗?,customization
Q04917,P0439,en,Do you have any promotional pricing this month?,price
Q04918,P0137,zh,包装上能加我们的logo吗?,customization
Q04919,P0211,en,Can we add our logo on the packaging?,customization
Q04920,P0280,zh,发到德国需要多久?,delivery
Q04921,P0401,en,Any chance of a 10% discount for first-time buyers?,price
Q04922,P0095,en,The price seems high compared to similar products.,price
Q04923,P0354,en,Any chance of a 10% discount for first-time buyers?,price
Q04924,P0415,en,Is air freight available for urgent orders?,delivery
Q04925,P0124,zh,500件的话价格能再优惠吗?,price
Q04926,P0278,en,"We need custom retail packaging, is that possible?",customization
Q04927,P0407,zh,有CE认证吗?,feature
Q04928,P0431,en,"Your competitor offers $X less, can you match it?",price
Q04929,P0278,en,Can the color be customized?,customization
Q04930,P0444,zh,能发一下技术参数表吗?,feature
Q04931,P0324,en,Can you share the technical spec sheet?,feature
Q04932,P0410,en,Can you guarantee delivery before December 15?,delivery
Q04933,P0338,en,Does this product support waterproof IPX7?,feature
Q04934,P0303,en,Do you have any promotional pricing this month?,price
Q04935,P0002,zh,电池容量多少毫安?,feature
Q04936,P0463,en,Does it come with a CE certification?,feature
Q04937,P0006,zh,这个月有促销价吗?,price
Q04938,P0379,en,"Your competitor offers $X less, can you match it?",price
Q04939,P0177,zh,支持OEM/ODM吗?,customization
Q04940,P0190,zh,"你们竞争对手报价更低,能否匹配?",price
Q04941,P0382,en,Can the color be customized?,customization
Q04942,P0220,en,Is the material BPA-free?,feature
Q04943,P0282,en,Can you change the box design to our brand?,customization
Q04944,P0447,en,Can the color be customized?,customization
Q04945,P0164,zh,能保证12月15号前到货吗?,delivery
Q04946,P0032,en,Do you support DDP shipping to the US?,delivery
Q04947,P0307,en,Can you guarantee delivery before December 15?,delivery
Q04948,P0104,en,The price seems high compared to similar products.,price
Q04949,P0068,en,Do you support DDP shipping to the US?,delivery
Q04950,P0342,zh,保修期多久?,feature
Q04951,P0305,zh,这个月有促销价吗?,price
Q04952,P0121,en,Does it come with a CE certification?,feature
Q04953,P0344,en,Can you guarantee delivery before December 15?,delivery
Q04954,P0075,en,Do you have any promotional pricing this month?,price
Q04955,P0001,en,Do you have any promotional pricing this month?,price
Q04956,P0276,en,Is air freight available for urgent orders?,delivery
Q04957,P0288,zh,"需要定制零售包装,可以做吗?",customization
Q04958,P0461,zh,能保证12月15号前到货吗?,delivery
Q04959,P0383,en,Is air freight available for urgent orders?,delivery
Q04960,P0042,zh,这个月有促销价吗?,price
Q04961,P0344,zh,500件的话价格能再优惠吗?,price
Q04962,P0425,zh,材料是否不含BPA?,feature
Q04963,P0178,zh,支持DDP发到美国吗?,delivery
Q04964,P0207,zh,首次合作能给9折吗?,price
Q04965,P0055,en,Can we add our logo on the packaging?,customization
Q04966,P0415,zh,这个月有促销价吗?,price
Q04967,P0186,en,Will the order arrive before Chinese New Year?,delivery
Q04968,P0326,zh,这个月有促销价吗?,price
Q04969,P0321,en,Any chance of a 10% discount for first-time buyers?,price
Q04970,P0306,en,Can you offer a better price for bulk orders?,price
Q04971,P0111,en,Will the order arrive before Chinese New Year?,delivery
Q04972,P0408,en,Is the material BPA-free?,feature
Q04973,P0385,en,Will the order arrive before Chinese New Year?,delivery
Q04974,P0052,en,How long is the shipping time to Germany?,delivery
Q04975,P0404,en,Does it come with a CE certification?,feature
Q04976,P0149,en,Do you support DDP shipping to the US?,delivery
Q04977,P0047,zh,500件的话价格能再优惠吗?,price
Q04978,P0261,en,Can we add our logo on the packaging?,customization
Q04979,P0105,zh,大批量采购可以给个更好的价格吗?,price
Q04980,P0324,zh,这个产品支持IPX7防水吗?,feature
Q04981,P0220,zh,大批量采购可以给个更好的价格吗?,price
Q04982,P0406,en,Is the price negotiable for 500 units?,price
Q04983,P0352,zh,1000件的生产周期多久?,delivery
Q04984,P0363,en,Will the order arrive before Chinese New Year?,delivery
Q04985,P0160,en,Is air freight available for urgent orders?,delivery
Q04986,P0117,en,Can we add our logo on the packaging?,customization
Q04987,P0488,en,"Your competitor offers $X less, can you match it?",price
Q04988,P0386,zh,春节前能到货吗?,delivery
Q04989,P0480,zh,支持DDP发到美国吗?,delivery
Q04990,P0216,zh,能发一下技术参数表吗?,feature
Q04991,P0374,en,Is the material BPA-free?,feature
Q04992,P0446,zh,能保证12月15号前到货吗?,delivery
Q04993,P0361,en,Is the material BPA-free?,feature
Q04994,P0430,zh,包装盒能换成我们的品牌设计吗?,customization
Q04995,P0172,zh,这个产品支持IPX7防水吗?,feature
Q04996,P0455,zh,1000件的生产周期多久?,delivery
Q04997,P0173,en,"Your competitor offers $X less, can you match it?",price
Q04998,P0290,zh,这个产品支持IPX7防水吗?,feature
Q04999,P0428,en,The price seems high compared to similar products.,price
Q05000,P0151,en,Can you offer a better price for bulk orders?,price
Q05001,P0085,en,What's the warranty period?,feature
Q05002,P0215,zh,这个月有促销价吗?,price
Q05003,P0152,en,Can you guarantee delivery before December 15?,delivery
Q05004,P0217,zh,保修期多久?,feature
Q05005,P0432,en,Do you support OEM/ODM service?,customization
Q05006,P0427,en,Any chance of a 10% discount for first-time buyers?,price
Q05007,P0334,zh,支持OEM/ODM吗?,customization
Q05008,P0127,zh,材料是否不含BPA?,feature
Q05009,P0293,zh,能保证12月15号前到货吗?,delivery
Q05010,P0088,en,Can you change the box design to our brand?,customization
Q05011,P0004,zh,最低起订量多少才能拿到折扣?,price
Q05012,P0195,en,Is private label packaging available?,customization
Q05013,P0411,en,What is the battery capacity?,feature
Q05014,P0291,zh,大批量采购可以给个更好的价格吗?,price
Q05015,P0169,en,Can you change the box design to our brand?,customization
Q05016,P0424,zh,材料是否不含BPA?,feature
Q05017,P0282,zh,能发一下技术参数表吗?,feature
Q05018,P0401,zh,包装上能加我们的logo吗?,customization
Q05019,P0056,zh,保修期多久?,feature
Q05020,P0272,zh,这个月有促销价吗?,price
Q05021,P0322,zh,最低起订量多少才能拿到折扣?,price
Q05022,P0024,zh,材料是否不含BPA?,feature
Q05023,P0444,en,Will the order arrive before Chinese New Year?,delivery
Q05024,P0285,zh,最低起订量多少才能拿到折扣?,price
Q05025,P0357,zh,有CE认证吗?,feature
Q05026,P0183,en,Does it come with a CE certification?,feature
Q05027,P0380,en,Do you support DDP shipping to the US?,delivery
Q05028,P0073,zh,和同类产品相比价格偏高。,price
Q05029,P0264,en,Does this product support waterproof IPX7?,feature
Q05030,P0106,zh,和同类产品相比价格偏高。,price
Q05031,P0478,zh,电池容量多少毫安?,feature
Q05032,P0414,zh,能发一下技术参数表吗?,feature
Q05033,P0195,zh,最低起订量多少才能拿到折扣?,price
Q05034,P0213,en,Does it come with a CE certification?,feature
Q05035,P0118,en,What's the warranty period?,feature
Q05036,P0103,zh,急单能走空运吗?,delivery
Q05037,P0456,zh,1000件的生产周期多久?,delivery
Q05038,P0032,zh,大批量采购可以给个更好的价格吗?,price
Q05039,P0209,en,Do you support OEM/ODM service?,customization
Q05040,P0072,zh,最低起订量多少才能拿到折扣?,price
Q05041,P0283,en,Can you share the technical spec sheet?,feature
Q05042,P0087,en,Does it come with a CE certification?,feature
Q05043,P0029,zh,急单能走空运吗?,delivery
Q05044,P0280,zh,能发一下技术参数表吗?,feature
Q05045,P0124,en,Does it come with a CE certification?,feature
Q05046,P0280,en,Can you share the technical spec sheet?,feature
Q05047,P0224,en,Do you support OEM/ODM service?,customization
Q05048,P0475,en,How long is the shipping time to Germany?,delivery
Q05049,P0473,en,Can the color be customized?,customization
Q05050,P0417,zh,最低起订量多少才能拿到折扣?,price
Q05051,P0399,zh,和同类产品相比价格偏高。,price
Q05052,P0314,en,What is the minimum order quantity to get a discount?,price
Q05053,P0124,en,Any chance of a 10% discount for first-time buyers?,price
Q05054,P0253,en,Is the material BPA-free?,feature
Q05055,P0325,en,Can you offer a better price for bulk orders?,price
Q05056,P0200,zh,最低起订量多少才能拿到折扣?,price
Q05057,P0423,en,Is the material BPA-free?,feature
Q05058,P0134,zh,首次合作能给9折吗?,price
Q05059,P0112,zh,最低起订量多少才能拿到折扣?,price
Q05060,P0395,zh,急单能走空运吗?,delivery
Q05061,P0231,zh,能发一下技术参数表吗?,feature
Q05062,P0110,zh,这个月有促销价吗?,price
Q05063,P0163,en,Is the price negotiable for 500 units?,price
Q05064,P0296,en,"Your competitor offers $X less, can you match it?",price
Q05065,P0047,zh,这个产品支持IPX7防水吗?,feature
Q05066,P0049,zh,最低起订量多少才能拿到折扣?,price
Q05067,P0390,zh,1000件的生产周期多久?,delivery
Q05068,P0322,zh,500件的话价格能再优惠吗?,price
Q05069,P0375,en,Can you change the box design to our brand?,customization
Q05070,P0310,en,Does it come with a CE certification?,feature
Q05071,P0225,en,Is the material BPA-free?,feature
Q05072,P0000,zh,1000件的生产周期多久?,delivery
Q05073,P0323,en,Do you support DDP shipping to the US?,delivery
Q05074,P0271,zh,材料是否不含BPA?,feature
Q05075,P0372,en,The price seems high compared to similar products.,price
Q05076,P0327,zh,"你们竞争对手报价更低,能否匹配?",price
Q05077,P0253,en,Can the color be customized?,customization
Q05078,P0337,zh,这个月有促销价吗?,price
Q05079,P0142,zh,这个产品支持IPX7防水吗?,feature
Q05080,P0045,zh,这个产品支持IPX7防水吗?,feature
Q05081,P0481,zh,包装上能加我们的logo吗?,customization
Q05082,P0290,en,What is the battery capacity?,feature
Q05083,P0076,zh,和同类产品相比价格偏高。,price
Q05084,P0080,en,Can you change the box design to our brand?,customization
Q05085,P0093,zh,最低起订量多少才能拿到折扣?,price
Q05086,P0152,en,What is the minimum order quantity to get a discount?,price
Q05087,P0130,en,Is private label packaging available?,customization
Q05088,P0182,en,"Your competitor offers $X less, can you match it?",price
Q05089,P0051,en,What is the minimum order quantity to get a discount?,price
Q05090,P0033,zh,大批量采购可以给个更好的价格吗?,price
Q05091,P0440,zh,保修期多久?,feature
Q05092,P0432,zh,这个月有促销价吗?,price
Q05093,P0061,zh,包装盒能换成我们的品牌设计吗?,customization
Q05094,P0106,zh,颜色可以定制吗?,customization
Q05095,P0077,zh,最低起订量多少才能拿到折扣?,price
Q05096,P0361,en,What's the warranty period?,feature
Q05097,P0255,zh,大批量采购可以给个更好的价格吗?,price
Q05098,P0054,en,Is private label packaging available?,customization
Q05099,P0490,en,What is the minimum order quantity to get a discount?,price
Q05100,P0404,en,Do you have any promotional pricing this month?,price
Q05101,P0336,en,Do you have any promotional pricing this month?,price
Q05102,P0319,zh,1000件的生产周期多久?,delivery
Q05103,P0433,zh,和同类产品相比价格偏高。,price
Q05104,P0207,zh,能保证12月15号前到货吗?,delivery
Q05105,P0030,zh,能保证12月15号前到货吗?,delivery
Q05106,P0362,en,Will the order arrive before Chinese New Year?,delivery
Q05107,P0038,en,What is the battery capacity?,feature
Q05108,P0137,en,"We need custom retail packaging, is that possible?",customization
Q05109,P0132,zh,首次合作能给9折吗?,price
Q05110,P0001,zh,材料是否不含BPA?,feature
Q05111,P0007,en,What's the warranty period?,feature
Q05112,P0449,en,Does this product support waterproof IPX7?,feature
Q05113,P0489,en,Does this product support waterproof IPX7?,feature
Q05114,P0258,en,Will the order arrive before Chinese New Year?,delivery
Q05115,P0212,en,Can we add our logo on the packaging?,customization
Q05116,P0080,en,How long is the shipping time to Germany?,delivery
Q05117,P0367,zh,这个产品支持IPX7防水吗?,feature
Q05118,P0002,en,Any chance of a 10% discount for first-time buyers?,price
Q05119,P0145,zh,和同类产品相比价格偏高。,price
Q05120,P0334,en,What's the warranty period?,feature
Q05121,P0448,zh,支持OEM/ODM吗?,customization
Q05122,P0148,zh,保修期多久?,feature
Q05123,P0026,zh,"你们竞争对手报价更低,能否匹配?",price
Q05124,P0369,en,"We need custom retail packaging, is that possible?",customization
Q05125,P0018,zh,这个月有促销价吗?,price
Q05126,P0137,zh,春节前能到货吗?,delivery
Q05127,P0415,zh,大批量采购可以给个更好的价格吗?,price
Q05128,P0111,zh,大批量采购可以给个更好的价格吗?,price
Q05129,P0061,zh,最低起订量多少才能拿到折扣?,price
Q05130,P0426,en,How long is the shipping time to Germany?,delivery
Q05131,P0463,en,What is the battery capacity?,feature
Q05132,P0480,en,Does it come with a CE certification?,feature
Q05133,P0192,en,What is the minimum order quantity to get a discount?,price
Q05134,P0278,zh,最低起订量多少才能拿到折扣?,price
Q05135,P0085,en,Can you change the box design to our brand?,customization
Q05136,P0473,en,How long is the shipping time to Germany?,delivery
Q05137,P0374,zh,材料是否不含BPA?,feature
Q05138,P0214,en,The price seems high compared to similar products.,price
Q05139,P0004,en,Does this product support waterproof IPX7?,feature
Q05140,P0271,en,Can you share the technical spec sheet?,feature
Q05141,P0196,zh,和同类产品相比价格偏高。,price
Q05142,P0018,zh,包装上能加我们的logo吗?,customization
Q05143,P0331,zh,保修期多久?,feature
Q05144,P0109,zh,可以做自有品牌包装吗?,customization
Q05145,P0252,en,How long is the shipping time to Germany?,delivery
Q05146,P0156,zh,"需要定制零售包装,可以做吗?",customization
Q05147,P0133,zh,颜色可以定制吗?,customization
Q05148,P0258,en,Can the color be customized?,customization
Q05149,P0132,zh,支持DDP发到美国吗?,delivery
Q05150,P0443,zh,大批量采购可以给个更好的价格吗?,price
Q05151,P0474,en,The price seems high compared to similar products.,price
Q05152,P0178,en,Can you share the technical spec sheet?,feature
Q05153,P0280,zh,能保证12月15号前到货吗?,delivery
Q05154,P0409,en,What is the battery capacity?,feature
Q05155,P0021,zh,最低起订量多少才能拿到折扣?,price
Q05156,P0111,en,Do you have any promotional pricing this month?,price
Q05157,P0446,zh,1000件的生产周期多久?,delivery
Q05158,P0159,zh,发到德国需要多久?,delivery
Q05159,P0150,en,Can you share the technical spec sheet?,feature
Q05160,P0293,en,Can you offer a better price for bulk orders?,price
Q05161,P0412,en,"Your competitor offers $X less, can you match it?",price
Q05162,P0176,zh,500件的话价格能再优惠吗?,price
Q05163,P0029,zh,包装盒能换成我们的品牌设计吗?,customization
Q05164,P0149,en,Can we add our logo on the packaging?,customization
Q05165,P0151,zh,这个产品支持IPX7防水吗?,feature
Q05166,P0296,en,Will the order arrive before Chinese New Year?,delivery
Q05167,P0498,en,Can we add our logo on the packaging?,customization
Q05168,P0464,zh,500件的话价格能再优惠吗?,price
Q05169,P0163,en,Can you share the technical spec sheet?,feature
Q05170,P0499,zh,首次合作能给9折吗?,price
Q05171,P0134,en,Do you support DDP shipping to the US?,delivery
Q05172,P0114,zh,材料是否不含BPA?,feature
Q05173,P0311,en,Can you share the technical spec sheet?,feature
Q05174,P0317,en,Can you guarantee delivery before December 15?,delivery
Q05175,P0398,en,Does this product support waterproof IPX7?,feature
Q05176,P0476,en,Can you guarantee delivery before December 15?,delivery
Q05177,P0473,en,"We need custom retail packaging, is that possible?",customization
Q05178,P0259,en,Can you share the technical spec sheet?,feature
Q05179,P0466,zh,和同类产品相比价格偏高。,price
Q05180,P0113,zh,1000件的生产周期多久?,delivery
Q05181,P0107,zh,急单能走空运吗?,delivery
Q05182,P0373,en,What's the warranty period?,feature
Q05183,P0188,zh,有CE认证吗?,feature
Q05184,P0340,zh,保修期多久?,feature
Q05185,P0124,zh,电池容量多少毫安?,feature
Q05186,P0030,zh,这个月有促销价吗?,price
Q05187,P0459,zh,颜色可以定制吗?,customization
Q05188,P0360,zh,能发一下技术参数表吗?,feature
Q05189,P0001,en,Do you support DDP shipping to the US?,delivery
Q05190,P0137,zh,首次合作能给9折吗?,price
Q05191,P0154,zh,材料是否不含BPA?,feature
Q05192,P0291,en,Can we add our logo on the packaging?,customization
Q05193,P0107,en,Can you guarantee delivery before December 15?,delivery
Q05194,P0400,en,Does this product support waterproof IPX7?,feature
Q05195,P0143,en,Can you share the technical spec sheet?,feature
Q05196,P0266,zh,大批量采购可以给个更好的价格吗?,price
Q05197,P0241,zh,500件的话价格能再优惠吗?,price
Q05198,P0017,en,Does it come with a CE certification?,feature
Q05199,P0333,zh,"你们竞争对手报价更低,能否匹配?",price
Q05200,P0341,en,The price seems high compared to similar products.,price
Q05201,P0212,zh,首次合作能给9折吗?,price
Q05202,P0108,zh,首次合作能给9折吗?,price
Q05203,P0202,en,Can you share the technical spec sheet?,feature
Q05204,P0305,en,Will the order arrive before Chinese New Year?,delivery
Q05205,P0101,zh,有CE认证吗?,feature
Q05206,P0445,en,Is the price negotiable for 500 units?,price
Q05207,P0370,en,What's the lead time for 1000 units?,delivery
Q05208,P0225,zh,这个月有促销价吗?,price
Q05209,P0162,zh,材料是否不含BPA?,feature
Q05210,P0066,zh,材料是否不含BPA?,feature
Q05211,P0460,zh,包装盒能换成我们的品牌设计吗?,customization
Q05212,P0215,en,Does this product support waterproof IPX7?,feature
Q05213,P0205,en,Do you support DDP shipping to the US?,delivery
Q05214,P0423,en,"Your competitor offers $X less, can you match it?",price
Q05215,P0392,zh,最低起订量多少才能拿到折扣?,price
Q05216,P0309,en,Does it come with a CE certification?,feature
Q05217,P0159,zh,有CE认证吗?,feature
Q05218,P0112,zh,"你们竞争对手报价更低,能否匹配?",price
Q05219,P0386,zh,能发一下技术参数表吗?,feature
Q05220,P0452,zh,颜色可以定制吗?,customization
Q05221,P0399,en,Is the material BPA-free?,feature
Q05222,P0121,zh,电池容量多少毫安?,feature
Q05223,P0031,zh,和同类产品相比价格偏高。,price
Q05224,P0084,zh,电池容量多少毫安?,feature
Q05225,P0007,zh,"你们竞争对手报价更低,能否匹配?",price
Q05226,P0324,zh,材料是否不含BPA?,feature
Q05227,P0400,en,How long is the shipping time to Germany?,delivery
Q05228,P0473,en,Any chance of a 10% discount for first-time buyers?,price
Q05229,P0486,en,What is the minimum order quantity to get a discount?,price
Q05230,P0219,en,Do you have any promotional pricing this month?,price
Q05231,P0377,zh,能发一下技术参数表吗?,feature
Q05232,P0309,en,Can the color be customized?,customization
Q05233,P0467,zh,500件的话价格能再优惠吗?,price
Q05234,P0315,zh,和同类产品相比价格偏高。,price
Q05235,P0488,zh,大批量采购可以给个更好的价格吗?,price
Q05236,P0488,en,Do you have any promotional pricing this month?,price
Q05237,P0356,en,What's the lead time for 1000 units?,delivery
Q05238,P0049,en,Does this product support waterproof IPX7?,feature
Q05239,P0336,en,Can you share the technical spec sheet?,feature
Q05240,P0429,en,Can we add our logo on the packaging?,customization
Q05241,P0116,zh,电池容量多少毫安?,feature
Q05242,P0462,zh,最低起订量多少才能拿到折扣?,price
Q05243,P0269,en,Do you support OEM/ODM service?,customization
Q05244,P0418,zh,首次合作能给9折吗?,price
Q05245,P0481,en,What's the warranty period?,feature
Q05246,P0277,en,Do you have any promotional pricing this month?,price
Q05247,P0304,zh,春节前能到货吗?,delivery
Q05248,P0266,en,Is the price negotiable for 500 units?,price
Q05249,P0177,zh,材料是否不含BPA?,feature
Q05250,P0248,zh,大批量采购可以给个更好的价格吗?,price
Q05251,P0132,en,Is air freight available for urgent orders?,delivery
Q05252,P0353,en,What is the minimum order quantity to get a discount?,price
Q05253,P0496,en,What is the minimum order quantity to get a discount?,price
Q05254,P0193,zh,1000件的生产周期多久?,delivery
Q05255,P0427,en,"Your competitor offers $X less, can you match it?",price
Q05256,P0479,zh,1000件的生产周期多久?,delivery
Q05257,P0059,zh,和同类产品相比价格偏高。,price
Q05258,P0035,zh,能保证12月15号前到货吗?,delivery
Q05259,P0197,zh,支持OEM/ODM吗?,customization
Q05260,P0247,zh,大批量采购可以给个更好的价格吗?,price
Q05261,P0006,en,The price seems high compared to similar products.,price
Q05262,P0240,en,Can you change the box design to our brand?,customization
Q05263,P0444,zh,材料是否不含BPA?,feature
Q05264,P0195,en,"We need custom retail packaging, is that possible?",customization
Q05265,P0358,en,Does this product support waterproof IPX7?,feature
Q05266,P0359,zh,这个月有促销价吗?,price
Q05267,P0494,en,Can you share the technical spec sheet?,feature
Q05268,P0412,zh,有CE认证吗?,feature
Q05269,P0099,en,Is the price negotiable for 500 units?,price
Q05270,P0162,zh,有CE认证吗?,feature
Q05271,P0388,en,Can the color be customized?,customization
Q05272,P0012,en,Is air freight available for urgent orders?,delivery
Q05273,P0159,zh,能发一下技术参数表吗?,feature
Q05274,P0183,zh,1000件的生产周期多久?,delivery
Q05275,P0439,en,What's the warranty period?,feature
Q05276,P0399,en,Can you share the technical spec sheet?,feature
Q05277,P0301,zh,首次合作能给9折吗?,price
Q05278,P0065,zh,最低起订量多少才能拿到折扣?,price
Q05279,P0347,zh,包装上能加我们的logo吗?,customization
Q05280,P0214,zh,发到德国需要多久?,delivery
Q05281,P0164,zh,大批量采购可以给个更好的价格吗?,price
Q05282,P0496,en,Can you offer a better price for bulk orders?,price
Q05283,P0130,en,"We need custom retail packaging, is that possible?",customization
Q05284,P0483,en,Can you share the technical spec sheet?,feature
Q05285,P0044,zh,包装上能加我们的logo吗?,customization
Q05286,P0186,zh,这个产品支持IPX7防水吗?,feature
Q05287,P0485,en,"We need custom retail packaging, is that possible?",customization
Q05288,P0239,en,Is the material BPA-free?,feature
Q05289,P0457,en,Can you offer a better price for bulk orders?,price
Q05290,P0049,zh,和同类产品相比价格偏高。,price
Q05291,P0327,zh,有CE认证吗?,feature
Q05292,P0320,zh,"需要定制零售包装,可以做吗?",customization
Q05293,P0213,en,What's the warranty period?,feature
Q05294,P0338,zh,"你们竞争对手报价更低,能否匹配?",price
Q05295,P0044,zh,材料是否不含BPA?,feature
Q05296,P0173,en,"We need custom retail packaging, is that possible?",customization
Q05297,P0341,en,Can you share the technical spec sheet?,feature
Q05298,P0089,zh,这个产品支持IPX7防水吗?,feature
Q05299,P0245,en,Is the price negotiable for 500 units?,price
Q05300,P0420,en,The price seems high compared to similar products.,price
Q05301,P0000,zh,颜色可以定制吗?,customization
Q05302,P0187,en,What is the battery capacity?,feature
Q05303,P0316,zh,急单能走空运吗?,delivery
Q05304,P0475,zh,最低起订量多少才能拿到折扣?,price
Q05305,P0108,zh,500件的话价格能再优惠吗?,price
Q05306,P0000,zh,500件的话价格能再优惠吗?,price
Q05307,P0308,en,What is the battery capacity?,feature
Q05308,P0411,zh,这个产品支持IPX7防水吗?,feature
Q05309,P0083,en,Is the material BPA-free?,feature
Q05310,P0038,en,Is the material BPA-free?,feature
Q05311,P0001,en,Is private label packaging available?,customization
Q05312,P0366,zh,"需要定制零售包装,可以做吗?",customization
Q05313,P0322,en,Any chance of a 10% discount for first-time buyers?,price
Q05314,P0116,zh,和同类产品相比价格偏高。,price
Q05315,P0140,en,The price seems high compared to similar products.,price
Q05316,P0284,zh,最低起订量多少才能拿到折扣?,price
Q05317,P0112,zh,这个月有促销价吗?,price
Q05318,P0359,zh,能保证12月15号前到货吗?,delivery
Q05319,P0062,en,Is the material BPA-free?,feature
Q05320,P0311,zh,能发一下技术参数表吗?,feature
Q05321,P0400,en,Do you support OEM/ODM service?,customization
Q05322,P0026,en,What is the battery capacity?,feature
Q05323,P0347,en,What is the battery capacity?,feature
Q05324,P0268,en,Is the material BPA-free?,feature
Q05325,P0438,en,Does this product support waterproof IPX7?,feature
Q05326,P0016,zh,"你们竞争对手报价更低,能否匹配?",price
Q05327,P0042,zh,500件的话价格能再优惠吗?,price
Q05328,P0361,en,Any chance of a 10% discount for first-time buyers?,price
Q05329,P0230,en,Does it come with a CE certification?,feature
Q05330,P0053,zh,500件的话价格能再优惠吗?,price
Q05331,P0289,en,What's the warranty period?,feature
Q05332,P0374,en,Do you support OEM/ODM service?,customization
Q05333,P0182,zh,春节前能到货吗?,delivery
Q05334,P0050,en,The price seems high compared to similar products.,price
Q05335,P0122,zh,颜色可以定制吗?,customization
Q05336,P0176,zh,急单能走空运吗?,delivery
Q05337,P0113,zh,能保证12月15号前到货吗?,delivery
Q05338,P0001,en,Is air freight available for urgent orders?,delivery
Q05339,P0497,zh,材料是否不含BPA?,feature
Q05340,P0473,zh,500件的话价格能再优惠吗?,price
Q05341,P0497,zh,能发一下技术参数表吗?,feature
Q05342,P0312,zh,有CE认证吗?,feature
Q05343,P0415,zh,支持DDP发到美国吗?,delivery
Q05344,P0130,en,Can you offer a better price for bulk orders?,price
Q05345,P0152,en,Do you support OEM/ODM service?,customization
Q05346,P0480,en,How long is the shipping time to Germany?,delivery
Q05347,P0135,en,How long is the shipping time to Germany?,delivery
Q05348,P0232,zh,保修期多久?,feature
Q05349,P0386,zh,这个月有促销价吗?,price
Q05350,P0490,en,Can you share the technical spec sheet?,feature
Q05351,P0480,en,What's the warranty period?,feature
Q05352,P0383,zh,可以做自有品牌包装吗?,customization
Q05353,P0095,zh,急单能走空运吗?,delivery
Q05354,P0173,en,Does it come with a CE certification?,feature
Q05355,P0414,en,Do you support OEM/ODM service?,customization
Q05356,P0020,en,"Your competitor offers $X less, can you match it?",price
Q05357,P0160,en,Can you guarantee delivery before December 15?,delivery
Q05358,P0037,en,Does this product support waterproof IPX7?,feature
Q05359,P0031,en,Do you have any promotional pricing this month?,price
Q05360,P0348,zh,500件的话价格能再优惠吗?,price
Q05361,P0267,zh,"需要定制零售包装,可以做吗?",customization
Q05362,P0323,en,What is the minimum order quantity to get a discount?,price
Q05363,P0487,en,Any chance of a 10% discount for first-time buyers?,price
Q05364,P0474,en,"Your competitor offers $X less, can you match it?",price
Q05365,P0040,en,"Your competitor offers $X less, can you match it?",price
Q05366,P0347,zh,春节前能到货吗?,delivery
Q05367,P0183,en,How long is the shipping time to Germany?,delivery
Q05368,P0075,en,Does it come with a CE certification?,feature
Q05369,P0450,zh,有CE认证吗?,feature
Q05370,P0394,zh,保修期多久?,feature
Q05371,P0206,en,Can you change the box design to our brand?,customization
Q05372,P0464,zh,和同类产品相比价格偏高。,price
Q05373,P0476,en,Does it come with a CE certification?,feature
Q05374,P0308,en,What is the minimum order quantity to get a discount?,price
Q05375,P0150,zh,这个产品支持IPX7防水吗?,feature
Q05376,P0013,en,Do you support DDP shipping to the US?,delivery
Q05377,P0099,en,Can you change the box design to our brand?,customization
Q05378,P0435,zh,发到德国需要多久?,delivery
Q05379,P0471,en,Is the price negotiable for 500 units?,price
Q05380,P0099,en,What's the warranty period?,feature
Q05381,P0108,zh,"需要定制零售包装,可以做吗?",customization
Q05382,P0123,en,Do you have any promotional pricing this month?,price
Q05383,P0058,en,"Your competitor offers $X less, can you match it?",price
Q05384,P0227,en,What's the lead time for 1000 units?,delivery
Q05385,P0443,en,Does this product support waterproof IPX7?,feature
Q05386,P0090,zh,可以做自有品牌包装吗?,customization
Q05387,P0070,zh,首次合作能给9折吗?,price
Q05388,P0303,en,Is the price negotiable for 500 units?,price
Q05389,P0466,en,What's the warranty period?,feature
Q05390,P0203,en,Can you share the technical spec sheet?,feature
Q05391,P0371,zh,首次合作能给9折吗?,price
Q05392,P0142,zh,这个产品支持IPX7防水吗?,feature
Q05393,P0369,zh,包装上能加我们的logo吗?,customization
Q05394,P0014,en,Will the order arrive before Chinese New Year?,delivery
Q05395,P0399,zh,这个月有促销价吗?,price
Q05396,P0137,en,Can we add our logo on the packaging?,customization
Q05397,P0390,zh,最低起订量多少才能拿到折扣?,price
Q05398,P0281,zh,能保证12月15号前到货吗?,delivery
Q05399,P0148,en,Do you have any promotional pricing this month?,price
Q05400,P0154,zh,这个月有促销价吗?,price
Q05401,P0266,zh,电池容量多少毫安?,feature
Q05402,P0317,en,Can you change the box design to our brand?,customization
Q05403,P0251,zh,首次合作能给9折吗?,price
Q05404,P0353,en,"Your competitor offers $X less, can you match it?",price
Q05405,P0218,zh,有CE认证吗?,feature
Q05406,P0119,zh,有CE认证吗?,feature
Q05407,P0411,zh,能保证12月15号前到货吗?,delivery
Q05408,P0492,en,How long is the shipping time to Germany?,delivery
Q05409,P0455,en,Can the color be customized?,customization
Q05410,P0091,zh,这个月有促销价吗?,price
Q05411,P0048,zh,1000件的生产周期多久?,delivery
Q05412,P0055,en,Does this product support waterproof IPX7?,feature
Q05413,P0440,zh,包装盒能换成我们的品牌设计吗?,customization
Q05414,P0132,en,Can the color be customized?,customization
Q05415,P0035,zh,首次合作能给9折吗?,price
Q05416,P0086,zh,春节前能到货吗?,delivery
Q05417,P0035,en,What is the battery capacity?,feature
Q05418,P0309,en,Do you have any promotional pricing this month?,price
Q05419,P0403,zh,500件的话价格能再优惠吗?,price
Q05420,P0479,zh,首次合作能给9折吗?,price
Q05421,P0139,zh,首次合作能给9折吗?,price
Q05422,P0408,en,What's the warranty period?,feature
Q05423,P0496,zh,电池容量多少毫安?,feature
Q05424,P0136,zh,最低起订量多少才能拿到折扣?,price
Q05425,P0468,en,Any chance of a 10% discount for first-time buyers?,price
Q05426,P0492,en,Is the material BPA-free?,feature
Q05427,P0235,en,Does it come with a CE certification?,feature
Q05428,P0231,zh,有CE认证吗?,feature
Q05429,P0250,en,Do you support DDP shipping to the US?,delivery
Q05430,P0134,en,Do you have any promotional pricing this month?,price
Q05431,P0212,en,Does it come with a CE certification?,feature
Q05432,P0111,zh,最低起订量多少才能拿到折扣?,price
Q05433,P0351,en,Do you support DDP shipping to the US?,delivery
Q05434,P0437,en,What's the lead time for 1000 units?,delivery
Q05435,P0234,zh,能发一下技术参数表吗?,feature
Q05436,P0352,zh,"需要定制零售包装,可以做吗?",customization
Q05437,P0482,zh,有CE认证吗?,feature
Q05438,P0351,zh,这个月有促销价吗?,price
Q05439,P0168,en,Does this product support waterproof IPX7?,feature
Q05440,P0100,zh,电池容量多少毫安?,feature
Q05441,P0248,en,Does this product support waterproof IPX7?,feature
Q05442,P0072,zh,电池容量多少毫安?,feature
Q05443,P0303,en,The price seems high compared to similar products.,price
Q05444,P0372,zh,"需要定制零售包装,可以做吗?",customization
Q05445,P0445,en,Is the price negotiable for 500 units?,price
Q05446,P0267,en,Can you guarantee delivery before December 15?,delivery
Q05447,P0004,en,Does this product support waterproof IPX7?,feature
Q05448,P0216,en,What is the battery capacity?,feature
Q05449,P0185,zh,电池容量多少毫安?,feature
Q05450,P0138,en,Do you have any promotional pricing this month?,price
Q05451,P0202,zh,可以做自有品牌包装吗?,customization
Q05452,P0260,en,What is the battery capacity?,feature
Q05453,P0156,en,"We need custom retail packaging, is that possible?",customization
Q05454,P0158,en,"We need custom retail packaging, is that possible?",customization
Q05455,P0250,en,Do you have any promotional pricing this month?,price
Q05456,P0184,en,Do you support DDP shipping to the US?,delivery
Q05457,P0324,zh,保修期多久?,feature
Q05458,P0082,zh,能发一下技术参数表吗?,feature
Q05459,P0174,en,Can you offer a better price for bulk orders?,price
Q05460,P0429,en,"We need custom retail packaging, is that possible?",customization
Q05461,P0175,en,Do you have any promotional pricing this month?,price
Q05462,P0325,en,Can you offer a better price for bulk orders?,price
Q05463,P0452,zh,发到德国需要多久?,delivery
Q05464,P0036,zh,发到德国需要多久?,delivery
Q05465,P0291,en,Is the price negotiable for 500 units?,price
Q05466,P0448,zh,1000件的生产周期多久?,delivery
Q05467,P0279,zh,大批量采购可以给个更好的价格吗?,price
Q05468,P0152,en,What's the lead time for 1000 units?,delivery
Q05469,P0238,zh,发到德国需要多久?,delivery
Q05470,P0331,zh,首次合作能给9折吗?,price
Q05471,P0327,zh,可以做自有品牌包装吗?,customization
Q05472,P0218,zh,急单能走空运吗?,delivery
Q05473,P0360,zh,和同类产品相比价格偏高。,price
Q05474,P0355,en,Does it come with a CE certification?,feature
Q05475,P0062,en,Is the price negotiable for 500 units?,price
Q05476,P0377,en,Is the price negotiable for 500 units?,price
Q05477,P0452,zh,这个月有促销价吗?,price
Q05478,P0230,zh,大批量采购可以给个更好的价格吗?,price
Q05479,P0189,en,Is private label packaging available?,customization
Q05480,P0113,zh,最低起订量多少才能拿到折扣?,price
Q05481,P0321,en,Is the material BPA-free?,feature
Q05482,P0062,en,How long is the shipping time to Germany?,delivery
Q05483,P0364,zh,"你们竞争对手报价更低,能否匹配?",price
Q05484,P0048,en,The price seems high compared to similar products.,price
Q05485,P0446,zh,有CE认证吗?,feature
Q05486,P0127,en,Can the color be customized?,customization
Q05487,P0029,en,Can we add our logo on the packaging?,customization
Q05488,P0347,zh,最低起订量多少才能拿到折扣?,price
Q05489,P0137,en,"We need custom retail packaging, is that possible?",customization
Q05490,P0107,zh,1000件的生产周期多久?,delivery
Q05491,P0391,zh,"需要定制零售包装,可以做吗?",customization
Q05492,P0370,en,Does this product support waterproof IPX7?,feature
Q05493,P0411,zh,发到德国需要多久?,delivery
Q05494,P0485,en,What is the battery capacity?,feature
Q05495,P0491,zh,可以做自有品牌包装吗?,customization
Q05496,P0230,en,Do you support DDP shipping to the US?,delivery
Q05497,P0333,zh,和同类产品相比价格偏高。,price
Q05498,P0360,en,What is the minimum order quantity to get a discount?,price
Q05499,P0126,zh,材料是否不含BPA?,feature
Q05500,P0065,en,What's the warranty period?,feature
Q05501,P0396,en,What's the warranty period?,feature
Q05502,P0274,en,The price seems high compared to similar products.,price
Q05503,P0083,en,Do you have any promotional pricing this month?,price
Q05504,P0060,zh,"你们竞争对手报价更低,能否匹配?",price
Q05505,P0269,zh,电池容量多少毫安?,feature
Q05506,P0425,zh,1000件的生产周期多久?,delivery
Q05507,P0030,zh,首次合作能给9折吗?,price
Q05508,P0098,zh,春节前能到货吗?,delivery
Q05509,P0018,en,Can you offer a better price for bulk orders?,price
Q05510,P0404,en,What's the warranty period?,feature
Q05511,P0082,en,Can we add our logo on the packaging?,customization
Q05512,P0199,zh,急单能走空运吗?,delivery
Q05513,P0249,zh,"你们竞争对手报价更低,能否匹配?",price
Q05514,P0463,zh,500件的话价格能再优惠吗?,price
Q05515,P0241,en,Will the order arrive before Chinese New Year?,delivery
Q05516,P0114,en,"Your competitor offers $X less, can you match it?",price
Q05517,P0484,zh,材料是否不含BPA?,feature
Q05518,P0105,en,Does it come with a CE certification?,feature
Q05519,P0007,en,What's the lead time for 1000 units?,delivery
Q05520,P0033,en,Can you share the technical spec sheet?,feature
Q05521,P0339,zh,1000件的生产周期多久?,delivery
Q05522,P0450,zh,和同类产品相比价格偏高。,price
Q05523,P0360,zh,这个月有促销价吗?,price
Q05524,P0453,en,Does this product support waterproof IPX7?,feature
Q05525,P0041,en,Any chance of a 10% discount for first-time buyers?,price
Q05526,P0389,en,Can you guarantee delivery before December 15?,delivery
Q05527,P0405,en,Can we add our logo on the packaging?,customization
Q05528,P0362,en,Do you support OEM/ODM service?,customization
Q05529,P0252,zh,"需要定制零售包装,可以做吗?",customization
Q05530,P0146,zh,颜色可以定制吗?,customization
Q05531,P0186,zh,500件的话价格能再优惠吗?,price
Q05532,P0422,en,Is the price negotiable for 500 units?,price
Q05533,P0118,en,Does it come with a CE certification?,feature
Q05534,P0312,en,Any chance of a 10% discount for first-time buyers?,price
Q05535,P0139,zh,这个月有促销价吗?,price
Q05536,P0183,zh,这个月有促销价吗?,price
Q05537,P0330,en,Do you have any promotional pricing this month?,price
Q05538,P0315,zh,支持DDP发到美国吗?,delivery
Q05539,P0389,zh,包装上能加我们的logo吗?,customization
Q05540,P0344,en,Does this product support waterproof IPX7?,feature
Q05541,P0349,en,Can you share the technical spec sheet?,feature
Q05542,P0055,zh,最低起订量多少才能拿到折扣?,price
Q05543,P0079,en,Can you offer a better price for bulk orders?,price
Q05544,P0279,en,The price seems high compared to similar products.,price
Q05545,P0404,zh,1000件的生产周期多久?,delivery
Q05546,P0215,en,The price seems high compared to similar products.,price
Q05547,P0334,en,How long is the shipping time to Germany?,delivery
Q05548,P0352,en,Can you share the technical spec sheet?,feature
Q05549,P0482,zh,首次合作能给9折吗?,price
Q05550,P0406,zh,500件的话价格能再优惠吗?,price
Q05551,P0393,en,Is air freight available for urgent orders?,delivery
Q05552,P0313,en,Will the order arrive before Chinese New Year?,delivery
Q05553,P0491,en,Is air freight available for urgent orders?,delivery
Q05554,P0333,zh,大批量采购可以给个更好的价格吗?,price
Q05555,P0324,zh,"你们竞争对手报价更低,能否匹配?",price
Q05556,P0477,zh,能保证12月15号前到货吗?,delivery
Q05557,P0184,en,Do you support OEM/ODM service?,customization
Q05558,P0408,zh,发到德国需要多久?,delivery
Q05559,P0189,zh,春节前能到货吗?,delivery
Q05560,P0177,zh,"你们竞争对手报价更低,能否匹配?",price
Q05561,P0397,en,What's the warranty period?,feature
Q05562,P0255,en,Can the color be customized?,customization
Q05563,P0397,en,Does it come with a CE certification?,feature
Q05564,P0434,en,Does it come with a CE certification?,feature
Q05565,P0097,en,What's the lead time for 1000 units?,delivery
Q05566,P0189,zh,有CE认证吗?,feature
Q05567,P0327,en,Any chance of a 10% discount for first-time buyers?,price
Q05568,P0168,en,Do you support DDP shipping to the US?,delivery
Q05569,P0270,zh,1000件的生产周期多久?,delivery
Q05570,P0230,en,Any chance of a 10% discount for first-time buyers?,price
Q05571,P0076,en,What's the lead time for 1000 units?,delivery
Q05572,P0314,en,How long is the shipping time to Germany?,delivery
Q05573,P0328,en,How long is the shipping time to Germany?,delivery
Q05574,P0404,en,Is air freight available for urgent orders?,delivery
Q05575,P0096,zh,春节前能到货吗?,delivery
Q05576,P0051,zh,"需要定制零售包装,可以做吗?",customization
Q05577,P0247,zh,发到德国需要多久?,delivery
Q05578,P0350,zh,春节前能到货吗?,delivery
Q05579,P0408,zh,"需要定制零售包装,可以做吗?",customization
Q05580,P0443,zh,材料是否不含BPA?,feature
Q05581,P0291,en,What's the warranty period?,feature
Q05582,P0323,zh,这个月有促销价吗?,price
Q05583,P0257,en,Can you share the technical spec sheet?,feature
Q05584,P0302,zh,"你们竞争对手报价更低,能否匹配?",price
Q05585,P0262,en,Can you guarantee delivery before December 15?,delivery
Q05586,P0447,zh,急单能走空运吗?,delivery
Q05587,P0019,en,Can you share the technical spec sheet?,feature
Q05588,P0063,zh,包装上能加我们的logo吗?,customization
Q05589,P0074,en,Can you share the technical spec sheet?,feature
Q05590,P0491,zh,颜色可以定制吗?,customization
Q05591,P0447,en,Can you offer a better price for bulk orders?,price
Q05592,P0258,en,Can you share the technical spec sheet?,feature
Q05593,P0429,zh,大批量采购可以给个更好的价格吗?,price
Q05594,P0258,en,Do you have any promotional pricing this month?,price
Q05595,P0013,en,Does this product support waterproof IPX7?,feature
Q05596,P0322,en,Is the material BPA-free?,feature
Q05597,P0295,en,Does it come with a CE certification?,feature
Q05598,P0278,zh,能发一下技术参数表吗?,feature
Q05599,P0245,en,How long is the shipping time to Germany?,delivery
Q05600,P0105,en,Will the order arrive before Chinese New Year?,delivery
Q05601,P0454,en,What's the warranty period?,feature
Q05602,P0329,en,Can you share the technical spec sheet?,feature
Q05603,P0468,zh,发到德国需要多久?,delivery
Q05604,P0459,zh,材料是否不含BPA?,feature
Q05605,P0080,zh,材料是否不含BPA?,feature
Q05606,P0151,zh,可以做自有品牌包装吗?,customization
Q05607,P0454,zh,颜色可以定制吗?,customization
Q05608,P0356,zh,这个月有促销价吗?,price
Q05609,P0325,zh,这个月有促销价吗?,price
Q05610,P0065,zh,"你们竞争对手报价更低,能否匹配?",price
Q05611,P0242,zh,能发一下技术参数表吗?,feature
Q05612,P0172,en,What's the lead time for 1000 units?,delivery
Q05613,P0201,en,Can we add our logo on the packaging?,customization
Q05614,P0407,zh,首次合作能给9折吗?,price
Q05615,P0052,en,Is the price negotiable for 500 units?,price
Q05616,P0387,en,Can you offer a better price for bulk orders?,price
Q05617,P0312,en,How long is the shipping time to Germany?,delivery
Q05618,P0122,en,Does this product support waterproof IPX7?,feature
Q05619,P0407,en,Does it come with a CE certification?,feature
Q05620,P0044,zh,能发一下技术参数表吗?,feature
Q05621,P0237,zh,首次合作能给9折吗?,price
Q05622,P0029,zh,支持DDP发到美国吗?,delivery
Q05623,P0337,zh,有CE认证吗?,feature
Q05624,P0344,zh,支持DDP发到美国吗?,delivery
Q05625,P0029,zh,最低起订量多少才能拿到折扣?,price
Q05626,P0107,zh,大批量采购可以给个更好的价格吗?,price
Q05627,P0142,zh,500件的话价格能再优惠吗?,price
Q05628,P0343,en,What's the lead time for 1000 units?,delivery
Q05629,P0393,en,Do you support OEM/ODM service?,customization
Q05630,P0178,en,Is the price negotiable for 500 units?,price
Q05631,P0384,en,What is the minimum order quantity to get a discount?,price
Q05632,P0467,zh,这个产品支持IPX7防水吗?,feature
Q05633,P0005,en,What's the lead time for 1000 units?,delivery
Q05634,P0133,zh,春节前能到货吗?,delivery
Q05635,P0446,en,Any chance of a 10% discount for first-time buyers?,price
Q05636,P0231,zh,能保证12月15号前到货吗?,delivery
Q05637,P0384,en,How long is the shipping time to Germany?,delivery
Q05638,P0133,en,Does this product support waterproof IPX7?,feature
Q05639,P0056,en,Is the price negotiable for 500 units?,price
Q05640,P0408,zh,500件的话价格能再优惠吗?,price
Q05641,P0497,zh,保修期多久?,feature
Q05642,P0072,en,"We need custom retail packaging, is that possible?",customization
Q05643,P0051,zh,和同类产品相比价格偏高。,price
Q05644,P0306,zh,大批量采购可以给个更好的价格吗?,price
Q05645,P0285,zh,电池容量多少毫安?,feature
Q05646,P0429,en,Can the color be customized?,customization
Q05647,P0488,en,Is the material BPA-free?,feature
Q05648,P0455,zh,可以做自有品牌包装吗?,customization
Q05649,P0091,en,How long is the shipping time to Germany?,delivery
Q05650,P0490,zh,包装盒能换成我们的品牌设计吗?,customization
Q05651,P0071,zh,有CE认证吗?,feature
Q05652,P0383,en,What is the minimum order quantity to get a discount?,price
Q05653,P0341,zh,和同类产品相比价格偏高。,price
Q05654,P0299,zh,和同类产品相比价格偏高。,price
Q05655,P0196,en,Does it come with a CE certification?,feature
Q05656,P0380,zh,首次合作能给9折吗?,price
Q05657,P0043,zh,颜色可以定制吗?,customization
Q05658,P0020,en,"We need custom retail packaging, is that possible?",customization
Q05659,P0474,zh,有CE认证吗?,feature
Q05660,P0077,en,What is the battery capacity?,feature
Q05661,P0243,zh,"你们竞争对手报价更低,能否匹配?",price
Q05662,P0283,en,Do you have any promotional pricing this month?,price
Q05663,P0159,en,Does it come with a CE certification?,feature
Q05664,P0135,zh,有CE认证吗?,feature
Q05665,P0377,zh,和同类产品相比价格偏高。,price
Q05666,P0297,zh,大批量采购可以给个更好的价格吗?,price
Q05667,P0478,en,Can you offer a better price for bulk orders?,price
Q05668,P0398,en,Will the order arrive before Chinese New Year?,delivery
Q05669,P0148,zh,支持DDP发到美国吗?,delivery
Q05670,P0486,en,The price seems high compared to similar products.,price
Q05671,P0010,zh,能发一下技术参数表吗?,feature
Q05672,P0332,en,What's the warranty period?,feature
Q05673,P0017,zh,急单能走空运吗?,delivery
Q05674,P0062,zh,这个月有促销价吗?,price
Q05675,P0132,zh,大批量采购可以给个更好的价格吗?,price
Q05676,P0372,zh,保修期多久?,feature
Q05677,P0270,zh,最低起订量多少才能拿到折扣?,price
Q05678,P0482,zh,发到德国需要多久?,delivery
Q05679,P0367,en,The price seems high compared to similar products.,price
Q05680,P0070,zh,1000件的生产周期多久?,delivery
Q05681,P0497,zh,500件的话价格能再优惠吗?,price
Q05682,P0192,zh,大批量采购可以给个更好的价格吗?,price
Q05683,P0139,zh,首次合作能给9折吗?,price
Q05684,P0240,en,Can you share the technical spec sheet?,feature
Q05685,P0462,zh,500件的话价格能再优惠吗?,price
Q05686,P0491,en,Is air freight available for urgent orders?,delivery
Q05687,P0283,zh,和同类产品相比价格偏高。,price
Q05688,P0148,en,Can the color be customized?,customization
Q05689,P0084,en,Is the price negotiable for 500 units?,price
Q05690,P0009,en,Is private label packaging available?,customization
Q05691,P0273,en,Do you have any promotional pricing this month?,price
Q05692,P0412,zh,这个月有促销价吗?,price
Q05693,P0180,zh,500件的话价格能再优惠吗?,price
Q05694,P0445,zh,能保证12月15号前到货吗?,delivery
Q05695,P0143,en,How long is the shipping time to Germany?,delivery
Q05696,P0046,zh,能保证12月15号前到货吗?,delivery
Q05697,P0048,zh,"需要定制零售包装,可以做吗?",customization
Q05698,P0156,zh,包装盒能换成我们的品牌设计吗?,customization
Q05699,P0484,zh,1000件的生产周期多久?,delivery
Q05700,P0430,zh,大批量采购可以给个更好的价格吗?,price
Q05701,P0251,en,Can you change the box design to our brand?,customization
Q05702,P0218,en,"We need custom retail packaging, is that possible?",customization
Q05703,P0366,zh,电池容量多少毫安?,feature
Q05704,P0141,zh,首次合作能给9折吗?,price
Q05705,P0021,en,What is the battery capacity?,feature
Q05706,P0173,zh,包装盒能换成我们的品牌设计吗?,customization
Q05707,P0493,zh,这个月有促销价吗?,price
Q05708,P0165,zh,和同类产品相比价格偏高。,price
Q05709,P0042,en,Can you share the technical spec sheet?,feature
Q05710,P0472,en,"We need custom retail packaging, is that possible?",customization
Q05711,P0460,en,Can you offer a better price for bulk orders?,price
Q05712,P0296,en,What's the warranty period?,feature
Q05713,P0024,zh,首次合作能给9折吗?,price
Q05714,P0347,en,Is air freight available for urgent orders?,delivery
Q05715,P0185,zh,包装上能加我们的logo吗?,customization
Q05716,P0436,en,The price seems high compared to similar products.,price
Q05717,P0183,zh,500件的话价格能再优惠吗?,price
Q05718,P0274,zh,支持OEM/ODM吗?,customization
Q05719,P0291,zh,包装上能加我们的logo吗?,customization
Q05720,P0213,zh,这个产品支持IPX7防水吗?,feature
Q05721,P0350,zh,首次合作能给9折吗?,price
Q05722,P0366,en,Can you offer a better price for bulk orders?,price
Q05723,P0358,zh,"你们竞争对手报价更低,能否匹配?",price
Q05724,P0186,en,Is air freight available for urgent orders?,delivery
Q05725,P0371,zh,支持DDP发到美国吗?,delivery
Q05726,P0363,en,Can you change the box design to our brand?,customization
Q05727,P0037,zh,和同类产品相比价格偏高。,price
Q05728,P0163,zh,有CE认证吗?,feature
Q05729,P0068,en,Do you support OEM/ODM service?,customization
Q05730,P0132,zh,保修期多久?,feature
Q05731,P0433,en,What is the minimum order quantity to get a discount?,price
Q05732,P0196,en,What's the warranty period?,feature
Q05733,P0034,zh,支持OEM/ODM吗?,customization
Q05734,P0105,en,What is the battery capacity?,feature
Q05735,P0041,zh,颜色可以定制吗?,customization
Q05736,P0387,zh,颜色可以定制吗?,customization
Q05737,P0473,zh,保修期多久?,feature
Q05738,P0159,zh,这个月有促销价吗?,price
Q05739,P0216,en,What is the battery capacity?,feature
Q05740,P0120,en,Is the material BPA-free?,feature
Q05741,P0143,zh,和同类产品相比价格偏高。,price
Q05742,P0470,zh,支持DDP发到美国吗?,delivery
Q05743,P0441,en,Is the material BPA-free?,feature
Q05744,P0258,zh,有CE认证吗?,feature
Q05745,P0259,zh,大批量采购可以给个更好的价格吗?,price
Q05746,P0115,en,What is the minimum order quantity to get a discount?,price
Q05747,P0327,en,Does this product support waterproof IPX7?,feature
Q05748,P0040,en,Does it come with a CE certification?,feature
Q05749,P0406,en,Can you offer a better price for bulk orders?,price
Q05750,P0497,zh,这个产品支持IPX7防水吗?,feature
Q05751,P0233,zh,和同类产品相比价格偏高。,price
Q05752,P0171,en,Will the order arrive before Chinese New Year?,delivery
Q05753,P0159,zh,能发一下技术参数表吗?,feature
Q05754,P0369,zh,500件的话价格能再优惠吗?,price
Q05755,P0141,en,What is the battery capacity?,feature
Q05756,P0005,zh,电池容量多少毫安?,feature
Q05757,P0326,en,Will the order arrive before Chinese New Year?,delivery
Q05758,P0473,zh,这个月有促销价吗?,price
Q05759,P0014,en,What's the lead time for 1000 units?,delivery
Q05760,P0487,zh,大批量采购可以给个更好的价格吗?,price
Q05761,P0086,zh,这个月有促销价吗?,price
Q05762,P0179,zh,电池容量多少毫安?,feature
Q05763,P0096,zh,急单能走空运吗?,delivery
Q05764,P0005,en,Can you change the box design to our brand?,customization
Q05765,P0199,en,Do you support OEM/ODM service?,customization
Q05766,P0132,en,Can you offer a better price for bulk orders?,price
Q05767,P0228,zh,1000件的生产周期多久?,delivery
Q05768,P0158,zh,"需要定制零售包装,可以做吗?",customization
Q05769,P0463,zh,可以做自有品牌包装吗?,customization
Q05770,P0097,en,Does it come with a CE certification?,feature
Q05771,P0445,zh,颜色可以定制吗?,customization
Q05772,P0192,en,What's the warranty period?,feature
Q05773,P0357,en,Do you support OEM/ODM service?,customization
Q05774,P0135,en,Can you change the box design to our brand?,customization
Q05775,P0253,zh,春节前能到货吗?,delivery
Q05776,P0187,en,What is the minimum order quantity to get a discount?,price
Q05777,P0420,en,Is the price negotiable for 500 units?,price
Q05778,P0460,zh,最低起订量多少才能拿到折扣?,price
Q05779,P0074,zh,有CE认证吗?,feature
Q05780,P0114,en,What's the warranty period?,feature
Q05781,P0138,en,What's the warranty period?,feature
Q05782,P0072,en,Is the material BPA-free?,feature
Q05783,P0274,en,Do you have any promotional pricing this month?,price
Q05784,P0306,en,Will the order arrive before Chinese New Year?,delivery
Q05785,P0263,zh,包装盒能换成我们的品牌设计吗?,customization
Q05786,P0472,zh,能发一下技术参数表吗?,feature
Q05787,P0057,en,Any chance of a 10% discount for first-time buyers?,price
Q05788,P0451,en,Can you share the technical spec sheet?,feature
Q05789,P0137,zh,这个月有促销价吗?,price
Q05790,P0374,en,Will the order arrive before Chinese New Year?,delivery
Q05791,P0365,en,What's the lead time for 1000 units?,delivery
Q05792,P0368,zh,包装盒能换成我们的品牌设计吗?,customization
Q05793,P0243,zh,能保证12月15号前到货吗?,delivery
Q05794,P0075,zh,"需要定制零售包装,可以做吗?",customization
Q05795,P0342,zh,500件的话价格能再优惠吗?,price
Q05796,P0272,zh,电池容量多少毫安?,feature
Q05797,P0014,zh,和同类产品相比价格偏高。,price
Q05798,P0002,zh,有CE认证吗?,feature
Q05799,P0053,zh,材料是否不含BPA?,feature
Q05800,P0245,zh,这个产品支持IPX7防水吗?,feature
Q05801,P0306,en,Can you offer a better price for bulk orders?,price
Q05802,P0465,en,Do you have any promotional pricing this month?,price
Q05803,P0477,zh,这个产品支持IPX7防水吗?,feature
Q05804,P0328,en,"Your competitor offers $X less, can you match it?",price
Q05805,P0390,en,Can you guarantee delivery before December 15?,delivery
Q05806,P0281,zh,大批量采购可以给个更好的价格吗?,price
Q05807,P0011,en,Does it come with a CE certification?,feature
Q05808,P0240,zh,包装上能加我们的logo吗?,customization
Q05809,P0157,zh,和同类产品相比价格偏高。,price
Q05810,P0089,en,Any chance of a 10% discount for first-time buyers?,price
Q05811,P0418,en,Any chance of a 10% discount for first-time buyers?,price
Q05812,P0072,en,Do you support DDP shipping to the US?,delivery
Q05813,P0119,en,Can you change the box design to our brand?,customization
Q05814,P0400,zh,有CE认证吗?,feature
Q05815,P0144,en,Do you support DDP shipping to the US?,delivery
Q05816,P0164,en,Does it come with a CE certification?,feature
Q05817,P0030,zh,这个月有促销价吗?,price
Q05818,P0367,zh,和同类产品相比价格偏高。,price
Q05819,P0048,zh,能发一下技术参数表吗?,feature
Q05820,P0478,en,What's the warranty period?,feature
Q05821,P0272,zh,首次合作能给9折吗?,price
Q05822,P0390,en,What is the minimum order quantity to get a discount?,price
Q05823,P0147,zh,"你们竞争对手报价更低,能否匹配?",price
Q05824,P0235,zh,有CE认证吗?,feature
Q05825,P0309,zh,这个产品支持IPX7防水吗?,feature
Q05826,P0200,zh,能发一下技术参数表吗?,feature
Q05827,P0303,en,What is the minimum order quantity to get a discount?,price
Q05828,P0272,en,Do you support OEM/ODM service?,customization
Q05829,P0374,zh,这个月有促销价吗?,price
Q05830,P0389,zh,电池容量多少毫安?,feature
Q05831,P0130,zh,"你们竞争对手报价更低,能否匹配?",price
Q05832,P0053,zh,支持OEM/ODM吗?,customization
Q05833,P0481,en,Do you have any promotional pricing this month?,price
Q05834,P0170,zh,这个月有促销价吗?,price
Q05835,P0120,zh,这个产品支持IPX7防水吗?,feature
Q05836,P0409,en,What's the warranty period?,feature
Q05837,P0173,zh,这个月有促销价吗?,price
Q05838,P0284,en,Can you share the technical spec sheet?,feature
Q05839,P0413,en,The price seems high compared to similar products.,price
Q05840,P0310,en,Is air freight available for urgent orders?,delivery
Q05841,P0201,zh,急单能走空运吗?,delivery
Q05842,P0210,zh,支持OEM/ODM吗?,customization
Q05843,P0377,zh,发到德国需要多久?,delivery
Q05844,P0073,en,Any chance of a 10% discount for first-time buyers?,price
Q05845,P0094,zh,有CE认证吗?,feature
Q05846,P0473,zh,春节前能到货吗?,delivery
Q05847,P0174,en,Do you have any promotional pricing this month?,price
Q05848,P0096,en,Can you share the technical spec sheet?,feature
Q05849,P0080,zh,这个产品支持IPX7防水吗?,feature
Q05850,P0181,en,Will the order arrive before Chinese New Year?,delivery
Q05851,P0029,en,Is air freight available for urgent orders?,delivery
Q05852,P0001,zh,包装盒能换成我们的品牌设计吗?,customization
Q05853,P0405,en,Does it come with a CE certification?,feature
Q05854,P0306,zh,包装上能加我们的logo吗?,customization
Q05855,P0249,en,How long is the shipping time to Germany?,delivery
Q05856,P0235,zh,首次合作能给9折吗?,price
Q05857,P0397,zh,和同类产品相比价格偏高。,price
Q05858,P0423,zh,有CE认证吗?,feature
Q05859,P0204,zh,最低起订量多少才能拿到折扣?,price
Q05860,P0201,zh,首次合作能给9折吗?,price
Q05861,P0498,en,Do you have any promotional pricing this month?,price
Q05862,P0282,en,Is private label packaging available?,customization
Q05863,P0242,zh,最低起订量多少才能拿到折扣?,price
Q05864,P0455,zh,和同类产品相比价格偏高。,price
Q05865,P0472,en,The price seems high compared to similar products.,price
Q05866,P0272,en,Any chance of a 10% discount for first-time buyers?,price
Q05867,P0056,en,What is the minimum order quantity to get a discount?,price
Q05868,P0421,zh,大批量采购可以给个更好的价格吗?,price
Q05869,P0206,zh,这个月有促销价吗?,price
Q05870,P0126,zh,500件的话价格能再优惠吗?,price
Q05871,P0333,en,What is the battery capacity?,feature
Q05872,P0469,en,Can you change the box design to our brand?,customization
Q05873,P0096,en,The price seems high compared to similar products.,price
Q05874,P0485,zh,这个产品支持IPX7防水吗?,feature
Q05875,P0446,en,What's the warranty period?,feature
Q05876,P0278,zh,包装盒能换成我们的品牌设计吗?,customization
Q05877,P0450,en,Is the material BPA-free?,feature
Q05878,P0097,zh,可以做自有品牌包装吗?,customization
Q05879,P0435,zh,大批量采购可以给个更好的价格吗?,price
Q05880,P0251,zh,电池容量多少毫安?,feature
Q05881,P0091,en,Is private label packaging available?,customization
Q05882,P0216,en,How long is the shipping time to Germany?,delivery
Q05883,P0360,en,Does it come with a CE certification?,feature
Q05884,P0100,zh,大批量采购可以给个更好的价格吗?,price
Q05885,P0192,zh,材料是否不含BPA?,feature
Q05886,P0176,en,The price seems high compared to similar products.,price
Q05887,P0369,en,Do you have any promotional pricing this month?,price
Q05888,P0170,en,What is the minimum order quantity to get a discount?,price
Q05889,P0332,zh,支持DDP发到美国吗?,delivery
Q05890,P0196,en,Is the material BPA-free?,feature
Q05891,P0158,zh,"你们竞争对手报价更低,能否匹配?",price
Q05892,P0316,zh,有CE认证吗?,feature
Q05893,P0210,zh,支持DDP发到美国吗?,delivery
Q05894,P0302,zh,1000件的生产周期多久?,delivery
Q05895,P0122,en,What's the lead time for 1000 units?,delivery
Q05896,P0002,en,What is the battery capacity?,feature
Q05897,P0279,zh,和同类产品相比价格偏高。,price
Q05898,P0175,zh,发到德国需要多久?,delivery
Q05899,P0238,zh,能发一下技术参数表吗?,feature
Q05900,P0100,zh,材料是否不含BPA?,feature
Q05901,P0201,zh,首次合作能给9折吗?,price
Q05902,P0420,en,Can you guarantee delivery before December 15?,delivery
Q05903,P0237,zh,保修期多久?,feature
Q05904,P0310,zh,支持OEM/ODM吗?,customization
Q05905,P0281,en,Does this product support waterproof IPX7?,feature
Q05906,P0350,en,Do you have any promotional pricing this month?,price
Q05907,P0151,zh,这个月有促销价吗?,price
Q05908,P0107,zh,500件的话价格能再优惠吗?,price
Q05909,P0229,zh,包装上能加我们的logo吗?,customization
Q05910,P0389,en,How long is the shipping time to Germany?,delivery
Q05911,P0495,zh,"你们竞争对手报价更低,能否匹配?",price
Q05912,P0232,zh,首次合作能给9折吗?,price
Q05913,P0361,en,How long is the shipping time to Germany?,delivery
Q05914,P0226,zh,和同类产品相比价格偏高。,price
Q05915,P0368,zh,能发一下技术参数表吗?,feature
Q05916,P0231,en,Can you guarantee delivery before December 15?,delivery
Q05917,P0126,zh,最低起订量多少才能拿到折扣?,price
Q05918,P0182,zh,支持DDP发到美国吗?,delivery
Q05919,P0015,en,Can we add our logo on the packaging?,customization
Q05920,P0466,zh,材料是否不含BPA?,feature
Q05921,P0164,en,Do you support DDP shipping to the US?,delivery
Q05922,P0137,zh,春节前能到货吗?,delivery
Q05923,P0211,zh,有CE认证吗?,feature
Q05924,P0400,en,What's the warranty period?,feature
Q05925,P0150,zh,最低起订量多少才能拿到折扣?,price
Q05926,P0106,en,"Your competitor offers $X less, can you match it?",price
Q05927,P0487,en,Can we add our logo on the packaging?,customization
Q05928,P0195,en,Do you support DDP shipping to the US?,delivery
Q05929,P0059,zh,最低起订量多少才能拿到折扣?,price
Q05930,P0149,en,Is private label packaging available?,customization
Q05931,P0256,zh,这个月有促销价吗?,price
Q05932,P0020,en,"We need custom retail packaging, is that possible?",customization
Q05933,P0413,zh,能发一下技术参数表吗?,feature
Q05934,P0085,zh,支持DDP发到美国吗?,delivery
Q05935,P0414,en,"We need custom retail packaging, is that possible?",customization
Q05936,P0430,zh,和同类产品相比价格偏高。,price
Q05937,P0214,en,Is private label packaging available?,customization
Q05938,P0310,zh,这个产品支持IPX7防水吗?,feature
Q05939,P0184,en,The price seems high compared to similar products.,price
Q05940,P0202,en,Can you share the technical spec sheet?,feature
Q05941,P0448,zh,材料是否不含BPA?,feature
Q05942,P0250,en,Can you offer a better price for bulk orders?,price
Q05943,P0074,zh,发到德国需要多久?,delivery
Q05944,P0314,en,How long is the shipping time to Germany?,delivery
Q05945,P0228,en,Can you share the technical spec sheet?,feature
Q05946,P0037,zh,能保证12月15号前到货吗?,delivery
Q05947,P0266,zh,支持DDP发到美国吗?,delivery
Q05948,P0460,en,Does this product support waterproof IPX7?,feature
Q05949,P0264,en,Any chance of a 10% discount for first-time buyers?,price
Q05950,P0114,zh,1000件的生产周期多久?,delivery
Q05951,P0145,zh,大批量采购可以给个更好的价格吗?,price
Q05952,P0041,zh,材料是否不含BPA?,feature
Q05953,P0408,zh,有CE认证吗?,feature
Q05954,P0456,zh,和同类产品相比价格偏高。,price
Q05955,P0097,en,Does this product support waterproof IPX7?,feature
Q05956,P0456,zh,这个产品支持IPX7防水吗?,feature
Q05957,P0301,en,Is private label packaging available?,customization
Q05958,P0035,en,Can you offer a better price for bulk orders?,price
Q05959,P0241,en,Is private label packaging available?,customization
Q05960,P0268,en,Will the order arrive before Chinese New Year?,delivery
Q05961,P0239,en,What is the minimum order quantity to get a discount?,price
Q05962,P0424,zh,能发一下技术参数表吗?,feature
Q05963,P0200,en,Do you support DDP shipping to the US?,delivery
Q05964,P0087,en,Can you change the box design to our brand?,customization
Q05965,P0074,zh,包装上能加我们的logo吗?,customization
Q05966,P0246,en,Does it come with a CE certification?,feature
Q05967,P0092,zh,1000件的生产周期多久?,delivery
Q05968,P0314,en,Does this product support waterproof IPX7?,feature
Q05969,P0462,zh,能发一下技术参数表吗?,feature
Q05970,P0126,zh,有CE认证吗?,feature
Q05971,P0208,en,Can we add our logo on the packaging?,customization
Q05972,P0296,en,How long is the shipping time to Germany?,delivery
Q05973,P0463,en,Can you offer a better price for bulk orders?,price
Q05974,P0481,en,Do you support OEM/ODM service?,customization
Q05975,P0458,en,Do you support DDP shipping to the US?,delivery
Q05976,P0206,zh,电池容量多少毫安?,feature
Q05977,P0483,en,How long is the shipping time to Germany?,delivery
Q05978,P0057,en,Is the price negotiable for 500 units?,price
Q05979,P0383,en,Can you share the technical spec sheet?,feature
Q05980,P0005,en,How long is the shipping time to Germany?,delivery
Q05981,P0414,zh,500件的话价格能再优惠吗?,price
Q05982,P0120,zh,大批量采购可以给个更好的价格吗?,price
Q05983,P0376,zh,包装盒能换成我们的品牌设计吗?,customization
Q05984,P0495,en,Do you have any promotional pricing this month?,price
Q05985,P0469,zh,首次合作能给9折吗?,price
Q05986,P0253,zh,电池容量多少毫安?,feature
Q05987,P0450,en,Can the color be customized?,customization
Q05988,P0457,zh,春节前能到货吗?,delivery
Q05989,P0025,en,Is the material BPA-free?,feature
Q05990,P0131,zh,有CE认证吗?,feature
Q05991,P0443,zh,可以做自有品牌包装吗?,customization
Q05992,P0437,zh,材料是否不含BPA?,feature
Q05993,P0274,zh,"你们竞争对手报价更低,能否匹配?",price
Q05994,P0323,zh,可以做自有品牌包装吗?,customization
Q05995,P0138,en,The price seems high compared to similar products.,price
Q05996,P0001,zh,保修期多久?,feature
Q05997,P0141,zh,大批量采购可以给个更好的价格吗?,price
Q05998,P0318,en,What is the minimum order quantity to get a discount?,price
Q05999,P0157,zh,材料是否不含BPA?,feature
Q06000,P0494,zh,这个月有促销价吗?,price
Q06001,P0381,zh,1000件的生产周期多久?,delivery
Q06002,P0050,en,Do you support OEM/ODM service?,customization
Q06003,P0431,zh,最低起订量多少才能拿到折扣?,price
Q06004,P0033,en,Is air freight available for urgent orders?,delivery
Q06005,P0199,zh,材料是否不含BPA?,feature
Q06006,P0444,zh,电池容量多少毫安?,feature
Q06007,P0338,en,What's the warranty period?,feature
Q06008,P0294,zh,能发一下技术参数表吗?,feature
Q06009,P0332,zh,大批量采购可以给个更好的价格吗?,price
Q06010,P0114,zh,"你们竞争对手报价更低,能否匹配?",price
Q06011,P0000,en,"We need custom retail packaging, is that possible?",customization
Q06012,P0434,zh,支持DDP发到美国吗?,delivery
Q06013,P0463,en,Is air freight available for urgent orders?,delivery
Q06014,P0449,en,Can you share the technical spec sheet?,feature
Q06015,P0267,en,Any chance of a 10% discount for first-time buyers?,price
Q06016,P0464,zh,能发一下技术参数表吗?,feature
Q06017,P0009,zh,这个月有促销价吗?,price
Q06018,P0039,en,What is the minimum order quantity to get a discount?,price
Q06019,P0410,zh,春节前能到货吗?,delivery
Q06020,P0432,en,What's the warranty period?,feature
Q06021,P0363,zh,1000件的生产周期多久?,delivery
Q06022,P0463,zh,和同类产品相比价格偏高。,price
Q06023,P0479,zh,这个月有促销价吗?,price
Q06024,P0226,en,Do you support DDP shipping to the US?,delivery
Q06025,P0243,en,What's the warranty period?,feature
Q06026,P0446,zh,和同类产品相比价格偏高。,price
Q06027,P0343,zh,能发一下技术参数表吗?,feature
Q06028,P0112,en,Do you support OEM/ODM service?,customization
Q06029,P0185,en,Can you change the box design to our brand?,customization
Q06030,P0172,zh,材料是否不含BPA?,feature
Q06031,P0063,en,What's the lead time for 1000 units?,delivery
Q06032,P0390,zh,最低起订量多少才能拿到折扣?,price
Q06033,P0325,en,Will the order arrive before Chinese New Year?,delivery
Q06034,P0104,en,Do you have any promotional pricing this month?,price
Q06035,P0223,en,Can you share the technical spec sheet?,feature
Q06036,P0362,zh,能发一下技术参数表吗?,feature
Q06037,P0174,zh,"需要定制零售包装,可以做吗?",customization
Q06038,P0138,en,"Your competitor offers $X less, can you match it?",price
Q06039,P0351,en,Any chance of a 10% discount for first-time buyers?,price
Q06040,P0254,en,Does this product support waterproof IPX7?,feature
Q06041,P0255,zh,这个月有促销价吗?,price
Q06042,P0489,en,The price seems high compared to similar products.,price
Q06043,P0003,zh,能保证12月15号前到货吗?,delivery
Q06044,P0482,en,Do you have any promotional pricing this month?,price
Q06045,P0495,en,What is the minimum order quantity to get a discount?,price
Q06046,P0317,en,Do you support DDP shipping to the US?,delivery
Q06047,P0041,zh,能保证12月15号前到货吗?,delivery
Q06048,P0403,en,What is the battery capacity?,feature
Q06049,P0433,zh,电池容量多少毫安?,feature
Q06050,P0025,en,Can you share the technical spec sheet?,feature
Q06051,P0151,en,The price seems high compared to similar products.,price
Q06052,P0485,zh,材料是否不含BPA?,feature
Q06053,P0370,zh,发到德国需要多久?,delivery
Q06054,P0141,zh,颜色可以定制吗?,customization
Q06055,P0358,zh,首次合作能给9折吗?,price
Q06056,P0367,zh,电池容量多少毫安?,feature
Q06057,P0457,zh,有CE认证吗?,feature
Q06058,P0019,en,How long is the shipping time to Germany?,delivery
Q06059,P0423,zh,发到德国需要多久?,delivery
Q06060,P0253,en,Will the order arrive before Chinese New Year?,delivery
Q06061,P0069,zh,材料是否不含BPA?,feature
Q06062,P0269,zh,发到德国需要多久?,delivery
Q06063,P0050,zh,保修期多久?,feature
Q06064,P0148,en,"Your competitor offers $X less, can you match it?",price
Q06065,P0033,en,Do you support DDP shipping to the US?,delivery
Q06066,P0412,en,Is the material BPA-free?,feature
Q06067,P0050,en,Any chance of a 10% discount for first-time buyers?,price
Q06068,P0417,en,Can you offer a better price for bulk orders?,price
Q06069,P0015,en,Do you support OEM/ODM service?,customization
Q06070,P0102,zh,这个月有促销价吗?,price
Q06071,P0437,zh,大批量采购可以给个更好的价格吗?,price
Q06072,P0190,en,Is the material BPA-free?,feature
Q06073,P0389,zh,和同类产品相比价格偏高。,price
Q06074,P0231,zh,大批量采购可以给个更好的价格吗?,price
Q06075,P0180,en,Does it come with a CE certification?,feature
Q06076,P0039,zh,和同类产品相比价格偏高。,price
Q06077,P0374,zh,这个月有促销价吗?,price
Q06078,P0325,zh,材料是否不含BPA?,feature
Q06079,P0014,en,What's the warranty period?,feature
Q06080,P0234,en,Can you guarantee delivery before December 15?,delivery
Q06081,P0392,en,Will the order arrive before Chinese New Year?,delivery
Q06082,P0462,zh,有CE认证吗?,feature
Q06083,P0091,en,Do you have any promotional pricing this month?,price
Q06084,P0434,en,Will the order arrive before Chinese New Year?,delivery
Q06085,P0264,en,What is the minimum order quantity to get a discount?,price
Q06086,P0346,zh,"你们竞争对手报价更低,能否匹配?",price
Q06087,P0230,zh,材料是否不含BPA?,feature
Q06088,P0188,zh,急单能走空运吗?,delivery
Q06089,P0339,en,Can you guarantee delivery before December 15?,delivery
Q06090,P0071,zh,最低起订量多少才能拿到折扣?,price
Q06091,P0145,en,Do you support DDP shipping to the US?,delivery
Q06092,P0088,zh,和同类产品相比价格偏高。,price
Q06093,P0165,en,Is the price negotiable for 500 units?,price
Q06094,P0388,en,Can you change the box design to our brand?,customization
Q06095,P0411,en,Do you support DDP shipping to the US?,delivery
Q06096,P0242,zh,500件的话价格能再优惠吗?,price
Q06097,P0169,zh,发到德国需要多久?,delivery
Q06098,P0133,zh,支持OEM/ODM吗?,customization
Q06099,P0097,zh,大批量采购可以给个更好的价格吗?,price
Q06100,P0102,en,What is the battery capacity?,feature
Q06101,P0369,zh,急单能走空运吗?,delivery
Q06102,P0207,en,What's the warranty period?,feature
Q06103,P0161,en,What is the minimum order quantity to get a discount?,price
Q06104,P0021,en,Does it come with a CE certification?,feature
Q06105,P0485,en,Does this product support waterproof IPX7?,feature
Q06106,P0442,en,How long is the shipping time to Germany?,delivery
Q06107,P0217,zh,能发一下技术参数表吗?,feature
Q06108,P0203,zh,急单能走空运吗?,delivery
Q06109,P0166,en,Does this product support waterproof IPX7?,feature
Q06110,P0174,zh,大批量采购可以给个更好的价格吗?,price
Q06111,P0237,en,Is private label packaging available?,customization
Q06112,P0404,zh,首次合作能给9折吗?,price
Q06113,P0372,en,How long is the shipping time to Germany?,delivery
Q06114,P0366,zh,500件的话价格能再优惠吗?,price
Q06115,P0367,zh,500件的话价格能再优惠吗?,price
Q06116,P0203,en,Can you offer a better price for bulk orders?,price
Q06117,P0224,zh,能发一下技术参数表吗?,feature
Q06118,P0010,en,Is the price negotiable for 500 units?,price
Q06119,P0059,en,What is the minimum order quantity to get a discount?,price
Q06120,P0022,zh,有CE认证吗?,feature
Q06121,P0188,en,What is the battery capacity?,feature
Q06122,P0017,zh,支持OEM/ODM吗?,customization
Q06123,P0112,zh,最低起订量多少才能拿到折扣?,price
Q06124,P0010,en,Can you change the box design to our brand?,customization
Q06125,P0227,zh,急单能走空运吗?,delivery
Q06126,P0069,zh,可以做自有品牌包装吗?,customization
Q06127,P0304,en,Can you offer a better price for bulk orders?,price
Q06128,P0475,en,Can you share the technical spec sheet?,feature
Q06129,P0415,zh,"你们竞争对手报价更低,能否匹配?",price
Q06130,P0107,en,Can you offer a better price for bulk orders?,price
Q06131,P0418,en,"We need custom retail packaging, is that possible?",customization
Q06132,P0451,en,Do you support DDP shipping to the US?,delivery
Q06133,P0212,zh,支持DDP发到美国吗?,delivery
Q06134,P0104,en,The price seems high compared to similar products.,price
Q06135,P0227,en,What's the warranty period?,feature
Q06136,P0401,zh,这个月有促销价吗?,price
Q06137,P0008,zh,这个产品支持IPX7防水吗?,feature
Q06138,P0133,zh,最低起订量多少才能拿到折扣?,price
Q06139,P0051,zh,这个产品支持IPX7防水吗?,feature
Q06140,P0344,en,Do you support OEM/ODM service?,customization
Q06141,P0048,zh,能保证12月15号前到货吗?,delivery
Q06142,P0259,zh,颜色可以定制吗?,customization
Q06143,P0290,zh,发到德国需要多久?,delivery
Q06144,P0429,zh,春节前能到货吗?,delivery
Q06145,P0456,en,What's the warranty period?,feature
Q06146,P0498,en,Can you offer a better price for bulk orders?,price
Q06147,P0281,en,The price seems high compared to similar products.,price
Q06148,P0245,en,What is the battery capacity?,feature
Q06149,P0171,en,What is the minimum order quantity to get a discount?,price
Q06150,P0317,zh,500件的话价格能再优惠吗?,price
Q06151,P0465,zh,有CE认证吗?,feature
Q06152,P0414,en,Can you share the technical spec sheet?,feature
Q06153,P0192,en,What's the lead time for 1000 units?,delivery
Q06154,P0390,en,"Your competitor offers $X less, can you match it?",price
Q06155,P0043,en,Can you guarantee delivery before December 15?,delivery
Q06156,P0220,en,Can you change the box design to our brand?,customization
Q06157,P0255,zh,电池容量多少毫安?,feature
Q06158,P0467,en,Does it come with a CE certification?,feature
Q06159,P0057,zh,电池容量多少毫安?,feature
Q06160,P0225,en,Can you share the technical spec sheet?,feature
Q06161,P0174,zh,这个产品支持IPX7防水吗?,feature
Q06162,P0281,en,"We need custom retail packaging, is that possible?",customization
Q06163,P0447,en,"Your competitor offers $X less, can you match it?",price
Q06164,P0164,zh,这个月有促销价吗?,price
Q06165,P0320,en,Can you share the technical spec sheet?,feature
Q06166,P0181,zh,支持OEM/ODM吗?,customization
Q06167,P0058,zh,这个产品支持IPX7防水吗?,feature
Q06168,P0375,zh,保修期多久?,feature
Q06169,P0480,en,The price seems high compared to similar products.,price
Q06170,P0493,zh,这个产品支持IPX7防水吗?,feature
Q06171,P0379,en,The price seems high compared to similar products.,price
Q06172,P0327,zh,能发一下技术参数表吗?,feature
Q06173,P0044,en,Do you have any promotional pricing this month?,price
Q06174,P0272,en,Do you support OEM/ODM service?,customization
Q06175,P0146,en,Can you guarantee delivery before December 15?,delivery
Q06176,P0482,en,Does this product support waterproof IPX7?,feature
Q06177,P0434,en,Is private label packaging available?,customization
Q06178,P0153,en,What is the minimum order quantity to get a discount?,price
Q06179,P0119,zh,这个产品支持IPX7防水吗?,feature
Q06180,P0371,zh,有CE认证吗?,feature
Q06181,P0320,zh,发到德国需要多久?,delivery
Q06182,P0161,zh,这个月有促销价吗?,price
Q06183,P0167,zh,电池容量多少毫安?,feature
Q06184,P0424,zh,大批量采购可以给个更好的价格吗?,price
Q06185,P0113,zh,材料是否不含BPA?,feature
Q06186,P0205,zh,"你们竞争对手报价更低,能否匹配?",price
Q06187,P0003,en,What is the battery capacity?,feature
Q06188,P0313,zh,保修期多久?,feature
Q06189,P0243,zh,这个月有促销价吗?,price
Q06190,P0208,zh,材料是否不含BPA?,feature
Q06191,P0255,zh,能发一下技术参数表吗?,feature
Q06192,P0455,en,Can you share the technical spec sheet?,feature
Q06193,P0385,en,Is the price negotiable for 500 units?,price
Q06194,P0210,zh,最低起订量多少才能拿到折扣?,price
Q06195,P0020,en,Do you have any promotional pricing this month?,price
Q06196,P0163,en,Is the price negotiable for 500 units?,price
Q06197,P0116,en,The price seems high compared to similar products.,price
Q06198,P0091,en,Can you offer a better price for bulk orders?,price
Q06199,P0182,en,Do you have any promotional pricing this month?,price
Q06200,P0084,en,Do you support OEM/ODM service?,customization
Q06201,P0023,en,Can you share the technical spec sheet?,feature
Q06202,P0488,zh,这个产品支持IPX7防水吗?,feature
Q06203,P0343,zh,支持OEM/ODM吗?,customization
Q06204,P0276,zh,能保证12月15号前到货吗?,delivery
Q06205,P0293,en,Is the price negotiable for 500 units?,price
Q06206,P0093,zh,能保证12月15号前到货吗?,delivery
Q06207,P0293,en,Does it come with a CE certification?,feature
Q06208,P0216,en,Do you support DDP shipping to the US?,delivery
Q06209,P0402,en,"Your competitor offers $X less, can you match it?",price
Q06210,P0355,zh,大批量采购可以给个更好的价格吗?,price
Q06211,P0394,zh,这个月有促销价吗?,price
Q06212,P0291,zh,这个产品支持IPX7防水吗?,feature
Q06213,P0036,en,Can you change the box design to our brand?,customization
Q06214,P0304,en,Does this product support waterproof IPX7?,feature
Q06215,P0446,en,Is air freight available for urgent orders?,delivery
Q06216,P0333,en,Can you offer a better price for bulk orders?,price
Q06217,P0115,zh,电池容量多少毫安?,feature
Q06218,P0411,zh,包装盒能换成我们的品牌设计吗?,customization
Q06219,P0262,en,What is the minimum order quantity to get a discount?,price
Q06220,P0269,en,What is the battery capacity?,feature
Q06221,P0250,en,Does this product support waterproof IPX7?,feature
Q06222,P0299,zh,最低起订量多少才能拿到折扣?,price
Q06223,P0332,zh,电池容量多少毫安?,feature
Q06224,P0480,zh,500件的话价格能再优惠吗?,price
Q06225,P0078,zh,首次合作能给9折吗?,price
Q06226,P0468,zh,保修期多久?,feature
Q06227,P0255,en,Does this product support waterproof IPX7?,feature
Q06228,P0041,en,"We need custom retail packaging, is that possible?",customization
Q06229,P0023,zh,这个产品支持IPX7防水吗?,feature
Q06230,P0333,en,What is the minimum order quantity to get a discount?,price
Q06231,P0403,en,What's the lead time for 1000 units?,delivery
Q06232,P0183,zh,这个月有促销价吗?,price
Q06233,P0347,zh,能保证12月15号前到货吗?,delivery
Q06234,P0051,en,Can the color be customized?,customization
Q06235,P0114,zh,急单能走空运吗?,delivery
Q06236,P0246,zh,颜色可以定制吗?,customization
Q06237,P0268,en,Is air freight available for urgent orders?,delivery
Q06238,P0250,zh,材料是否不含BPA?,feature
Q06239,P0079,en,What is the minimum order quantity to get a discount?,price
Q06240,P0412,zh,颜色可以定制吗?,customization
Q06241,P0351,en,What is the battery capacity?,feature
Q06242,P0245,en,Is the material BPA-free?,feature
Q06243,P0055,zh,这个产品支持IPX7防水吗?,feature
Q06244,P0461,zh,包装盒能换成我们的品牌设计吗?,customization
Q06245,P0345,en,What is the minimum order quantity to get a discount?,price
Q06246,P0381,en,Do you have any promotional pricing this month?,price
Q06247,P0473,en,What is the minimum order quantity to get a discount?,price
Q06248,P0204,zh,能保证12月15号前到货吗?,delivery
Q06249,P0179,en,What is the minimum order quantity to get a discount?,price
Q06250,P0459,zh,500件的话价格能再优惠吗?,price
Q06251,P0321,en,Can you offer a better price for bulk orders?,price
Q06252,P0129,en,Do you support DDP shipping to the US?,delivery
Q06253,P0008,zh,"你们竞争对手报价更低,能否匹配?",price
Q06254,P0213,en,What's the warranty period?,feature
Q06255,P0441,en,How long is the shipping time to Germany?,delivery
Q06256,P0237,zh,材料是否不含BPA?,feature
Q06257,P0272,en,Will the order arrive before Chinese New Year?,delivery
Q06258,P0072,en,What's the warranty period?,feature
Q06259,P0159,en,Do you have any promotional pricing this month?,price
Q06260,P0088,zh,能发一下技术参数表吗?,feature
Q06261,P0078,en,The price seems high compared to similar products.,price
Q06262,P0490,en,Does this product support waterproof IPX7?,feature
Q06263,P0460,en,Is private label packaging available?,customization
Q06264,P0139,zh,电池容量多少毫安?,feature
Q06265,P0176,en,Can you change the box design to our brand?,customization
Q06266,P0104,en,Can we add our logo on the packaging?,customization
Q06267,P0177,en,Any chance of a 10% discount for first-time buyers?,price
Q06268,P0406,zh,春节前能到货吗?,delivery
Q06269,P0288,zh,首次合作能给9折吗?,price
Q06270,P0451,zh,电池容量多少毫安?,feature
Q06271,P0454,zh,"你们竞争对手报价更低,能否匹配?",price
Q06272,P0306,en,Does this product support waterproof IPX7?,feature
Q06273,P0316,en,Is the material BPA-free?,feature
Q06274,P0097,zh,保修期多久?,feature
Q06275,P0201,zh,春节前能到货吗?,delivery
Q06276,P0438,en,Does it come with a CE certification?,feature
Q06277,P0263,zh,材料是否不含BPA?,feature
Q06278,P0034,zh,大批量采购可以给个更好的价格吗?,price
Q06279,P0264,en,Is air freight available for urgent orders?,delivery
Q06280,P0208,en,What's the warranty period?,feature
Q06281,P0222,en,Is the price negotiable for 500 units?,price
Q06282,P0476,zh,支持OEM/ODM吗?,customization
Q06283,P0231,en,Any chance of a 10% discount for first-time buyers?,price
Q06284,P0393,zh,有CE认证吗?,feature
Q06285,P0480,zh,春节前能到货吗?,delivery
Q06286,P0355,zh,最低起订量多少才能拿到折扣?,price
Q06287,P0427,zh,首次合作能给9折吗?,price
Q06288,P0069,en,What is the battery capacity?,feature
Q06289,P0056,en,Is the material BPA-free?,feature
Q06290,P0360,en,Is air freight available for urgent orders?,delivery
Q06291,P0271,en,Can you guarantee delivery before December 15?,delivery
Q06292,P0242,en,Can you offer a better price for bulk orders?,price
Q06293,P0310,en,How long is the shipping time to Germany?,delivery
Q06294,P0174,zh,急单能走空运吗?,delivery
Q06295,P0080,zh,能发一下技术参数表吗?,feature
Q06296,P0032,zh,能发一下技术参数表吗?,feature
Q06297,P0057,zh,材料是否不含BPA?,feature
Q06298,P0368,en,Do you support OEM/ODM service?,customization
Q06299,P0291,zh,支持OEM/ODM吗?,customization
Q06300,P0145,en,What's the warranty period?,feature
Q06301,P0411,en,Can the color be customized?,customization
Q06302,P0085,en,Is the price negotiable for 500 units?,price
Q06303,P0171,en,Is air freight available for urgent orders?,delivery
Q06304,P0380,zh,包装上能加我们的logo吗?,customization
Q06305,P0340,en,The price seems high compared to similar products.,price
Q06306,P0464,en,Can you offer a better price for bulk orders?,price
Q06307,P0097,zh,这个月有促销价吗?,price
Q06308,P0465,en,Do you have any promotional pricing this month?,price
Q06309,P0183,zh,这个产品支持IPX7防水吗?,feature
Q06310,P0299,zh,包装上能加我们的logo吗?,customization
Q06311,P0340,zh,电池容量多少毫安?,feature
Q06312,P0130,zh,大批量采购可以给个更好的价格吗?,price
Q06313,P0059,en,Can you change the box design to our brand?,customization
Q06314,P0195,zh,最低起订量多少才能拿到折扣?,price
Q06315,P0106,zh,能发一下技术参数表吗?,feature
Q06316,P0445,zh,发到德国需要多久?,delivery
Q06317,P0017,zh,急单能走空运吗?,delivery
Q06318,P0212,zh,这个产品支持IPX7防水吗?,feature
Q06319,P0171,zh,"你们竞争对手报价更低,能否匹配?",price
Q06320,P0384,en,Can you offer a better price for bulk orders?,price
Q06321,P0485,en,Can you offer a better price for bulk orders?,price
Q06322,P0264,zh,有CE认证吗?,feature
Q06323,P0072,en,The price seems high compared to similar products.,price
Q06324,P0303,en,What is the minimum order quantity to get a discount?,price
Q06325,P0433,en,"Your competitor offers $X less, can you match it?",price
Q06326,P0208,zh,500件的话价格能再优惠吗?,price
Q06327,P0000,en,Does this product support waterproof IPX7?,feature
Q06328,P0035,en,Does this product support waterproof IPX7?,feature
Q06329,P0067,zh,首次合作能给9折吗?,price
Q06330,P0301,zh,能保证12月15号前到货吗?,delivery
Q06331,P0444,en,Does it come with a CE certification?,feature
Q06332,P0327,en,How long is the shipping time to Germany?,delivery
Q06333,P0491,en,Can you share the technical spec sheet?,feature
Q06334,P0279,en,Can we add our logo on the packaging?,customization
Q06335,P0292,zh,保修期多久?,feature
Q06336,P0046,zh,首次合作能给9折吗?,price
Q06337,P0320,zh,材料是否不含BPA?,feature
Q06338,P0308,en,Do you have any promotional pricing this month?,price
Q06339,P0111,en,Any chance of a 10% discount for first-time buyers?,price
Q06340,P0330,en,Can the color be customized?,customization
Q06341,P0254,zh,1000件的生产周期多久?,delivery
Q06342,P0006,en,Is the price negotiable for 500 units?,price
Q06343,P0379,zh,材料是否不含BPA?,feature
Q06344,P0493,zh,这个产品支持IPX7防水吗?,feature
Q06345,P0050,en,Is the material BPA-free?,feature
Q06346,P0280,zh,保修期多久?,feature
Q06347,P0223,zh,大批量采购可以给个更好的价格吗?,price
Q06348,P0288,zh,"你们竞争对手报价更低,能否匹配?",price
Q06349,P0285,en,The price seems high compared to similar products.,price
Q06350,P0305,en,Is air freight available for urgent orders?,delivery
Q06351,P0268,en,What's the warranty period?,feature
Q06352,P0169,en,Does it come with a CE certification?,feature
Q06353,P0405,en,Can you offer a better price for bulk orders?,price
Q06354,P0188,zh,能保证12月15号前到货吗?,delivery
Q06355,P0381,zh,保修期多久?,feature
Q06356,P0247,zh,"需要定制零售包装,可以做吗?",customization
Q06357,P0498,zh,包装盒能换成我们的品牌设计吗?,customization
Q06358,P0218,en,Do you have any promotional pricing this month?,price
Q06359,P0186,en,What's the warranty period?,feature
Q06360,P0365,en,What is the battery capacity?,feature
Q06361,P0174,zh,500件的话价格能再优惠吗?,price
Q06362,P0148,zh,电池容量多少毫安?,feature
Q06363,P0274,zh,急单能走空运吗?,delivery
Q06364,P0091,zh,大批量采购可以给个更好的价格吗?,price
Q06365,P0243,en,How long is the shipping time to Germany?,delivery
Q06366,P0025,en,Can you offer a better price for bulk orders?,price
Q06367,P0327,zh,发到德国需要多久?,delivery
Q06368,P0330,en,"Your competitor offers $X less, can you match it?",price
Q06369,P0102,zh,能保证12月15号前到货吗?,delivery
Q06370,P0318,en,What is the minimum order quantity to get a discount?,price
Q06371,P0035,en,Do you support DDP shipping to the US?,delivery
Q06372,P0334,en,What is the battery capacity?,feature
Q06373,P0104,en,Do you have any promotional pricing this month?,price
Q06374,P0063,en,Can you change the box design to our brand?,customization
Q06375,P0140,en,What's the warranty period?,feature
Q06376,P0205,zh,和同类产品相比价格偏高。,price
Q06377,P0265,zh,材料是否不含BPA?,feature
Q06378,P0432,zh,"你们竞争对手报价更低,能否匹配?",price
Q06379,P0348,en,Does it come with a CE certification?,feature
Q06380,P0131,zh,电池容量多少毫安?,feature
Q06381,P0439,zh,材料是否不含BPA?,feature
Q06382,P0179,zh,保修期多久?,feature
Q06383,P0407,en,Can you offer a better price for bulk orders?,price
Q06384,P0493,zh,首次合作能给9折吗?,price
Q06385,P0396,zh,可以做自有品牌包装吗?,customization
Q06386,P0265,en,Is the price negotiable for 500 units?,price
Q06387,P0053,en,Does it come with a CE certification?,feature
Q06388,P0421,en,Does this product support waterproof IPX7?,feature
Q06389,P0253,zh,1000件的生产周期多久?,delivery
Q06390,P0133,zh,保修期多久?,feature
Q06391,P0115,zh,500件的话价格能再优惠吗?,price
Q06392,P0377,en,Does it come with a CE certification?,feature
Q06393,P0282,zh,和同类产品相比价格偏高。,price
Q06394,P0439,en,Is the price negotiable for 500 units?,price
Q06395,P0392,zh,保修期多久?,feature
Q06396,P0468,zh,这个产品支持IPX7防水吗?,feature
Q06397,P0417,en,How long is the shipping time to Germany?,delivery
Q06398,P0068,en,Can you change the box design to our brand?,customization
Q06399,P0186,zh,保修期多久?,feature
Q06400,P0150,zh,能发一下技术参数表吗?,feature
Q06401,P0393,en,Does this product support waterproof IPX7?,feature
Q06402,P0153,zh,和同类产品相比价格偏高。,price
Q06403,P0120,zh,包装上能加我们的logo吗?,customization
Q06404,P0261,en,Is private label packaging available?,customization
Q06405,P0348,zh,包装盒能换成我们的品牌设计吗?,customization
Q06406,P0116,en,Can you change the box design to our brand?,customization
Q06407,P0301,en,Can you offer a better price for bulk orders?,price
Q06408,P0024,zh,大批量采购可以给个更好的价格吗?,price
Q06409,P0052,zh,1000件的生产周期多久?,delivery
Q06410,P0284,zh,保修期多久?,feature
Q06411,P0017,zh,支持OEM/ODM吗?,customization
Q06412,P0204,en,What's the warranty period?,feature
Q06413,P0420,zh,能发一下技术参数表吗?,feature
Q06414,P0299,zh,电池容量多少毫安?,feature
Q06415,P0264,en,Can you offer a better price for bulk orders?,price
Q06416,P0214,en,Is the material BPA-free?,feature
Q06417,P0195,zh,这个月有促销价吗?,price
Q06418,P0160,en,"Your competitor offers $X less, can you match it?",price
Q06419,P0113,zh,1000件的生产周期多久?,delivery
Q06420,P0324,zh,春节前能到货吗?,delivery
Q06421,P0460,en,"Your competitor offers $X less, can you match it?",price
Q06422,P0290,en,Do you support OEM/ODM service?,customization
Q06423,P0038,en,Do you have any promotional pricing this month?,price
Q06424,P0092,en,Can you share the technical spec sheet?,feature
Q06425,P0202,en,Do you have any promotional pricing this month?,price
Q06426,P0228,zh,1000件的生产周期多久?,delivery
Q06427,P0144,zh,发到德国需要多久?,delivery
Q06428,P0344,zh,"你们竞争对手报价更低,能否匹配?",price
Q06429,P0068,en,Can you guarantee delivery before December 15?,delivery
Q06430,P0296,zh,500件的话价格能再优惠吗?,price
Q06431,P0139,en,The price seems high compared to similar products.,price
Q06432,P0199,zh,最低起订量多少才能拿到折扣?,price
Q06433,P0455,zh,可以做自有品牌包装吗?,customization
Q06434,P0490,zh,包装盒能换成我们的品牌设计吗?,customization
Q06435,P0082,en,Do you have any promotional pricing this month?,price
Q06436,P0043,zh,保修期多久?,feature
Q06437,P0314,zh,能发一下技术参数表吗?,feature
Q06438,P0252,en,Is air freight available for urgent orders?,delivery
Q06439,P0154,zh,这个月有促销价吗?,price
Q06440,P0290,en,"Your competitor offers $X less, can you match it?",price
Q06441,P0002,zh,支持DDP发到美国吗?,delivery
Q06442,P0108,en,Do you support OEM/ODM service?,customization
Q06443,P0322,zh,"需要定制零售包装,可以做吗?",customization
Q06444,P0392,en,What is the battery capacity?,feature
Q06445,P0469,zh,首次合作能给9折吗?,price
Q06446,P0325,zh,颜色可以定制吗?,customization
Q06447,P0432,en,Do you support DDP shipping to the US?,delivery
Q06448,P0392,en,Is the material BPA-free?,feature
Q06449,P0405,zh,和同类产品相比价格偏高。,price
Q06450,P0356,en,Any chance of a 10% discount for first-time buyers?,price
Q06451,P0004,zh,大批量采购可以给个更好的价格吗?,price
Q06452,P0391,en,The price seems high compared to similar products.,price
Q06453,P0481,zh,有CE认证吗?,feature
Q06454,P0046,en,What is the battery capacity?,feature
Q06455,P0446,en,Can the color be customized?,customization
Q06456,P0301,zh,支持OEM/ODM吗?,customization
Q06457,P0341,zh,支持OEM/ODM吗?,customization
Q06458,P0194,en,How long is the shipping time to Germany?,delivery
Q06459,P0390,zh,支持OEM/ODM吗?,customization
Q06460,P0208,zh,大批量采购可以给个更好的价格吗?,price
Q06461,P0446,en,What's the warranty period?,feature
Q06462,P0151,en,Does it come with a CE certification?,feature
Q06463,P0065,en,"Your competitor offers $X less, can you match it?",price
Q06464,P0205,en,Is air freight available for urgent orders?,delivery
Q06465,P0044,en,Does this product support waterproof IPX7?,feature
Q06466,P0327,en,Can you change the box design to our brand?,customization
Q06467,P0269,zh,包装盒能换成我们的品牌设计吗?,customization
Q06468,P0411,zh,急单能走空运吗?,delivery
Q06469,P0432,zh,这个月有促销价吗?,price
Q06470,P0217,en,Does this product support waterproof IPX7?,feature
Q06471,P0339,en,What's the lead time for 1000 units?,delivery
Q06472,P0168,en,Is air freight available for urgent orders?,delivery
Q06473,P0406,zh,可以做自有品牌包装吗?,customization
Q06474,P0245,zh,包装上能加我们的logo吗?,customization
Q06475,P0316,zh,和同类产品相比价格偏高。,price
Q06476,P0169,zh,能保证12月15号前到货吗?,delivery
Q06477,P0018,zh,支持OEM/ODM吗?,customization
Q06478,P0321,zh,可以做自有品牌包装吗?,customization
Q06479,P0107,en,Is the material BPA-free?,feature
Q06480,P0168,en,Any chance of a 10% discount for first-time buyers?,price
Q06481,P0278,en,Do you support DDP shipping to the US?,delivery
Q06482,P0473,en,What is the minimum order quantity to get a discount?,price
Q06483,P0027,zh,颜色可以定制吗?,customization
Q06484,P0284,en,Can you share the technical spec sheet?,feature
Q06485,P0464,en,Is private label packaging available?,customization
Q06486,P0047,en,Does this product support waterproof IPX7?,feature
Q06487,P0036,en,What is the battery capacity?,feature
Q06488,P0121,zh,500件的话价格能再优惠吗?,price
Q06489,P0150,zh,包装上能加我们的logo吗?,customization
Q06490,P0217,zh,急单能走空运吗?,delivery
Q06491,P0430,en,Is the price negotiable for 500 units?,price
Q06492,P0122,zh,这个产品支持IPX7防水吗?,feature
Q06493,P0040,zh,春节前能到货吗?,delivery
Q06494,P0158,zh,可以做自有品牌包装吗?,customization
Q06495,P0333,zh,"需要定制零售包装,可以做吗?",customization
Q06496,P0225,zh,和同类产品相比价格偏高。,price
Q06497,P0154,en,Does it come with a CE certification?,feature
Q06498,P0029,en,Do you support OEM/ODM service?,customization
Q06499,P0439,en,Can you share the technical spec sheet?,feature
Q06500,P0291,en,Is private label packaging available?,customization
Q06501,P0262,zh,包装上能加我们的logo吗?,customization
Q06502,P0101,zh,保修期多久?,feature
Q06503,P0168,en,What's the warranty period?,feature
Q06504,P0119,zh,急单能走空运吗?,delivery
Q06505,P0077,en,Do you have any promotional pricing this month?,price
Q06506,P0097,en,Can you change the box design to our brand?,customization
Q06507,P0242,en,Can the color be customized?,customization
Q06508,P0094,zh,这个产品支持IPX7防水吗?,feature
Q06509,P0337,zh,这个产品支持IPX7防水吗?,feature
Q06510,P0279,zh,最低起订量多少才能拿到折扣?,price
Q06511,P0427,zh,保修期多久?,feature
Q06512,P0027,en,Does this product support waterproof IPX7?,feature
Q06513,P0357,en,Is the material BPA-free?,feature
Q06514,P0084,zh,这个产品支持IPX7防水吗?,feature
Q06515,P0257,zh,可以做自有品牌包装吗?,customization
Q06516,P0370,en,What's the warranty period?,feature
Q06517,P0084,zh,这个月有促销价吗?,price
Q06518,P0007,en,"Your competitor offers $X less, can you match it?",price
Q06519,P0015,zh,可以做自有品牌包装吗?,customization
Q06520,P0003,zh,这个月有促销价吗?,price
Q06521,P0295,en,Can you guarantee delivery before December 15?,delivery
Q06522,P0478,en,Can we add our logo on the packaging?,customization
Q06523,P0383,zh,"需要定制零售包装,可以做吗?",customization
Q06524,P0433,zh,"需要定制零售包装,可以做吗?",customization
Q06525,P0314,zh,500件的话价格能再优惠吗?,price
Q06526,P0108,en,Can you offer a better price for bulk orders?,price
Q06527,P0137,en,What's the lead time for 1000 units?,delivery
Q06528,P0067,zh,这个月有促销价吗?,price
Q06529,P0224,en,Do you have any promotional pricing this month?,price
Q06530,P0150,zh,首次合作能给9折吗?,price
Q06531,P0427,zh,首次合作能给9折吗?,price
Q06532,P0282,en,Is air freight available for urgent orders?,delivery
Q06533,P0491,en,Is air freight available for urgent orders?,delivery
Q06534,P0034,zh,包装盒能换成我们的品牌设计吗?,customization
Q06535,P0462,zh,材料是否不含BPA?,feature
Q06536,P0076,en,Any chance of a 10% discount for first-time buyers?,price
Q06537,P0169,en,Can you share the technical spec sheet?,feature
Q06538,P0441,en,Do you have any promotional pricing this month?,price
Q06539,P0355,en,Will the order arrive before Chinese New Year?,delivery
Q06540,P0410,zh,能发一下技术参数表吗?,feature
Q06541,P0025,en,Can you offer a better price for bulk orders?,price
Q06542,P0165,zh,电池容量多少毫安?,feature
Q06543,P0489,zh,能发一下技术参数表吗?,feature
Q06544,P0382,en,Do you support DDP shipping to the US?,delivery
Q06545,P0431,zh,电池容量多少毫安?,feature
Q06546,P0131,zh,能保证12月15号前到货吗?,delivery
Q06547,P0077,en,How long is the shipping time to Germany?,delivery
Q06548,P0437,zh,最低起订量多少才能拿到折扣?,price
Q06549,P0001,en,Any chance of a 10% discount for first-time buyers?,price
Q06550,P0287,en,Is air freight available for urgent orders?,delivery
Q06551,P0337,zh,可以做自有品牌包装吗?,customization
Q06552,P0173,en,What is the battery capacity?,feature
Q06553,P0443,en,The price seems high compared to similar products.,price
Q06554,P0104,en,Do you support DDP shipping to the US?,delivery
Q06555,P0151,zh,"你们竞争对手报价更低,能否匹配?",price
Q06556,P0064,en,What is the battery capacity?,feature
Q06557,P0109,zh,首次合作能给9折吗?,price
Q06558,P0306,en,Does it come with a CE certification?,feature
Q06559,P0143,zh,这个产品支持IPX7防水吗?,feature
Q06560,P0284,zh,"你们竞争对手报价更低,能否匹配?",price
Q06561,P0033,en,Any chance of a 10% discount for first-time buyers?,price
Q06562,P0066,en,Will the order arrive before Chinese New Year?,delivery
Q06563,P0464,zh,急单能走空运吗?,delivery
Q06564,P0385,zh,材料是否不含BPA?,feature
Q06565,P0002,zh,和同类产品相比价格偏高。,price
Q06566,P0096,zh,和同类产品相比价格偏高。,price
Q06567,P0031,zh,能发一下技术参数表吗?,feature
Q06568,P0356,zh,春节前能到货吗?,delivery
Q06569,P0418,en,Can you share the technical spec sheet?,feature
Q06570,P0305,en,Can you guarantee delivery before December 15?,delivery
Q06571,P0129,en,Do you have any promotional pricing this month?,price
Q06572,P0480,zh,电池容量多少毫安?,feature
Q06573,P0401,en,The price seems high compared to similar products.,price
Q06574,P0118,en,Is the price negotiable for 500 units?,price
Q06575,P0159,zh,材料是否不含BPA?,feature
Q06576,P0308,zh,"你们竞争对手报价更低,能否匹配?",price
Q06577,P0478,en,"Your competitor offers $X less, can you match it?",price
Q06578,P0319,zh,保修期多久?,feature
Q06579,P0140,en,Do you support OEM/ODM service?,customization
Q06580,P0060,zh,1000件的生产周期多久?,delivery
Q06581,P0318,en,Can you offer a better price for bulk orders?,price
Q06582,P0138,en,Does this product support waterproof IPX7?,feature
Q06583,P0369,en,What's the warranty period?,feature
Q06584,P0206,zh,首次合作能给9折吗?,price
Q06585,P0126,en,What is the battery capacity?,feature
Q06586,P0385,zh,能发一下技术参数表吗?,feature
Q06587,P0429,zh,这个产品支持IPX7防水吗?,feature
Q06588,P0186,zh,支持DDP发到美国吗?,delivery
Q06589,P0005,zh,最低起订量多少才能拿到折扣?,price
Q06590,P0256,en,Do you have any promotional pricing this month?,price
Q06591,P0080,en,Is the material BPA-free?,feature
Q06592,P0048,en,"Your competitor offers $X less, can you match it?",price
Q06593,P0350,zh,500件的话价格能再优惠吗?,price
Q06594,P0040,en,Is the price negotiable for 500 units?,price
Q06595,P0452,en,The price seems high compared to similar products.,price
Q06596,P0067,en,Does this product support waterproof IPX7?,feature
Q06597,P0039,zh,保修期多久?,feature
Q06598,P0350,en,What is the battery capacity?,feature
Q06599,P0118,zh,首次合作能给9折吗?,price
Q06600,P0309,zh,能保证12月15号前到货吗?,delivery
Q06601,P0351,en,What's the warranty period?,feature
Q06602,P0062,zh,这个月有促销价吗?,price
Q06603,P0483,en,Is air freight available for urgent orders?,delivery
Q06604,P0350,en,Does this product support waterproof IPX7?,feature
Q06605,P0189,en,Can you offer a better price for bulk orders?,price
Q06606,P0462,zh,这个产品支持IPX7防水吗?,feature
Q06607,P0414,en,"Your competitor offers $X less, can you match it?",price
Q06608,P0489,zh,最低起订量多少才能拿到折扣?,price
Q06609,P0433,en,The price seems high compared to similar products.,price
Q06610,P0315,zh,保修期多久?,feature
Q06611,P0379,zh,500件的话价格能再优惠吗?,price
Q06612,P0251,en,Can the color be customized?,customization
Q06613,P0498,en,The price seems high compared to similar products.,price
Q06614,P0477,zh,包装上能加我们的logo吗?,customization
Q06615,P0317,zh,能保证12月15号前到货吗?,delivery
Q06616,P0317,zh,能发一下技术参数表吗?,feature
Q06617,P0424,en,Is private label packaging available?,customization
Q06618,P0358,en,Do you have any promotional pricing this month?,price
Q06619,P0137,zh,保修期多久?,feature
Q06620,P0437,zh,这个月有促销价吗?,price
Q06621,P0244,zh,包装盒能换成我们的品牌设计吗?,customization
Q06622,P0460,en,Can we add our logo on the packaging?,customization
Q06623,P0290,en,Is the material BPA-free?,feature
Q06624,P0050,en,Does this product support waterproof IPX7?,feature
Q06625,P0318,zh,电池容量多少毫安?,feature
Q06626,P0058,zh,和同类产品相比价格偏高。,price
Q06627,P0243,en,What is the minimum order quantity to get a discount?,price
Q06628,P0154,en,Any chance of a 10% discount for first-time buyers?,price
Q06629,P0071,en,What is the battery capacity?,feature
Q06630,P0415,zh,春节前能到货吗?,delivery
Q06631,P0416,zh,支持DDP发到美国吗?,delivery
Q06632,P0029,zh,能发一下技术参数表吗?,feature
Q06633,P0197,en,Is the price negotiable for 500 units?,price
Q06634,P0270,en,Can you change the box design to our brand?,customization
Q06635,P0104,zh,"需要定制零售包装,可以做吗?",customization
Q06636,P0023,en,Can we add our logo on the packaging?,customization
Q06637,P0409,en,Can you guarantee delivery before December 15?,delivery
Q06638,P0018,zh,大批量采购可以给个更好的价格吗?,price
Q06639,P0469,en,"We need custom retail packaging, is that possible?",customization
Q06640,P0415,zh,和同类产品相比价格偏高。,price
Q06641,P0310,en,What is the battery capacity?,feature
Q06642,P0315,zh,保修期多久?,feature
Q06643,P0260,zh,支持OEM/ODM吗?,customization
Q06644,P0360,en,Is the price negotiable for 500 units?,price
Q06645,P0049,en,Can the color be customized?,customization
Q06646,P0498,en,Do you support DDP shipping to the US?,delivery
Q06647,P0168,en,Can you share the technical spec sheet?,feature
Q06648,P0336,zh,"你们竞争对手报价更低,能否匹配?",price
Q06649,P0451,en,"Your competitor offers $X less, can you match it?",price
Q06650,P0242,zh,这个产品支持IPX7防水吗?,feature
Q06651,P0476,zh,包装上能加我们的logo吗?,customization
Q06652,P0015,en,Can you offer a better price for bulk orders?,price
Q06653,P0088,zh,包装上能加我们的logo吗?,customization
Q06654,P0112,zh,"需要定制零售包装,可以做吗?",customization
Q06655,P0002,zh,材料是否不含BPA?,feature
Q06656,P0450,en,Does this product support waterproof IPX7?,feature
Q06657,P0378,zh,电池容量多少毫安?,feature
Q06658,P0354,en,What is the minimum order quantity to get a discount?,price
Q06659,P0168,zh,大批量采购可以给个更好的价格吗?,price
Q06660,P0343,zh,这个月有促销价吗?,price
Q06661,P0219,zh,急单能走空运吗?,delivery
Q06662,P0287,zh,材料是否不含BPA?,feature
Q06663,P0025,zh,支持DDP发到美国吗?,delivery
Q06664,P0430,en,Can you share the technical spec sheet?,feature
Q06665,P0423,zh,有CE认证吗?,feature
Q06666,P0370,en,What's the warranty period?,feature
Q06667,P0122,en,Can we add our logo on the packaging?,customization
Q06668,P0318,en,Is the material BPA-free?,feature
Q06669,P0035,zh,电池容量多少毫安?,feature
Q06670,P0181,zh,急单能走空运吗?,delivery
Q06671,P0112,en,How long is the shipping time to Germany?,delivery
Q06672,P0357,en,Can you guarantee delivery before December 15?,delivery
Q06673,P0427,zh,材料是否不含BPA?,feature
Q06674,P0427,en,What is the minimum order quantity to get a discount?,price
Q06675,P0079,en,Can you offer a better price for bulk orders?,price
Q06676,P0088,en,What's the warranty period?,feature
Q06677,P0134,zh,支持DDP发到美国吗?,delivery
Q06678,P0201,en,What is the battery capacity?,feature
Q06679,P0166,en,How long is the shipping time to Germany?,delivery
Q06680,P0479,en,Is private label packaging available?,customization
Q06681,P0303,en,The price seems high compared to similar products.,price
Q06682,P0070,en,Does it come with a CE certification?,feature
Q06683,P0322,en,What's the warranty period?,feature
Q06684,P0422,en,What is the battery capacity?,feature
Q06685,P0487,zh,"你们竞争对手报价更低,能否匹配?",price
Q06686,P0410,zh,能发一下技术参数表吗?,feature
Q06687,P0010,en,Any chance of a 10% discount for first-time buyers?,price
Q06688,P0240,zh,支持DDP发到美国吗?,delivery
Q06689,P0021,en,Is the material BPA-free?,feature
Q06690,P0172,zh,和同类产品相比价格偏高。,price
Q06691,P0493,en,Any chance of a 10% discount for first-time buyers?,price
Q06692,P0021,zh,这个月有促销价吗?,price
Q06693,P0317,zh,首次合作能给9折吗?,price
Q06694,P0492,en,Does this product support waterproof IPX7?,feature
Q06695,P0082,zh,保修期多久?,feature
Q06696,P0377,en,Can you guarantee delivery before December 15?,delivery
Q06697,P0008,en,Does this product support waterproof IPX7?,feature
Q06698,P0423,en,What is the minimum order quantity to get a discount?,price
Q06699,P0177,en,Can you offer a better price for bulk orders?,price
Q06700,P0157,zh,最低起订量多少才能拿到折扣?,price
Q06701,P0283,zh,包装上能加我们的logo吗?,customization
Q06702,P0343,zh,1000件的生产周期多久?,delivery
Q06703,P0183,zh,首次合作能给9折吗?,price
Q06704,P0342,en,Can you guarantee delivery before December 15?,delivery
Q06705,P0031,en,Do you support DDP shipping to the US?,delivery
Q06706,P0427,en,Will the order arrive before Chinese New Year?,delivery
Q06707,P0342,zh,最低起订量多少才能拿到折扣?,price
Q06708,P0119,zh,这个产品支持IPX7防水吗?,feature
Q06709,P0050,en,Can you share the technical spec sheet?,feature
Q06710,P0415,zh,1000件的生产周期多久?,delivery
Q06711,P0112,zh,大批量采购可以给个更好的价格吗?,price
Q06712,P0292,en,The price seems high compared to similar products.,price
Q06713,P0003,en,What's the lead time for 1000 units?,delivery
Q06714,P0034,zh,保修期多久?,feature
Q06715,P0239,zh,有CE认证吗?,feature
Q06716,P0238,zh,最低起订量多少才能拿到折扣?,price
Q06717,P0422,zh,急单能走空运吗?,delivery
Q06718,P0062,zh,有CE认证吗?,feature
Q06719,P0433,en,Is the material BPA-free?,feature
Q06720,P0207,en,How long is the shipping time to Germany?,delivery
Q06721,P0381,zh,材料是否不含BPA?,feature
Q06722,P0281,en,Do you have any promotional pricing this month?,price
Q06723,P0481,zh,春节前能到货吗?,delivery
Q06724,P0271,en,Does it come with a CE certification?,feature
Q06725,P0401,zh,包装盒能换成我们的品牌设计吗?,customization
Q06726,P0069,zh,500件的话价格能再优惠吗?,price
Q06727,P0450,zh,有CE认证吗?,feature
Q06728,P0054,zh,首次合作能给9折吗?,price
Q06729,P0242,zh,发到德国需要多久?,delivery
Q06730,P0330,zh,这个月有促销价吗?,price
Q06731,P0352,zh,电池容量多少毫安?,feature
Q06732,P0268,en,Do you support DDP shipping to the US?,delivery
Q06733,P0070,en,What is the battery capacity?,feature
Q06734,P0309,zh,可以做自有品牌包装吗?,customization
Q06735,P0284,zh,电池容量多少毫安?,feature
Q06736,P0457,zh,首次合作能给9折吗?,price
Q06737,P0458,en,Does it come with a CE certification?,feature
Q06738,P0493,en,Does it come with a CE certification?,feature
Q06739,P0471,zh,能发一下技术参数表吗?,feature
Q06740,P0193,zh,和同类产品相比价格偏高。,price
Q06741,P0414,zh,包装盒能换成我们的品牌设计吗?,customization
Q06742,P0148,zh,这个产品支持IPX7防水吗?,feature
Q06743,P0415,en,Is air freight available for urgent orders?,delivery
Q06744,P0123,zh,电池容量多少毫安?,feature
Q06745,P0497,en,Is the material BPA-free?,feature
Q06746,P0404,zh,包装盒能换成我们的品牌设计吗?,customization
Q06747,P0315,en,The price seems high compared to similar products.,price
Q06748,P0100,en,Does this product support waterproof IPX7?,feature
Q06749,P0212,en,What's the lead time for 1000 units?,delivery
Q06750,P0157,zh,发到德国需要多久?,delivery
Q06751,P0060,en,Is the price negotiable for 500 units?,price
Q06752,P0099,en,Is the material BPA-free?,feature
Q06753,P0057,zh,包装上能加我们的logo吗?,customization
Q06754,P0346,zh,首次合作能给9折吗?,price
Q06755,P0387,en,Can the color be customized?,customization
Q06756,P0375,en,"Your competitor offers $X less, can you match it?",price
Q06757,P0100,en,What is the battery capacity?,feature
Q06758,P0163,en,What is the battery capacity?,feature
Q06759,P0418,en,What is the minimum order quantity to get a discount?,price
Q06760,P0346,zh,这个月有促销价吗?,price
Q06761,P0167,zh,这个月有促销价吗?,price
Q06762,P0396,zh,保修期多久?,feature
Q06763,P0314,zh,能保证12月15号前到货吗?,delivery
Q06764,P0033,en,Is air freight available for urgent orders?,delivery
Q06765,P0463,en,Any chance of a 10% discount for first-time buyers?,price
Q06766,P0471,en,Can the color be customized?,customization
Q06767,P0477,en,What's the warranty period?,feature
Q06768,P0104,zh,这个产品支持IPX7防水吗?,feature
Q06769,P0107,zh,这个月有促销价吗?,price
Q06770,P0240,en,Do you have any promotional pricing this month?,price
Q06771,P0209,zh,急单能走空运吗?,delivery
Q06772,P0262,zh,包装上能加我们的logo吗?,customization
Q06773,P0433,en,Do you have any promotional pricing this month?,price
Q06774,P0454,en,What's the warranty period?,feature
Q06775,P0302,en,Can you share the technical spec sheet?,feature
Q06776,P0045,zh,保修期多久?,feature
Q06777,P0125,en,What is the minimum order quantity to get a discount?,price
Q06778,P0253,zh,首次合作能给9折吗?,price
Q06779,P0031,zh,和同类产品相比价格偏高。,price
Q06780,P0445,zh,春节前能到货吗?,delivery
Q06781,P0445,zh,这个月有促销价吗?,price
Q06782,P0123,zh,电池容量多少毫安?,feature
Q06783,P0245,zh,首次合作能给9折吗?,price
Q06784,P0032,en,Can you offer a better price for bulk orders?,price
Q06785,P0485,en,"Your competitor offers $X less, can you match it?",price
Q06786,P0009,zh,首次合作能给9折吗?,price
Q06787,P0092,zh,首次合作能给9折吗?,price
Q06788,P0060,zh,500件的话价格能再优惠吗?,price
Q06789,P0202,zh,最低起订量多少才能拿到折扣?,price
Q06790,P0110,en,Does this product support waterproof IPX7?,feature
Q06791,P0146,zh,春节前能到货吗?,delivery
Q06792,P0275,zh,包装上能加我们的logo吗?,customization
Q06793,P0365,zh,1000件的生产周期多久?,delivery
Q06794,P0244,zh,500件的话价格能再优惠吗?,price
Q06795,P0015,zh,包装盒能换成我们的品牌设计吗?,customization
Q06796,P0269,zh,1000件的生产周期多久?,delivery
Q06797,P0311,en,Can you share the technical spec sheet?,feature
Q06798,P0005,zh,包装盒能换成我们的品牌设计吗?,customization
Q06799,P0268,en,Can we add our logo on the packaging?,customization
Q06800,P0018,zh,"你们竞争对手报价更低,能否匹配?",price
Q06801,P0457,en,Can you offer a better price for bulk orders?,price
Q06802,P0338,zh,保修期多久?,feature
Q06803,P0053,en,Can you guarantee delivery before December 15?,delivery
Q06804,P0124,zh,1000件的生产周期多久?,delivery
Q06805,P0453,zh,这个产品支持IPX7防水吗?,feature
Q06806,P0303,zh,"你们竞争对手报价更低,能否匹配?",price
Q06807,P0119,zh,1000件的生产周期多久?,delivery
Q06808,P0399,zh,保修期多久?,feature
Q06809,P0018,zh,可以做自有品牌包装吗?,customization
Q06810,P0313,zh,这个月有促销价吗?,price
Q06811,P0252,en,Can we add our logo on the packaging?,customization
Q06812,P0188,zh,包装上能加我们的logo吗?,customization
Q06813,P0393,zh,这个月有促销价吗?,price
Q06814,P0102,zh,急单能走空运吗?,delivery
Q06815,P0105,en,How long is the shipping time to Germany?,delivery
Q06816,P0407,en,What is the battery capacity?,feature
Q06817,P0180,en,Is air freight available for urgent orders?,delivery
Q06818,P0455,zh,和同类产品相比价格偏高。,price
Q06819,P0430,zh,能发一下技术参数表吗?,feature
Q06820,P0357,zh,能发一下技术参数表吗?,feature
Q06821,P0352,en,Is air freight available for urgent orders?,delivery
Q06822,P0476,en,What's the warranty period?,feature
Q06823,P0484,zh,大批量采购可以给个更好的价格吗?,price
Q06824,P0413,zh,和同类产品相比价格偏高。,price
Q06825,P0327,zh,这个产品支持IPX7防水吗?,feature
Q06826,P0205,zh,春节前能到货吗?,delivery
Q06827,P0189,en,Any chance of a 10% discount for first-time buyers?,price
Q06828,P0487,zh,能发一下技术参数表吗?,feature
Q06829,P0287,zh,首次合作能给9折吗?,price
Q06830,P0181,zh,500件的话价格能再优惠吗?,price
Q06831,P0417,en,Can we add our logo on the packaging?,customization
Q06832,P0107,zh,包装盒能换成我们的品牌设计吗?,customization
Q06833,P0037,zh,大批量采购可以给个更好的价格吗?,price
Q06834,P0388,zh,这个月有促销价吗?,price
Q06835,P0244,en,Does this product support waterproof IPX7?,feature
Q06836,P0096,en,Can you share the technical spec sheet?,feature
Q06837,P0146,zh,首次合作能给9折吗?,price
Q06838,P0075,en,Do you support OEM/ODM service?,customization
Q06839,P0342,zh,包装盒能换成我们的品牌设计吗?,customization
Q06840,P0230,en,Is private label packaging available?,customization
Q06841,P0395,en,Any chance of a 10% discount for first-time buyers?,price
Q06842,P0194,en,Can you share the technical spec sheet?,feature
Q06843,P0148,zh,支持OEM/ODM吗?,customization
Q06844,P0223,en,Is air freight available for urgent orders?,delivery
Q06845,P0232,zh,急单能走空运吗?,delivery
Q06846,P0027,en,Do you support DDP shipping to the US?,delivery
Q06847,P0395,zh,急单能走空运吗?,delivery
Q06848,P0302,en,"Your competitor offers $X less, can you match it?",price
Q06849,P0498,zh,1000件的生产周期多久?,delivery
Q06850,P0256,zh,和同类产品相比价格偏高。,price
Q06851,P0319,en,Is the material BPA-free?,feature
Q06852,P0331,zh,这个月有促销价吗?,price
Q06853,P0414,zh,最低起订量多少才能拿到折扣?,price
Q06854,P0415,zh,1000件的生产周期多久?,delivery
Q06855,P0290,zh,最低起订量多少才能拿到折扣?,price
Q06856,P0246,zh,电池容量多少毫安?,feature
Q06857,P0393,en,The price seems high compared to similar products.,price
Q06858,P0151,en,Is air freight available for urgent orders?,delivery
Q06859,P0187,en,Does it come with a CE certification?,feature
Q06860,P0070,en,Can you offer a better price for bulk orders?,price
Q06861,P0079,zh,首次合作能给9折吗?,price
Q06862,P0021,zh,首次合作能给9折吗?,price
Q06863,P0182,en,Is the price negotiable for 500 units?,price
Q06864,P0217,zh,急单能走空运吗?,delivery
Q06865,P0241,zh,能发一下技术参数表吗?,feature
Q06866,P0318,zh,电池容量多少毫安?,feature
Q06867,P0450,en,"We need custom retail packaging, is that possible?",customization
Q06868,P0225,zh,春节前能到货吗?,delivery
Q06869,P0472,en,The price seems high compared to similar products.,price
Q06870,P0145,zh,这个产品支持IPX7防水吗?,feature
Q06871,P0115,en,Is the price negotiable for 500 units?,price
Q06872,P0438,zh,春节前能到货吗?,delivery
Q06873,P0305,en,Can you guarantee delivery before December 15?,delivery
Q06874,P0267,zh,有CE认证吗?,feature
Q06875,P0486,en,Any chance of a 10% discount for first-time buyers?,price
Q06876,P0169,zh,能发一下技术参数表吗?,feature
Q06877,P0454,en,How long is the shipping time to Germany?,delivery
Q06878,P0087,zh,大批量采购可以给个更好的价格吗?,price
Q06879,P0264,en,The price seems high compared to similar products.,price
Q06880,P0311,zh,这个产品支持IPX7防水吗?,feature
Q06881,P0031,zh,能保证12月15号前到货吗?,delivery
Q06882,P0264,zh,材料是否不含BPA?,feature
Q06883,P0184,en,Is the price negotiable for 500 units?,price
Q06884,P0255,zh,"需要定制零售包装,可以做吗?",customization
Q06885,P0161,zh,支持DDP发到美国吗?,delivery
Q06886,P0164,zh,和同类产品相比价格偏高。,price
Q06887,P0121,en,Any chance of a 10% discount for first-time buyers?,price
Q06888,P0495,zh,"需要定制零售包装,可以做吗?",customization
Q06889,P0190,en,Can the color be customized?,customization
Q06890,P0496,en,Can you share the technical spec sheet?,feature
Q06891,P0334,zh,500件的话价格能再优惠吗?,price
Q06892,P0298,zh,颜色可以定制吗?,customization
Q06893,P0374,zh,大批量采购可以给个更好的价格吗?,price
Q06894,P0034,zh,急单能走空运吗?,delivery
Q06895,P0161,zh,最低起订量多少才能拿到折扣?,price
Q06896,P0468,zh,保修期多久?,feature
Q06897,P0431,en,Do you have any promotional pricing this month?,price
Q06898,P0197,zh,有CE认证吗?,feature
Q06899,P0335,zh,1000件的生产周期多久?,delivery
Q06900,P0273,zh,"需要定制零售包装,可以做吗?",customization
Q06901,P0419,zh,电池容量多少毫安?,feature
Q06902,P0471,en,What is the battery capacity?,feature
Q06903,P0212,zh,能发一下技术参数表吗?,feature
Q06904,P0388,zh,急单能走空运吗?,delivery
Q06905,P0384,en,Any chance of a 10% discount for first-time buyers?,price
Q06906,P0132,en,Is private label packaging available?,customization
Q06907,P0013,en,Do you support DDP shipping to the US?,delivery
Q06908,P0208,zh,发到德国需要多久?,delivery
Q06909,P0238,zh,发到德国需要多久?,delivery
Q06910,P0415,en,Is the material BPA-free?,feature
Q06911,P0327,en,Is the material BPA-free?,feature
Q06912,P0386,en,Is the material BPA-free?,feature
Q06913,P0495,en,Do you have any promotional pricing this month?,price
Q06914,P0071,en,Any chance of a 10% discount for first-time buyers?,price
Q06915,P0095,en,Is private label packaging available?,customization
Q06916,P0263,zh,保修期多久?,feature
Q06917,P0310,en,Do you support OEM/ODM service?,customization
Q06918,P0449,en,Does it come with a CE certification?,feature
Q06919,P0044,en,Is the material BPA-free?,feature
Q06920,P0125,zh,最低起订量多少才能拿到折扣?,price
Q06921,P0491,en,Do you support OEM/ODM service?,customization
Q06922,P0043,en,What is the battery capacity?,feature
Q06923,P0131,en,Does this product support waterproof IPX7?,feature
Q06924,P0383,zh,保修期多久?,feature
Q06925,P0389,zh,可以做自有品牌包装吗?,customization
Q06926,P0339,zh,大批量采购可以给个更好的价格吗?,price
Q06927,P0234,zh,有CE认证吗?,feature
Q06928,P0130,zh,有CE认证吗?,feature
Q06929,P0196,zh,这个月有促销价吗?,price
Q06930,P0444,zh,电池容量多少毫安?,feature
Q06931,P0177,en,Is the material BPA-free?,feature
Q06932,P0251,en,What is the battery capacity?,feature
Q06933,P0498,en,Do you have any promotional pricing this month?,price
Q06934,P0100,zh,包装上能加我们的logo吗?,customization
Q06935,P0483,zh,包装上能加我们的logo吗?,customization
Q06936,P0338,en,Is the price negotiable for 500 units?,price
Q06937,P0158,en,Can you change the box design to our brand?,customization
Q06938,P0399,zh,材料是否不含BPA?,feature
Q06939,P0438,zh,"需要定制零售包装,可以做吗?",customization
Q06940,P0354,en,Can you guarantee delivery before December 15?,delivery
Q06941,P0137,en,What's the warranty period?,feature
Q06942,P0182,zh,能发一下技术参数表吗?,feature
Q06943,P0053,en,Can the color be customized?,customization
Q06944,P0039,en,Do you have any promotional pricing this month?,price
Q06945,P0274,zh,这个产品支持IPX7防水吗?,feature
Q06946,P0223,zh,包装上能加我们的logo吗?,customization
Q06947,P0328,en,Can you offer a better price for bulk orders?,price
Q06948,P0333,zh,1000件的生产周期多久?,delivery
Q06949,P0142,en,What's the warranty period?,feature
Q06950,P0341,zh,支持DDP发到美国吗?,delivery
Q06951,P0251,zh,这个产品支持IPX7防水吗?,feature
Q06952,P0070,en,The price seems high compared to similar products.,price
Q06953,P0393,en,Is the price negotiable for 500 units?,price
Q06954,P0062,en,"Your competitor offers $X less, can you match it?",price
Q06955,P0006,en,Do you have any promotional pricing this month?,price
Q06956,P0168,zh,这个月有促销价吗?,price
Q06957,P0114,en,Do you have any promotional pricing this month?,price
Q06958,P0448,en,Does it come with a CE certification?,feature
Q06959,P0107,zh,"需要定制零售包装,可以做吗?",customization
Q06960,P0399,en,Will the order arrive before Chinese New Year?,delivery
Q06961,P0161,zh,"你们竞争对手报价更低,能否匹配?",price
Q06962,P0182,en,Will the order arrive before Chinese New Year?,delivery
Q06963,P0122,zh,能发一下技术参数表吗?,feature
Q06964,P0246,zh,最低起订量多少才能拿到折扣?,price
Q06965,P0309,en,What's the warranty period?,feature
Q06966,P0266,en,Does this product support waterproof IPX7?,feature
Q06967,P0372,en,What's the lead time for 1000 units?,delivery
Q06968,P0401,en,What is the minimum order quantity to get a discount?,price
Q06969,P0343,en,Can you change the box design to our brand?,customization
Q06970,P0232,zh,大批量采购可以给个更好的价格吗?,price
Q06971,P0175,en,Does this product support waterproof IPX7?,feature
Q06972,P0093,en,Can you share the technical spec sheet?,feature
Q06973,P0002,zh,1000件的生产周期多久?,delivery
Q06974,P0315,en,Does this product support waterproof IPX7?,feature
Q06975,P0277,en,Can we add our logo on the packaging?,customization
Q06976,P0396,en,Do you support DDP shipping to the US?,delivery
Q06977,P0473,zh,可以做自有品牌包装吗?,customization
Q06978,P0084,zh,春节前能到货吗?,delivery
Q06979,P0130,zh,"需要定制零售包装,可以做吗?",customization
Q06980,P0474,zh,材料是否不含BPA?,feature
Q06981,P0273,zh,材料是否不含BPA?,feature
Q06982,P0052,zh,支持DDP发到美国吗?,delivery
Q06983,P0458,zh,最低起订量多少才能拿到折扣?,price
Q06984,P0134,en,"We need custom retail packaging, is that possible?",customization
Q06985,P0225,en,Can you change the box design to our brand?,customization
Q06986,P0259,zh,最低起订量多少才能拿到折扣?,price
Q06987,P0056,zh,这个月有促销价吗?,price
Q06988,P0300,zh,这个产品支持IPX7防水吗?,feature
Q06989,P0032,en,Can you guarantee delivery before December 15?,delivery
Q06990,P0247,en,"We need custom retail packaging, is that possible?",customization
Q06991,P0398,zh,1000件的生产周期多久?,delivery
Q06992,P0242,zh,500件的话价格能再优惠吗?,price
Q06993,P0372,zh,这个产品支持IPX7防水吗?,feature
Q06994,P0186,zh,颜色可以定制吗?,customization
Q06995,P0113,zh,保修期多久?,feature
Q06996,P0108,en,Do you support DDP shipping to the US?,delivery
Q06997,P0405,en,Can we add our logo on the packaging?,customization
Q06998,P0455,zh,春节前能到货吗?,delivery
Q06999,P0130,zh,材料是否不含BPA?,feature
Q07000,P0388,zh,春节前能到货吗?,delivery
Q07001,P0115,zh,电池容量多少毫安?,feature
Q07002,P0276,zh,最低起订量多少才能拿到折扣?,price
Q07003,P0462,zh,电池容量多少毫安?,feature
Q07004,P0442,en,Is private label packaging available?,customization
Q07005,P0425,en,What is the minimum order quantity to get a discount?,price
Q07006,P0334,en,Is the price negotiable for 500 units?,price
Q07007,P0350,en,Do you support OEM/ODM service?,customization
Q07008,P0374,en,What's the lead time for 1000 units?,delivery
Q07009,P0371,zh,有CE认证吗?,feature
Q07010,P0033,zh,颜色可以定制吗?,customization
Q07011,P0044,zh,有CE认证吗?,feature
Q07012,P0098,zh,材料是否不含BPA?,feature
Q07013,P0206,zh,1000件的生产周期多久?,delivery
Q07014,P0385,en,Do you support OEM/ODM service?,customization
Q07015,P0269,en,Does this product support waterproof IPX7?,feature
Q07016,P0265,en,Is the price negotiable for 500 units?,price
Q07017,P0308,zh,500件的话价格能再优惠吗?,price
Q07018,P0429,en,What is the minimum order quantity to get a discount?,price
Q07019,P0046,zh,大批量采购可以给个更好的价格吗?,price
Q07020,P0245,en,Can you change the box design to our brand?,customization
Q07021,P0362,en,What's the warranty period?,feature
Q07022,P0094,en,Any chance of a 10% discount for first-time buyers?,price
Q07023,P0031,zh,材料是否不含BPA?,feature
Q07024,P0038,zh,包装上能加我们的logo吗?,customization
Q07025,P0057,en,"Your competitor offers $X less, can you match it?",price
Q07026,P0205,zh,保修期多久?,feature
Q07027,P0435,en,Is the material BPA-free?,feature
Q07028,P0269,en,What's the warranty period?,feature
Q07029,P0217,zh,首次合作能给9折吗?,price
Q07030,P0267,zh,包装上能加我们的logo吗?,customization
Q07031,P0045,zh,这个产品支持IPX7防水吗?,feature
Q07032,P0447,en,Do you support OEM/ODM service?,customization
Q07033,P0208,en,What's the warranty period?,feature
Q07034,P0357,en,Any chance of a 10% discount for first-time buyers?,price
Q07035,P0224,zh,500件的话价格能再优惠吗?,price
Q07036,P0042,en,Is air freight available for urgent orders?,delivery
Q07037,P0312,en,What is the battery capacity?,feature
Q07038,P0230,en,Does it come with a CE certification?,feature
Q07039,P0384,en,The price seems high compared to similar products.,price
Q07040,P0265,en,The price seems high compared to similar products.,price
Q07041,P0421,zh,发到德国需要多久?,delivery
Q07042,P0214,zh,能发一下技术参数表吗?,feature
Q07043,P0215,zh,500件的话价格能再优惠吗?,price
Q07044,P0377,zh,和同类产品相比价格偏高。,price
Q07045,P0460,en,How long is the shipping time to Germany?,delivery
Q07046,P0221,zh,大批量采购可以给个更好的价格吗?,price
Q07047,P0203,zh,包装盒能换成我们的品牌设计吗?,customization
Q07048,P0041,en,Does it come with a CE certification?,feature
Q07049,P0004,zh,发到德国需要多久?,delivery
Q07050,P0429,zh,能保证12月15号前到货吗?,delivery
Q07051,P0085,zh,这个月有促销价吗?,price
Q07052,P0498,zh,"你们竞争对手报价更低,能否匹配?",price
Q07053,P0191,en,Is the price negotiable for 500 units?,price
Q07054,P0073,en,Will the order arrive before Chinese New Year?,delivery
Q07055,P0422,en,How long is the shipping time to Germany?,delivery
Q07056,P0216,zh,有CE认证吗?,feature
Q07057,P0443,en,Does it come with a CE certification?,feature
Q07058,P0069,zh,最低起订量多少才能拿到折扣?,price
Q07059,P0407,en,Can you share the technical spec sheet?,feature
Q07060,P0387,en,Is the material BPA-free?,feature
Q07061,P0166,zh,500件的话价格能再优惠吗?,price
Q07062,P0232,zh,这个产品支持IPX7防水吗?,feature
Q07063,P0344,zh,保修期多久?,feature
Q07064,P0114,en,Can you offer a better price for bulk orders?,price
Q07065,P0403,en,Will the order arrive before Chinese New Year?,delivery
Q07066,P0055,zh,保修期多久?,feature
Q07067,P0271,zh,首次合作能给9折吗?,price
Q07068,P0107,zh,包装上能加我们的logo吗?,customization
Q07069,P0032,zh,有CE认证吗?,feature
Q07070,P0127,en,What's the warranty period?,feature
Q07071,P0365,zh,"你们竞争对手报价更低,能否匹配?",price
Q07072,P0381,zh,"你们竞争对手报价更低,能否匹配?",price
Q07073,P0140,en,Can you guarantee delivery before December 15?,delivery
Q07074,P0408,zh,最低起订量多少才能拿到折扣?,price
Q07075,P0133,zh,最低起订量多少才能拿到折扣?,price
Q07076,P0063,en,Is the price negotiable for 500 units?,price
Q07077,P0204,en,Can you offer a better price for bulk orders?,price
Q07078,P0185,zh,急单能走空运吗?,delivery
Q07079,P0482,en,Is air freight available for urgent orders?,delivery
Q07080,P0096,zh,大批量采购可以给个更好的价格吗?,price
Q07081,P0379,zh,春节前能到货吗?,delivery
Q07082,P0128,en,"We need custom retail packaging, is that possible?",customization
Q07083,P0253,en,Does it come with a CE certification?,feature
Q07084,P0278,en,What is the battery capacity?,feature
Q07085,P0493,en,Is the price negotiable for 500 units?,price
Q07086,P0252,en,What is the minimum order quantity to get a discount?,price
Q07087,P0098,en,Can you guarantee delivery before December 15?,delivery
Q07088,P0399,en,Will the order arrive before Chinese New Year?,delivery
Q07089,P0141,zh,首次合作能给9折吗?,price
Q07090,P0420,zh,首次合作能给9折吗?,price
Q07091,P0421,en,What is the minimum order quantity to get a discount?,price
Q07092,P0265,en,Is the price negotiable for 500 units?,price
Q07093,P0244,zh,电池容量多少毫安?,feature
Q07094,P0390,en,Is private label packaging available?,customization
Q07095,P0271,zh,"你们竞争对手报价更低,能否匹配?",price
Q07096,P0439,zh,"你们竞争对手报价更低,能否匹配?",price
Q07097,P0028,en,Do you support DDP shipping to the US?,delivery
Q07098,P0200,zh,电池容量多少毫安?,feature
Q07099,P0152,zh,500件的话价格能再优惠吗?,price
Q07100,P0269,en,What is the minimum order quantity to get a discount?,price
Q07101,P0104,zh,包装盒能换成我们的品牌设计吗?,customization
Q07102,P0479,en,What is the battery capacity?,feature
Q07103,P0439,zh,大批量采购可以给个更好的价格吗?,price
Q07104,P0424,en,Can the color be customized?,customization
Q07105,P0245,en,What's the warranty period?,feature
Q07106,P0390,zh,保修期多久?,feature
Q07107,P0092,zh,能保证12月15号前到货吗?,delivery
Q07108,P0303,zh,春节前能到货吗?,delivery
Q07109,P0190,zh,这个产品支持IPX7防水吗?,feature
Q07110,P0489,en,Can you share the technical spec sheet?,feature
Q07111,P0442,zh,包装上能加我们的logo吗?,customization
Q07112,P0410,en,What's the lead time for 1000 units?,delivery
Q07113,P0100,zh,"你们竞争对手报价更低,能否匹配?",price
Q07114,P0421,zh,颜色可以定制吗?,customization
Q07115,P0463,zh,支持DDP发到美国吗?,delivery
Q07116,P0045,en,Can you guarantee delivery before December 15?,delivery
Q07117,P0310,zh,这个产品支持IPX7防水吗?,feature
Q07118,P0447,en,Is the price negotiable for 500 units?,price
Q07119,P0037,en,What is the battery capacity?,feature
Q07120,P0361,zh,500件的话价格能再优惠吗?,price
Q07121,P0429,zh,材料是否不含BPA?,feature
Q07122,P0212,en,What is the minimum order quantity to get a discount?,price
Q07123,P0273,zh,支持OEM/ODM吗?,customization
Q07124,P0202,en,What's the warranty period?,feature
Q07125,P0077,zh,这个产品支持IPX7防水吗?,feature
Q07126,P0362,zh,春节前能到货吗?,delivery
Q07127,P0093,en,Does it come with a CE certification?,feature
Q07128,P0404,en,Can you guarantee delivery before December 15?,delivery
Q07129,P0085,zh,材料是否不含BPA?,feature
Q07130,P0081,zh,"你们竞争对手报价更低,能否匹配?",price
Q07131,P0093,en,"Your competitor offers $X less, can you match it?",price
Q07132,P0437,en,"Your competitor offers $X less, can you match it?",price
Q07133,P0281,zh,首次合作能给9折吗?,price
Q07134,P0008,zh,春节前能到货吗?,delivery
Q07135,P0484,zh,和同类产品相比价格偏高。,price
Q07136,P0491,en,Will the order arrive before Chinese New Year?,delivery
Q07137,P0252,zh,电池容量多少毫安?,feature
Q07138,P0328,zh,包装上能加我们的logo吗?,customization
Q07139,P0476,en,Is the material BPA-free?,feature
Q07140,P0111,zh,支持OEM/ODM吗?,customization
Q07141,P0288,en,Does it come with a CE certification?,feature
Q07142,P0479,zh,500件的话价格能再优惠吗?,price
Q07143,P0430,zh,大批量采购可以给个更好的价格吗?,price
Q07144,P0195,en,Do you have any promotional pricing this month?,price
Q07145,P0068,en,What is the battery capacity?,feature
Q07146,P0019,en,Can you offer a better price for bulk orders?,price
Q07147,P0390,en,Does this product support waterproof IPX7?,feature
Q07148,P0078,zh,能发一下技术参数表吗?,feature
Q07149,P0257,zh,能发一下技术参数表吗?,feature
Q07150,P0302,en,The price seems high compared to similar products.,price
Q07151,P0416,zh,1000件的生产周期多久?,delivery
Q07152,P0347,zh,电池容量多少毫安?,feature
Q07153,P0407,en,"Your competitor offers $X less, can you match it?",price
Q07154,P0059,zh,支持DDP发到美国吗?,delivery
Q07155,P0423,zh,500件的话价格能再优惠吗?,price
Q07156,P0190,en,Can you change the box design to our brand?,customization
Q07157,P0119,zh,能发一下技术参数表吗?,feature
Q07158,P0373,en,Can you share the technical spec sheet?,feature
Q07159,P0046,zh,这个月有促销价吗?,price
Q07160,P0128,zh,能发一下技术参数表吗?,feature
Q07161,P0315,zh,大批量采购可以给个更好的价格吗?,price
Q07162,P0087,zh,材料是否不含BPA?,feature
Q07163,P0282,en,"We need custom retail packaging, is that possible?",customization
Q07164,P0083,zh,包装上能加我们的logo吗?,customization
Q07165,P0168,zh,首次合作能给9折吗?,price
Q07166,P0133,zh,这个产品支持IPX7防水吗?,feature
Q07167,P0392,zh,支持DDP发到美国吗?,delivery
Q07168,P0176,en,What's the lead time for 1000 units?,delivery
Q07169,P0439,zh,能发一下技术参数表吗?,feature
Q07170,P0440,zh,包装上能加我们的logo吗?,customization
Q07171,P0269,zh,"你们竞争对手报价更低,能否匹配?",price
Q07172,P0142,zh,这个产品支持IPX7防水吗?,feature
Q07173,P0474,zh,包装盒能换成我们的品牌设计吗?,customization
Q07174,P0392,zh,春节前能到货吗?,delivery
Q07175,P0421,en,Can you share the technical spec sheet?,feature
Q07176,P0498,zh,这个产品支持IPX7防水吗?,feature
Q07177,P0160,zh,首次合作能给9折吗?,price
Q07178,P0167,en,Can you guarantee delivery before December 15?,delivery
Q07179,P0019,en,Do you support DDP shipping to the US?,delivery
Q07180,P0010,en,Does it come with a CE certification?,feature
Q07181,P0024,en,Any chance of a 10% discount for first-time buyers?,price
Q07182,P0197,zh,包装上能加我们的logo吗?,customization
Q07183,P0350,en,Will the order arrive before Chinese New Year?,delivery
Q07184,P0076,en,"We need custom retail packaging, is that possible?",customization
Q07185,P0063,en,Does this product support waterproof IPX7?,feature
Q07186,P0108,zh,能发一下技术参数表吗?,feature
Q07187,P0166,en,Does it come with a CE certification?,feature
Q07188,P0300,zh,这个产品支持IPX7防水吗?,feature
Q07189,P0437,zh,电池容量多少毫安?,feature
Q07190,P0383,en,Does this product support waterproof IPX7?,feature
Q07191,P0139,zh,首次合作能给9折吗?,price
Q07192,P0313,zh,支持DDP发到美国吗?,delivery
Q07193,P0405,en,Can you offer a better price for bulk orders?,price
Q07194,P0042,en,Do you support OEM/ODM service?,customization
Q07195,P0036,en,What's the lead time for 1000 units?,delivery
Q07196,P0208,zh,颜色可以定制吗?,customization
Q07197,P0259,en,What's the lead time for 1000 units?,delivery
Q07198,P0329,en,Do you support DDP shipping to the US?,delivery
Q07199,P0442,zh,发到德国需要多久?,delivery
Q07200,P0432,en,How long is the shipping time to Germany?,delivery
Q07201,P0400,en,Can you guarantee delivery before December 15?,delivery
Q07202,P0235,zh,材料是否不含BPA?,feature
Q07203,P0098,en,Can you guarantee delivery before December 15?,delivery
Q07204,P0226,en,Do you support DDP shipping to the US?,delivery
Q07205,P0237,en,Is the price negotiable for 500 units?,price
Q07206,P0388,en,What is the battery capacity?,feature
Q07207,P0467,en,Any chance of a 10% discount for first-time buyers?,price
Q07208,P0209,en,Can you change the box design to our brand?,customization
Q07209,P0058,zh,可以做自有品牌包装吗?,customization
Q07210,P0390,en,"Your competitor offers $X less, can you match it?",price
Q07211,P0081,en,What is the battery capacity?,feature
Q07212,P0442,zh,最低起订量多少才能拿到折扣?,price
Q07213,P0141,zh,发到德国需要多久?,delivery
Q07214,P0043,en,Is the material BPA-free?,feature
Q07215,P0025,zh,1000件的生产周期多久?,delivery
Q07216,P0395,zh,1000件的生产周期多久?,delivery
Q07217,P0424,en,Will the order arrive before Chinese New Year?,delivery
Q07218,P0062,en,Any chance of a 10% discount for first-time buyers?,price
Q07219,P0413,zh,1000件的生产周期多久?,delivery
Q07220,P0297,zh,能保证12月15号前到货吗?,delivery
Q07221,P0095,en,Does it come with a CE certification?,feature
Q07222,P0102,zh,有CE认证吗?,feature
Q07223,P0219,en,How long is the shipping time to Germany?,delivery
Q07224,P0160,en,Can you offer a better price for bulk orders?,price
Q07225,P0050,zh,包装盒能换成我们的品牌设计吗?,customization
Q07226,P0138,en,Do you have any promotional pricing this month?,price
Q07227,P0426,en,What is the battery capacity?,feature
Q07228,P0383,zh,首次合作能给9折吗?,price
Q07229,P0235,zh,材料是否不含BPA?,feature
Q07230,P0407,en,What is the minimum order quantity to get a discount?,price
Q07231,P0366,en,Can the color be customized?,customization
Q07232,P0293,en,"Your competitor offers $X less, can you match it?",price
Q07233,P0380,en,How long is the shipping time to Germany?,delivery
Q07234,P0094,zh,春节前能到货吗?,delivery
Q07235,P0425,zh,这个月有促销价吗?,price
Q07236,P0394,zh,首次合作能给9折吗?,price
Q07237,P0175,zh,能发一下技术参数表吗?,feature
Q07238,P0110,en,Does it come with a CE certification?,feature
Q07239,P0252,en,Do you support DDP shipping to the US?,delivery
Q07240,P0142,en,Can you change the box design to our brand?,customization
Q07241,P0005,en,Do you support OEM/ODM service?,customization
Q07242,P0341,zh,保修期多久?,feature
Q07243,P0416,zh,发到德国需要多久?,delivery
Q07244,P0433,en,Is private label packaging available?,customization
Q07245,P0054,en,Can you share the technical spec sheet?,feature
Q07246,P0213,zh,大批量采购可以给个更好的价格吗?,price
Q07247,P0396,en,Can you share the technical spec sheet?,feature
Q07248,P0260,zh,1000件的生产周期多久?,delivery
Q07249,P0260,zh,电池容量多少毫安?,feature
Q07250,P0446,en,"We need custom retail packaging, is that possible?",customization
Q07251,P0455,zh,和同类产品相比价格偏高。,price
Q07252,P0236,en,Can the color be customized?,customization
Q07253,P0468,en,Does this product support waterproof IPX7?,feature
Q07254,P0385,en,"Your competitor offers $X less, can you match it?",price
Q07255,P0160,en,Is air freight available for urgent orders?,delivery
Q07256,P0495,zh,颜色可以定制吗?,customization
Q07257,P0105,en,Any chance of a 10% discount for first-time buyers?,price
Q07258,P0000,en,Is air freight available for urgent orders?,delivery
Q07259,P0218,zh,能保证12月15号前到货吗?,delivery
Q07260,P0263,en,What's the lead time for 1000 units?,delivery
Q07261,P0419,zh,保修期多久?,feature
Q07262,P0415,en,Any chance of a 10% discount for first-time buyers?,price
Q07263,P0246,zh,颜色可以定制吗?,customization
Q07264,P0212,zh,电池容量多少毫安?,feature
Q07265,P0355,zh,这个月有促销价吗?,price
Q07266,P0276,en,Can you offer a better price for bulk orders?,price
Q07267,P0077,zh,材料是否不含BPA?,feature
Q07268,P0058,zh,和同类产品相比价格偏高。,price
Q07269,P0169,zh,1000件的生产周期多久?,delivery
Q07270,P0388,en,Can you share the technical spec sheet?,feature
Q07271,P0436,zh,能发一下技术参数表吗?,feature
Q07272,P0093,zh,这个月有促销价吗?,price
Q07273,P0276,en,Can the color be customized?,customization
Q07274,P0073,en,Any chance of a 10% discount for first-time buyers?,price
Q07275,P0004,en,What is the minimum order quantity to get a discount?,price
Q07276,P0022,en,What is the battery capacity?,feature
Q07277,P0132,zh,支持OEM/ODM吗?,customization
Q07278,P0284,en,What's the lead time for 1000 units?,delivery
Q07279,P0489,zh,"需要定制零售包装,可以做吗?",customization
Q07280,P0275,zh,这个产品支持IPX7防水吗?,feature
Q07281,P0377,zh,电池容量多少毫安?,feature
Q07282,P0113,en,"Your competitor offers $X less, can you match it?",price
Q07283,P0361,zh,和同类产品相比价格偏高。,price
Q07284,P0121,en,What is the minimum order quantity to get a discount?,price
Q07285,P0082,zh,有CE认证吗?,feature
Q07286,P0328,zh,春节前能到货吗?,delivery
Q07287,P0104,en,"We need custom retail packaging, is that possible?",customization
Q07288,P0419,en,What is the battery capacity?,feature
Q07289,P0249,en,What is the battery capacity?,feature
Q07290,P0176,zh,有CE认证吗?,feature
Q07291,P0451,en,Is the material BPA-free?,feature
Q07292,P0369,en,What's the warranty period?,feature
Q07293,P0172,zh,保修期多久?,feature
Q07294,P0173,zh,保修期多久?,feature
Q07295,P0310,zh,首次合作能给9折吗?,price
Q07296,P0068,zh,能保证12月15号前到货吗?,delivery
Q07297,P0021,en,Can you share the technical spec sheet?,feature
Q07298,P0107,zh,包装上能加我们的logo吗?,customization
Q07299,P0400,zh,"需要定制零售包装,可以做吗?",customization
Q07300,P0377,en,"Your competitor offers $X less, can you match it?",price
Q07301,P0230,en,Can the color be customized?,customization
Q07302,P0321,en,What is the minimum order quantity to get a discount?,price
Q07303,P0319,zh,大批量采购可以给个更好的价格吗?,price
Q07304,P0067,zh,发到德国需要多久?,delivery
Q07305,P0266,en,Is the price negotiable for 500 units?,price
Q07306,P0126,zh,和同类产品相比价格偏高。,price
Q07307,P0461,zh,这个月有促销价吗?,price
Q07308,P0177,en,Do you support DDP shipping to the US?,delivery
Q07309,P0341,zh,大批量采购可以给个更好的价格吗?,price
Q07310,P0379,zh,春节前能到货吗?,delivery
Q07311,P0402,en,Can you offer a better price for bulk orders?,price
Q07312,P0006,en,Do you have any promotional pricing this month?,price
Q07313,P0265,zh,材料是否不含BPA?,feature
Q07314,P0096,zh,春节前能到货吗?,delivery
Q07315,P0270,zh,材料是否不含BPA?,feature
Q07316,P0096,zh,急单能走空运吗?,delivery
Q07317,P0093,zh,和同类产品相比价格偏高。,price
Q07318,P0293,zh,最低起订量多少才能拿到折扣?,price
Q07319,P0360,en,Is the material BPA-free?,feature
Q07320,P0113,zh,这个月有促销价吗?,price
Q07321,P0101,zh,大批量采购可以给个更好的价格吗?,price
Q07322,P0214,en,Does this product support waterproof IPX7?,feature
Q07323,P0068,en,Can you offer a better price for bulk orders?,price
Q07324,P0408,en,The price seems high compared to similar products.,price
Q07325,P0041,en,Does it come with a CE certification?,feature
Q07326,P0240,en,What is the minimum order quantity to get a discount?,price
Q07327,P0396,zh,支持DDP发到美国吗?,delivery
Q07328,P0013,en,Any chance of a 10% discount for first-time buyers?,price
Q07329,P0038,zh,大批量采购可以给个更好的价格吗?,price
Q07330,P0334,en,Can you offer a better price for bulk orders?,price
Q07331,P0190,zh,"你们竞争对手报价更低,能否匹配?",price
Q07332,P0258,en,The price seems high compared to similar products.,price
Q07333,P0169,en,How long is the shipping time to Germany?,delivery
Q07334,P0335,en,Is the price negotiable for 500 units?,price
Q07335,P0470,zh,保修期多久?,feature
Q07336,P0221,zh,1000件的生产周期多久?,delivery
Q07337,P0107,zh,1000件的生产周期多久?,delivery
Q07338,P0034,zh,500件的话价格能再优惠吗?,price
Q07339,P0231,zh,500件的话价格能再优惠吗?,price
Q07340,P0459,en,Can you offer a better price for bulk orders?,price
Q07341,P0092,zh,包装盒能换成我们的品牌设计吗?,customization
Q07342,P0392,en,Can you guarantee delivery before December 15?,delivery
Q07343,P0180,zh,急单能走空运吗?,delivery
Q07344,P0208,en,"We need custom retail packaging, is that possible?",customization
Q07345,P0447,zh,能保证12月15号前到货吗?,delivery
Q07346,P0196,zh,春节前能到货吗?,delivery
Q07347,P0010,en,"Your competitor offers $X less, can you match it?",price
Q07348,P0167,en,Is the material BPA-free?,feature
Q07349,P0466,zh,最低起订量多少才能拿到折扣?,price
Q07350,P0227,en,Is the material BPA-free?,feature
Q07351,P0059,zh,"你们竞争对手报价更低,能否匹配?",price
Q07352,P0355,zh,"需要定制零售包装,可以做吗?",customization
Q07353,P0147,en,Can you share the technical spec sheet?,feature
Q07354,P0373,en,Will the order arrive before Chinese New Year?,delivery
Q07355,P0439,zh,急单能走空运吗?,delivery
Q07356,P0205,en,Do you have any promotional pricing this month?,price
Q07357,P0368,zh,500件的话价格能再优惠吗?,price
Q07358,P0421,en,Is the material BPA-free?,feature
Q07359,P0407,zh,有CE认证吗?,feature
Q07360,P0416,en,What is the battery capacity?,feature
Q07361,P0231,en,Is the price negotiable for 500 units?,price
Q07362,P0099,en,Do you have any promotional pricing this month?,price
Q07363,P0471,zh,这个产品支持IPX7防水吗?,feature
Q07364,P0393,en,What's the warranty period?,feature
Q07365,P0487,en,Is the material BPA-free?,feature
Q07366,P0419,en,Do you support OEM/ODM service?,customization
Q07367,P0312,zh,最低起订量多少才能拿到折扣?,price
Q07368,P0257,zh,首次合作能给9折吗?,price
Q07369,P0394,zh,首次合作能给9折吗?,price
Q07370,P0020,zh,发到德国需要多久?,delivery
Q07371,P0115,zh,500件的话价格能再优惠吗?,price
Q07372,P0413,zh,春节前能到货吗?,delivery
Q07373,P0443,zh,有CE认证吗?,feature
Q07374,P0232,en,"We need custom retail packaging, is that possible?",customization
Q07375,P0146,en,What is the minimum order quantity to get a discount?,price
Q07376,P0456,zh,材料是否不含BPA?,feature
Q07377,P0076,en,How long is the shipping time to Germany?,delivery
Q07378,P0487,en,Do you have any promotional pricing this month?,price
Q07379,P0158,zh,大批量采购可以给个更好的价格吗?,price
Q07380,P0468,zh,1000件的生产周期多久?,delivery
Q07381,P0126,zh,这个月有促销价吗?,price
Q07382,P0267,en,Is the material BPA-free?,feature
Q07383,P0420,zh,有CE认证吗?,feature
Q07384,P0161,zh,这个月有促销价吗?,price
Q07385,P0117,en,Any chance of a 10% discount for first-time buyers?,price
Q07386,P0072,zh,大批量采购可以给个更好的价格吗?,price
Q07387,P0352,en,Is the material BPA-free?,feature
Q07388,P0320,en,What is the minimum order quantity to get a discount?,price
Q07389,P0178,zh,包装盒能换成我们的品牌设计吗?,customization
Q07390,P0453,zh,包装上能加我们的logo吗?,customization
Q07391,P0037,en,Is the price negotiable for 500 units?,price
Q07392,P0088,en,What's the warranty period?,feature
Q07393,P0283,zh,这个产品支持IPX7防水吗?,feature
Q07394,P0457,en,Does this product support waterproof IPX7?,feature
Q07395,P0226,en,What is the minimum order quantity to get a discount?,price
Q07396,P0339,zh,500件的话价格能再优惠吗?,price
Q07397,P0037,en,Do you have any promotional pricing this month?,price
Q07398,P0310,zh,大批量采购可以给个更好的价格吗?,price
Q07399,P0408,en,Is the price negotiable for 500 units?,price
Q07400,P0079,zh,这个产品支持IPX7防水吗?,feature
Q07401,P0397,en,How long is the shipping time to Germany?,delivery
Q07402,P0015,zh,急单能走空运吗?,delivery
Q07403,P0421,en,Does it come with a CE certification?,feature
Q07404,P0067,zh,和同类产品相比价格偏高。,price
Q07405,P0193,zh,电池容量多少毫安?,feature
Q07406,P0148,en,Do you have any promotional pricing this month?,price
Q07407,P0020,en,Is the material BPA-free?,feature
Q07408,P0088,en,Can you offer a better price for bulk orders?,price
Q07409,P0462,en,Is the material BPA-free?,feature
Q07410,P0429,en,Does this product support waterproof IPX7?,feature
Q07411,P0156,zh,有CE认证吗?,feature
Q07412,P0262,en,Does this product support waterproof IPX7?,feature
Q07413,P0308,en,Can you offer a better price for bulk orders?,price
Q07414,P0406,en,Do you have any promotional pricing this month?,price
Q07415,P0165,en,Any chance of a 10% discount for first-time buyers?,price
Q07416,P0287,zh,颜色可以定制吗?,customization
Q07417,P0405,zh,保修期多久?,feature
Q07418,P0312,zh,电池容量多少毫安?,feature
Q07419,P0052,en,Can you offer a better price for bulk orders?,price
Q07420,P0379,zh,春节前能到货吗?,delivery
Q07421,P0451,zh,这个产品支持IPX7防水吗?,feature
Q07422,P0249,en,Does it come with a CE certification?,feature
Q07423,P0111,en,Do you support DDP shipping to the US?,delivery
Q07424,P0108,en,Any chance of a 10% discount for first-time buyers?,price
Q07425,P0413,en,Is private label packaging available?,customization
Q07426,P0382,zh,大批量采购可以给个更好的价格吗?,price
Q07427,P0317,zh,包装盒能换成我们的品牌设计吗?,customization
Q07428,P0375,en,Can you guarantee delivery before December 15?,delivery
Q07429,P0437,en,Do you have any promotional pricing this month?,price
Q07430,P0099,zh,"你们竞争对手报价更低,能否匹配?",price
Q07431,P0245,en,How long is the shipping time to Germany?,delivery
Q07432,P0111,zh,保修期多久?,feature
Q07433,P0044,zh,首次合作能给9折吗?,price
Q07434,P0395,en,Do you have any promotional pricing this month?,price
Q07435,P0483,en,Can you offer a better price for bulk orders?,price
Q07436,P0340,zh,支持OEM/ODM吗?,customization
Q07437,P0394,zh,可以做自有品牌包装吗?,customization
Q07438,P0416,en,Is air freight available for urgent orders?,delivery
Q07439,P0311,en,Can you share the technical spec sheet?,feature
Q07440,P0384,en,What is the battery capacity?,feature
Q07441,P0499,zh,大批量采购可以给个更好的价格吗?,price
Q07442,P0340,zh,包装上能加我们的logo吗?,customization
Q07443,P0160,zh,1000件的生产周期多久?,delivery
Q07444,P0271,zh,这个产品支持IPX7防水吗?,feature
Q07445,P0165,en,Can you guarantee delivery before December 15?,delivery
Q07446,P0058,en,Do you have any promotional pricing this month?,price
Q07447,P0418,en,"We need custom retail packaging, is that possible?",customization
Q07448,P0360,zh,和同类产品相比价格偏高。,price
Q07449,P0350,zh,颜色可以定制吗?,customization
Q07450,P0169,zh,这个月有促销价吗?,price
Q07451,P0157,zh,包装盒能换成我们的品牌设计吗?,customization
Q07452,P0339,en,Does this product support waterproof IPX7?,feature
Q07453,P0439,zh,这个产品支持IPX7防水吗?,feature
Q07454,P0344,zh,"你们竞争对手报价更低,能否匹配?",price
Q07455,P0034,en,Is the price negotiable for 500 units?,price
Q07456,P0058,zh,材料是否不含BPA?,feature
Q07457,P0140,en,Do you have any promotional pricing this month?,price
Q07458,P0205,zh,最低起订量多少才能拿到折扣?,price
Q07459,P0307,en,Does it come with a CE certification?,feature
Q07460,P0235,en,Is air freight available for urgent orders?,delivery
Q07461,P0021,zh,电池容量多少毫安?,feature
Q07462,P0042,zh,春节前能到货吗?,delivery
Q07463,P0437,en,Does it come with a CE certification?,feature
Q07464,P0369,en,Does this product support waterproof IPX7?,feature
Q07465,P0404,zh,首次合作能给9折吗?,price
Q07466,P0218,en,Does this product support waterproof IPX7?,feature
Q07467,P0316,zh,春节前能到货吗?,delivery
Q07468,P0385,zh,春节前能到货吗?,delivery
Q07469,P0234,en,What is the battery capacity?,feature
Q07470,P0404,zh,支持DDP发到美国吗?,delivery
Q07471,P0374,en,Can you change the box design to our brand?,customization
Q07472,P0019,en,Do you support OEM/ODM service?,customization
Q07473,P0210,zh,大批量采购可以给个更好的价格吗?,price
Q07474,P0392,zh,大批量采购可以给个更好的价格吗?,price
Q07475,P0442,zh,"需要定制零售包装,可以做吗?",customization
Q07476,P0208,zh,这个产品支持IPX7防水吗?,feature
Q07477,P0343,zh,颜色可以定制吗?,customization
Q07478,P0162,en,What's the lead time for 1000 units?,delivery
Q07479,P0207,en,Any chance of a 10% discount for first-time buyers?,price
Q07480,P0324,zh,最低起订量多少才能拿到折扣?,price
Q07481,P0111,en,What's the warranty period?,feature
Q07482,P0060,zh,"你们竞争对手报价更低,能否匹配?",price
Q07483,P0176,en,What is the battery capacity?,feature
Q07484,P0064,en,Any chance of a 10% discount for first-time buyers?,price
Q07485,P0125,en,"We need custom retail packaging, is that possible?",customization
Q07486,P0320,zh,首次合作能给9折吗?,price
Q07487,P0434,zh,电池容量多少毫安?,feature
Q07488,P0403,zh,大批量采购可以给个更好的价格吗?,price
Q07489,P0273,en,Is the price negotiable for 500 units?,price
Q07490,P0201,en,Do you have any promotional pricing this month?,price
Q07491,P0247,zh,首次合作能给9折吗?,price
Q07492,P0206,en,Can you share the technical spec sheet?,feature
Q07493,P0198,zh,支持DDP发到美国吗?,delivery
Q07494,P0310,zh,有CE认证吗?,feature
Q07495,P0295,en,The price seems high compared to similar products.,price
Q07496,P0346,zh,这个产品支持IPX7防水吗?,feature
Q07497,P0302,zh,"你们竞争对手报价更低,能否匹配?",price
Q07498,P0215,zh,包装上能加我们的logo吗?,customization
Q07499,P0168,zh,有CE认证吗?,feature
Q07500,P0043,en,Can you guarantee delivery before December 15?,delivery
Q07501,P0377,en,Can you share the technical spec sheet?,feature
Q07502,P0369,zh,春节前能到货吗?,delivery
Q07503,P0480,en,What is the battery capacity?,feature
Q07504,P0244,zh,急单能走空运吗?,delivery
Q07505,P0234,zh,500件的话价格能再优惠吗?,price
Q07506,P0079,en,Do you have any promotional pricing this month?,price
Q07507,P0086,zh,可以做自有品牌包装吗?,customization
Q07508,P0361,zh,有CE认证吗?,feature
Q07509,P0101,en,Can you share the technical spec sheet?,feature
Q07510,P0376,zh,电池容量多少毫安?,feature
Q07511,P0219,zh,500件的话价格能再优惠吗?,price
Q07512,P0384,en,Is the material BPA-free?,feature
Q07513,P0392,en,Do you support OEM/ODM service?,customization
Q07514,P0147,en,Can you share the technical spec sheet?,feature
Q07515,P0023,en,Does this product support waterproof IPX7?,feature
Q07516,P0379,zh,支持OEM/ODM吗?,customization
Q07517,P0384,zh,有CE认证吗?,feature
Q07518,P0313,en,"Your competitor offers $X less, can you match it?",price
Q07519,P0487,en,Do you support OEM/ODM service?,customization
Q07520,P0214,en,What is the battery capacity?,feature
Q07521,P0026,zh,和同类产品相比价格偏高。,price
Q07522,P0478,en,Will the order arrive before Chinese New Year?,delivery
Q07523,P0187,en,Will the order arrive before Chinese New Year?,delivery
Q07524,P0389,en,Any chance of a 10% discount for first-time buyers?,price
Q07525,P0410,en,Is the material BPA-free?,feature
Q07526,P0029,zh,500件的话价格能再优惠吗?,price
Q07527,P0409,zh,包装盒能换成我们的品牌设计吗?,customization
Q07528,P0414,zh,"你们竞争对手报价更低,能否匹配?",price
Q07529,P0235,en,Can you guarantee delivery before December 15?,delivery
Q07530,P0013,en,Can you offer a better price for bulk orders?,price
Q07531,P0095,en,Can you share the technical spec sheet?,feature
Q07532,P0278,zh,"你们竞争对手报价更低,能否匹配?",price
Q07533,P0313,zh,电池容量多少毫安?,feature
Q07534,P0126,zh,1000件的生产周期多久?,delivery
Q07535,P0458,en,Does it come with a CE certification?,feature
Q07536,P0319,en,How long is the shipping time to Germany?,delivery
Q07537,P0432,en,The price seems high compared to similar products.,price
Q07538,P0235,zh,这个产品支持IPX7防水吗?,feature
Q07539,P0300,en,How long is the shipping time to Germany?,delivery
Q07540,P0068,en,Does it come with a CE certification?,feature
Q07541,P0001,en,Any chance of a 10% discount for first-time buyers?,price
Q07542,P0218,en,Can you guarantee delivery before December 15?,delivery
Q07543,P0407,zh,和同类产品相比价格偏高。,price
Q07544,P0271,en,Can you offer a better price for bulk orders?,price
Q07545,P0226,en,Is the price negotiable for 500 units?,price
Q07546,P0424,zh,能保证12月15号前到货吗?,delivery
Q07547,P0478,en,Is air freight available for urgent orders?,delivery
Q07548,P0381,zh,春节前能到货吗?,delivery
Q07549,P0079,en,Any chance of a 10% discount for first-time buyers?,price
Q07550,P0337,en,What is the battery capacity?,feature
Q07551,P0375,zh,急单能走空运吗?,delivery
Q07552,P0260,en,Is the price negotiable for 500 units?,price
Q07553,P0274,zh,材料是否不含BPA?,feature
Q07554,P0027,en,Does it come with a CE certification?,feature
Q07555,P0404,zh,支持OEM/ODM吗?,customization
Q07556,P0165,zh,支持DDP发到美国吗?,delivery
Q07557,P0370,en,Do you support DDP shipping to the US?,delivery
Q07558,P0177,en,The price seems high compared to similar products.,price
Q07559,P0341,zh,1000件的生产周期多久?,delivery
Q07560,P0240,en,Can you share the technical spec sheet?,feature
Q07561,P0438,zh,"你们竞争对手报价更低,能否匹配?",price
Q07562,P0077,zh,能保证12月15号前到货吗?,delivery
Q07563,P0340,zh,保修期多久?,feature
Q07564,P0371,en,What is the battery capacity?,feature
Q07565,P0025,zh,春节前能到货吗?,delivery
Q07566,P0157,zh,500件的话价格能再优惠吗?,price
Q07567,P0316,en,How long is the shipping time to Germany?,delivery
Q07568,P0281,zh,能发一下技术参数表吗?,feature
Q07569,P0133,en,"Your competitor offers $X less, can you match it?",price
Q07570,P0039,zh,电池容量多少毫安?,feature
Q07571,P0287,zh,1000件的生产周期多久?,delivery
Q07572,P0133,en,Does it come with a CE certification?,feature
Q07573,P0354,en,What's the lead time for 1000 units?,delivery
Q07574,P0479,en,Any chance of a 10% discount for first-time buyers?,price
Q07575,P0467,en,Do you support DDP shipping to the US?,delivery
Q07576,P0054,zh,首次合作能给9折吗?,price
Q07577,P0197,en,Can the color be customized?,customization
Q07578,P0131,zh,包装上能加我们的logo吗?,customization
Q07579,P0137,en,Do you have any promotional pricing this month?,price
Q07580,P0460,en,How long is the shipping time to Germany?,delivery
Q07581,P0255,zh,能发一下技术参数表吗?,feature
Q07582,P0186,zh,发到德国需要多久?,delivery
Q07583,P0340,zh,500件的话价格能再优惠吗?,price
Q07584,P0112,en,Is the price negotiable for 500 units?,price
Q07585,P0437,en,Does it come with a CE certification?,feature
Q07586,P0374,en,Can you guarantee delivery before December 15?,delivery
Q07587,P0247,zh,包装上能加我们的logo吗?,customization
Q07588,P0408,zh,春节前能到货吗?,delivery
Q07589,P0334,en,Can we add our logo on the packaging?,customization
Q07590,P0126,en,Any chance of a 10% discount for first-time buyers?,price
Q07591,P0186,zh,首次合作能给9折吗?,price
Q07592,P0083,zh,这个产品支持IPX7防水吗?,feature
Q07593,P0002,en,What's the warranty period?,feature
Q07594,P0170,en,"We need custom retail packaging, is that possible?",customization
Q07595,P0190,en,Can you share the technical spec sheet?,feature
Q07596,P0259,zh,有CE认证吗?,feature
Q07597,P0234,en,Can we add our logo on the packaging?,customization
Q07598,P0489,en,"Your competitor offers $X less, can you match it?",price
Q07599,P0201,en,Does it come with a CE certification?,feature
Q07600,P0175,zh,和同类产品相比价格偏高。,price
Q07601,P0174,en,"We need custom retail packaging, is that possible?",customization
Q07602,P0146,zh,包装上能加我们的logo吗?,customization
Q07603,P0335,zh,1000件的生产周期多久?,delivery
Q07604,P0460,zh,有CE认证吗?,feature
Q07605,P0236,en,Will the order arrive before Chinese New Year?,delivery
Q07606,P0156,en,What is the battery capacity?,feature
Q07607,P0481,en,What is the battery capacity?,feature
Q07608,P0277,zh,1000件的生产周期多久?,delivery
Q07609,P0014,en,The price seems high compared to similar products.,price
Q07610,P0025,zh,这个产品支持IPX7防水吗?,feature
Q07611,P0142,zh,能保证12月15号前到货吗?,delivery
Q07612,P0003,en,Can we add our logo on the packaging?,customization
Q07613,P0439,en,Is air freight available for urgent orders?,delivery
Q07614,P0336,zh,这个产品支持IPX7防水吗?,feature
Q07615,P0334,zh,保修期多久?,feature
Q07616,P0175,zh,能发一下技术参数表吗?,feature
Q07617,P0166,en,Will the order arrive before Chinese New Year?,delivery
Q07618,P0055,en,Will the order arrive before Chinese New Year?,delivery
Q07619,P0168,zh,能发一下技术参数表吗?,feature
Q07620,P0428,zh,可以做自有品牌包装吗?,customization
Q07621,P0228,en,"Your competitor offers $X less, can you match it?",price
Q07622,P0339,zh,有CE认证吗?,feature
Q07623,P0275,zh,有CE认证吗?,feature
Q07624,P0168,zh,包装上能加我们的logo吗?,customization
Q07625,P0079,en,Can you share the technical spec sheet?,feature
Q07626,P0230,en,Can we add our logo on the packaging?,customization
Q07627,P0118,en,Can we add our logo on the packaging?,customization
Q07628,P0099,zh,和同类产品相比价格偏高。,price
Q07629,P0164,zh,最低起订量多少才能拿到折扣?,price
Q07630,P0252,en,Is the material BPA-free?,feature
Q07631,P0168,en,Can you share the technical spec sheet?,feature
Q07632,P0057,en,What is the minimum order quantity to get a discount?,price
Q07633,P0111,en,What's the lead time for 1000 units?,delivery
Q07634,P0224,zh,大批量采购可以给个更好的价格吗?,price
Q07635,P0198,zh,材料是否不含BPA?,feature
Q07636,P0267,en,Can you offer a better price for bulk orders?,price
Q07637,P0456,en,Can you guarantee delivery before December 15?,delivery
Q07638,P0452,en,What's the warranty period?,feature
Q07639,P0086,en,Any chance of a 10% discount for first-time buyers?,price
Q07640,P0393,en,Can we add our logo on the packaging?,customization
Q07641,P0182,zh,电池容量多少毫安?,feature
Q07642,P0197,zh,500件的话价格能再优惠吗?,price
Q07643,P0387,en,Will the order arrive before Chinese New Year?,delivery
Q07644,P0248,zh,能发一下技术参数表吗?,feature
Q07645,P0034,en,"Your competitor offers $X less, can you match it?",price
Q07646,P0000,en,What's the warranty period?,feature
Q07647,P0285,en,Is the price negotiable for 500 units?,price
Q07648,P0204,en,What is the battery capacity?,feature
Q07649,P0422,zh,这个产品支持IPX7防水吗?,feature
Q07650,P0422,zh,材料是否不含BPA?,feature
Q07651,P0297,zh,包装盒能换成我们的品牌设计吗?,customization
Q07652,P0180,en,Can you share the technical spec sheet?,feature
Q07653,P0025,zh,支持OEM/ODM吗?,customization
Q07654,P0178,en,Is air freight available for urgent orders?,delivery
Q07655,P0245,zh,能保证12月15号前到货吗?,delivery
Q07656,P0014,en,Is the price negotiable for 500 units?,price
Q07657,P0062,zh,支持DDP发到美国吗?,delivery
Q07658,P0108,zh,可以做自有品牌包装吗?,customization
Q07659,P0011,en,Will the order arrive before Chinese New Year?,delivery
Q07660,P0389,zh,支持OEM/ODM吗?,customization
Q07661,P0447,zh,这个产品支持IPX7防水吗?,feature
Q07662,P0197,en,The price seems high compared to similar products.,price
Q07663,P0133,zh,和同类产品相比价格偏高。,price
Q07664,P0395,en,Can you share the technical spec sheet?,feature
Q07665,P0423,en,Is air freight available for urgent orders?,delivery
Q07666,P0439,zh,春节前能到货吗?,delivery
Q07667,P0059,en,Can you offer a better price for bulk orders?,price
Q07668,P0402,zh,这个月有促销价吗?,price
Q07669,P0459,zh,支持DDP发到美国吗?,delivery
Q07670,P0412,en,The price seems high compared to similar products.,price
Q07671,P0244,en,What's the warranty period?,feature
Q07672,P0323,zh,大批量采购可以给个更好的价格吗?,price
Q07673,P0236,zh,大批量采购可以给个更好的价格吗?,price
Q07674,P0225,zh,有CE认证吗?,feature
Q07675,P0372,en,Any chance of a 10% discount for first-time buyers?,price
Q07676,P0483,en,What is the battery capacity?,feature
Q07677,P0081,en,What's the warranty period?,feature
Q07678,P0482,en,What's the lead time for 1000 units?,delivery
Q07679,P0221,en,Does this product support waterproof IPX7?,feature
Q07680,P0123,en,Do you have any promotional pricing this month?,price
Q07681,P0453,zh,电池容量多少毫安?,feature
Q07682,P0402,en,"Your competitor offers $X less, can you match it?",price
Q07683,P0493,en,Will the order arrive before Chinese New Year?,delivery
Q07684,P0203,zh,材料是否不含BPA?,feature
Q07685,P0225,en,What is the battery capacity?,feature
Q07686,P0195,zh,500件的话价格能再优惠吗?,price
Q07687,P0386,zh,保修期多久?,feature
Q07688,P0247,zh,大批量采购可以给个更好的价格吗?,price
Q07689,P0314,en,What is the minimum order quantity to get a discount?,price
Q07690,P0177,zh,材料是否不含BPA?,feature
Q07691,P0492,en,Can you guarantee delivery before December 15?,delivery
Q07692,P0247,zh,材料是否不含BPA?,feature
Q07693,P0186,zh,"你们竞争对手报价更低,能否匹配?",price
Q07694,P0036,en,Any chance of a 10% discount for first-time buyers?,price
Q07695,P0361,zh,急单能走空运吗?,delivery
Q07696,P0367,en,Can you share the technical spec sheet?,feature
Q07697,P0197,en,What's the lead time for 1000 units?,delivery
Q07698,P0420,zh,首次合作能给9折吗?,price
Q07699,P0181,zh,首次合作能给9折吗?,price
Q07700,P0380,zh,"你们竞争对手报价更低,能否匹配?",price
Q07701,P0256,en,Can you share the technical spec sheet?,feature
Q07702,P0040,en,The price seems high compared to similar products.,price
Q07703,P0178,en,Can you offer a better price for bulk orders?,price
Q07704,P0070,en,Is the material BPA-free?,feature
Q07705,P0062,zh,包装盒能换成我们的品牌设计吗?,customization
Q07706,P0479,en,How long is the shipping time to Germany?,delivery
Q07707,P0363,en,Can you guarantee delivery before December 15?,delivery
Q07708,P0160,en,Can you share the technical spec sheet?,feature
Q07709,P0144,en,Will the order arrive before Chinese New Year?,delivery
Q07710,P0346,zh,有CE认证吗?,feature
Q07711,P0175,zh,电池容量多少毫安?,feature
Q07712,P0070,en,What is the battery capacity?,feature
Q07713,P0295,zh,这个月有促销价吗?,price
Q07714,P0413,en,Is air freight available for urgent orders?,delivery
Q07715,P0380,en,What is the minimum order quantity to get a discount?,price
Q07716,P0112,en,Can you share the technical spec sheet?,feature
Q07717,P0438,en,Can we add our logo on the packaging?,customization
Q07718,P0008,zh,保修期多久?,feature
Q07719,P0137,en,How long is the shipping time to Germany?,delivery
Q07720,P0205,en,Do you have any promotional pricing this month?,price
Q07721,P0136,en,Does it come with a CE certification?,feature
Q07722,P0000,zh,急单能走空运吗?,delivery
Q07723,P0288,en,Does it come with a CE certification?,feature
Q07724,P0323,zh,这个产品支持IPX7防水吗?,feature
Q07725,P0174,en,Can the color be customized?,customization
Q07726,P0308,zh,包装上能加我们的logo吗?,customization
Q07727,P0428,en,"Your competitor offers $X less, can you match it?",price
Q07728,P0066,en,What is the battery capacity?,feature
Q07729,P0481,zh,材料是否不含BPA?,feature
Q07730,P0145,en,How long is the shipping time to Germany?,delivery
Q07731,P0036,en,Do you support DDP shipping to the US?,delivery
Q07732,P0407,en,Do you have any promotional pricing this month?,price
Q07733,P0336,en,The price seems high compared to similar products.,price
Q07734,P0423,zh,首次合作能给9折吗?,price
Q07735,P0419,en,Does this product support waterproof IPX7?,feature
Q07736,P0204,zh,包装上能加我们的logo吗?,customization
Q07737,P0151,zh,这个产品支持IPX7防水吗?,feature
Q07738,P0150,zh,能保证12月15号前到货吗?,delivery
Q07739,P0153,zh,可以做自有品牌包装吗?,customization
Q07740,P0085,zh,500件的话价格能再优惠吗?,price
Q07741,P0117,en,Does this product support waterproof IPX7?,feature
Q07742,P0459,en,Any chance of a 10% discount for first-time buyers?,price
Q07743,P0345,en,Do you have any promotional pricing this month?,price
Q07744,P0386,en,Can you change the box design to our brand?,customization
Q07745,P0361,zh,500件的话价格能再优惠吗?,price
Q07746,P0470,zh,支持OEM/ODM吗?,customization
Q07747,P0362,zh,支持DDP发到美国吗?,delivery
Q07748,P0389,zh,大批量采购可以给个更好的价格吗?,price
Q07749,P0420,en,Can you change the box design to our brand?,customization
Q07750,P0011,zh,"你们竞争对手报价更低,能否匹配?",price
Q07751,P0359,en,What's the warranty period?,feature
Q07752,P0436,zh,支持DDP发到美国吗?,delivery
Q07753,P0340,zh,支持DDP发到美国吗?,delivery
Q07754,P0105,en,Will the order arrive before Chinese New Year?,delivery
Q07755,P0270,zh,最低起订量多少才能拿到折扣?,price
Q07756,P0006,zh,春节前能到货吗?,delivery
Q07757,P0379,zh,包装上能加我们的logo吗?,customization
Q07758,P0431,en,Can you guarantee delivery before December 15?,delivery
Q07759,P0117,zh,这个产品支持IPX7防水吗?,feature
Q07760,P0319,en,Can you share the technical spec sheet?,feature
Q07761,P0087,en,What is the battery capacity?,feature
Q07762,P0120,en,Do you have any promotional pricing this month?,price
Q07763,P0337,en,"Your competitor offers $X less, can you match it?",price
Q07764,P0041,en,Is the material BPA-free?,feature
Q07765,P0125,en,Does this product support waterproof IPX7?,feature
Q07766,P0186,zh,1000件的生产周期多久?,delivery
Q07767,P0052,en,Is private label packaging available?,customization
Q07768,P0268,zh,大批量采购可以给个更好的价格吗?,price
Q07769,P0252,zh,电池容量多少毫安?,feature
Q07770,P0103,zh,大批量采购可以给个更好的价格吗?,price
Q07771,P0238,zh,能发一下技术参数表吗?,feature
Q07772,P0063,zh,最低起订量多少才能拿到折扣?,price
Q07773,P0127,zh,首次合作能给9折吗?,price
Q07774,P0200,zh,"你们竞争对手报价更低,能否匹配?",price
Q07775,P0055,zh,能保证12月15号前到货吗?,delivery
Q07776,P0065,zh,"你们竞争对手报价更低,能否匹配?",price
Q07777,P0264,zh,可以做自有品牌包装吗?,customization
Q07778,P0412,en,The price seems high compared to similar products.,price
Q07779,P0413,zh,"你们竞争对手报价更低,能否匹配?",price
Q07780,P0371,en,What is the battery capacity?,feature
Q07781,P0446,en,Does it come with a CE certification?,feature
Q07782,P0035,zh,500件的话价格能再优惠吗?,price
Q07783,P0068,zh,500件的话价格能再优惠吗?,price
Q07784,P0413,en,Is the price negotiable for 500 units?,price
Q07785,P0291,zh,首次合作能给9折吗?,price
Q07786,P0149,en,Do you support DDP shipping to the US?,delivery
Q07787,P0461,zh,支持OEM/ODM吗?,customization
Q07788,P0482,zh,能发一下技术参数表吗?,feature
Q07789,P0021,zh,发到德国需要多久?,delivery
Q07790,P0226,en,What is the minimum order quantity to get a discount?,price
Q07791,P0269,zh,能保证12月15号前到货吗?,delivery
Q07792,P0158,en,Can the color be customized?,customization
Q07793,P0414,zh,这个产品支持IPX7防水吗?,feature
Q07794,P0472,en,"Your competitor offers $X less, can you match it?",price
Q07795,P0160,zh,"你们竞争对手报价更低,能否匹配?",price
Q07796,P0209,zh,春节前能到货吗?,delivery
Q07797,P0010,zh,和同类产品相比价格偏高。,price
Q07798,P0218,zh,这个月有促销价吗?,price
Q07799,P0195,en,Can you share the technical spec sheet?,feature
Q07800,P0008,zh,"你们竞争对手报价更低,能否匹配?",price
Q07801,P0182,en,Is private label packaging available?,customization
Q07802,P0308,en,What is the battery capacity?,feature
Q07803,P0257,zh,包装盒能换成我们的品牌设计吗?,customization
Q07804,P0388,en,What's the warranty period?,feature
Q07805,P0270,en,Any chance of a 10% discount for first-time buyers?,price
Q07806,P0050,zh,最低起订量多少才能拿到折扣?,price
Q07807,P0250,zh,这个月有促销价吗?,price
Q07808,P0061,en,Can you change the box design to our brand?,customization
Q07809,P0050,en,Do you have any promotional pricing this month?,price
Q07810,P0460,en,Can you share the technical spec sheet?,feature
Q07811,P0065,zh,春节前能到货吗?,delivery
Q07812,P0260,en,Any chance of a 10% discount for first-time buyers?,price
Q07813,P0136,en,Does it come with a CE certification?,feature
Q07814,P0068,en,Can the color be customized?,customization
Q07815,P0210,en,Will the order arrive before Chinese New Year?,delivery
Q07816,P0349,zh,保修期多久?,feature
Q07817,P0395,en,What is the minimum order quantity to get a discount?,price
Q07818,P0227,en,The price seems high compared to similar products.,price
Q07819,P0451,en,What's the warranty period?,feature
Q07820,P0142,zh,首次合作能给9折吗?,price
Q07821,P0418,en,Does it come with a CE certification?,feature
Q07822,P0376,zh,能保证12月15号前到货吗?,delivery
Q07823,P0129,en,Can you share the technical spec sheet?,feature
Q07824,P0069,zh,支持OEM/ODM吗?,customization
Q07825,P0100,en,Can you offer a better price for bulk orders?,price
Q07826,P0047,zh,最低起订量多少才能拿到折扣?,price
Q07827,P0140,zh,包装盒能换成我们的品牌设计吗?,customization
Q07828,P0102,zh,急单能走空运吗?,delivery
Q07829,P0056,zh,这个产品支持IPX7防水吗?,feature
Q07830,P0078,en,Is private label packaging available?,customization
Q07831,P0029,en,Do you support OEM/ODM service?,customization
Q07832,P0216,en,Can you offer a better price for bulk orders?,price
Q07833,P0279,en,Can you share the technical spec sheet?,feature
Q07834,P0472,en,Do you have any promotional pricing this month?,price
Q07835,P0152,zh,这个产品支持IPX7防水吗?,feature
Q07836,P0440,zh,发到德国需要多久?,delivery
Q07837,P0036,en,Can you share the technical spec sheet?,feature
Q07838,P0179,en,The price seems high compared to similar products.,price
Q07839,P0298,en,The price seems high compared to similar products.,price
Q07840,P0113,zh,能发一下技术参数表吗?,feature
Q07841,P0222,zh,支持DDP发到美国吗?,delivery
Q07842,P0311,en,Can the color be customized?,customization
Q07843,P0448,zh,能保证12月15号前到货吗?,delivery
Q07844,P0441,zh,1000件的生产周期多久?,delivery
Q07845,P0000,en,Can you share the technical spec sheet?,feature
Q07846,P0479,zh,颜色可以定制吗?,customization
Q07847,P0400,zh,最低起订量多少才能拿到折扣?,price
Q07848,P0069,zh,支持OEM/ODM吗?,customization
Q07849,P0166,zh,保修期多久?,feature
Q07850,P0070,zh,这个月有促销价吗?,price
Q07851,P0485,zh,能保证12月15号前到货吗?,delivery
Q07852,P0030,en,Does this product support waterproof IPX7?,feature
Q07853,P0409,en,What is the minimum order quantity to get a discount?,price
Q07854,P0434,en,What's the lead time for 1000 units?,delivery
Q07855,P0237,en,Is the price negotiable for 500 units?,price
Q07856,P0492,en,"Your competitor offers $X less, can you match it?",price
Q07857,P0335,zh,保修期多久?,feature
Q07858,P0235,zh,最低起订量多少才能拿到折扣?,price
Q07859,P0250,en,Can you offer a better price for bulk orders?,price
Q07860,P0167,en,Is the price negotiable for 500 units?,price
Q07861,P0282,en,Do you support DDP shipping to the US?,delivery
Q07862,P0119,zh,首次合作能给9折吗?,price
Q07863,P0328,zh,发到德国需要多久?,delivery
Q07864,P0408,zh,500件的话价格能再优惠吗?,price
Q07865,P0223,zh,最低起订量多少才能拿到折扣?,price
Q07866,P0471,en,Does this product support waterproof IPX7?,feature
Q07867,P0145,zh,能发一下技术参数表吗?,feature
Q07868,P0208,en,What is the battery capacity?,feature
Q07869,P0381,zh,首次合作能给9折吗?,price
Q07870,P0442,en,Do you support OEM/ODM service?,customization
Q07871,P0370,zh,有CE认证吗?,feature
Q07872,P0299,zh,首次合作能给9折吗?,price
Q07873,P0078,en,Does this product support waterproof IPX7?,feature
Q07874,P0208,zh,"你们竞争对手报价更低,能否匹配?",price
Q07875,P0040,en,Can you change the box design to our brand?,customization
Q07876,P0203,en,What is the minimum order quantity to get a discount?,price
Q07877,P0101,zh,有CE认证吗?,feature
Q07878,P0136,zh,和同类产品相比价格偏高。,price
Q07879,P0427,zh,这个产品支持IPX7防水吗?,feature
Q07880,P0482,zh,首次合作能给9折吗?,price
Q07881,P0200,en,Do you have any promotional pricing this month?,price
Q07882,P0087,zh,和同类产品相比价格偏高。,price
Q07883,P0290,en,Do you have any promotional pricing this month?,price
Q07884,P0325,zh,颜色可以定制吗?,customization
Q07885,P0204,zh,这个月有促销价吗?,price
Q07886,P0487,zh,支持DDP发到美国吗?,delivery
Q07887,P0215,zh,有CE认证吗?,feature
Q07888,P0330,zh,大批量采购可以给个更好的价格吗?,price
Q07889,P0150,zh,能发一下技术参数表吗?,feature
Q07890,P0351,en,Can you offer a better price for bulk orders?,price
Q07891,P0336,zh,"需要定制零售包装,可以做吗?",customization
Q07892,P0095,en,What is the battery capacity?,feature
Q07893,P0007,zh,"你们竞争对手报价更低,能否匹配?",price
Q07894,P0329,en,Do you support DDP shipping to the US?,delivery
Q07895,P0165,zh,大批量采购可以给个更好的价格吗?,price
Q07896,P0207,zh,可以做自有品牌包装吗?,customization
Q07897,P0069,zh,保修期多久?,feature
Q07898,P0282,zh,能发一下技术参数表吗?,feature
Q07899,P0183,zh,能发一下技术参数表吗?,feature
Q07900,P0287,en,What is the minimum order quantity to get a discount?,price
Q07901,P0391,en,"Your competitor offers $X less, can you match it?",price
Q07902,P0424,en,"Your competitor offers $X less, can you match it?",price
Q07903,P0175,zh,材料是否不含BPA?,feature
Q07904,P0141,zh,保修期多久?,feature
Q07905,P0448,en,Any chance of a 10% discount for first-time buyers?,price
Q07906,P0267,en,What is the minimum order quantity to get a discount?,price
Q07907,P0260,en,Do you support OEM/ODM service?,customization
Q07908,P0298,en,Can we add our logo on the packaging?,customization
Q07909,P0034,en,Any chance of a 10% discount for first-time buyers?,price
Q07910,P0399,en,Can you offer a better price for bulk orders?,price
Q07911,P0346,en,Is air freight available for urgent orders?,delivery
Q07912,P0033,en,Do you support OEM/ODM service?,customization
Q07913,P0422,zh,这个月有促销价吗?,price
Q07914,P0263,en,How long is the shipping time to Germany?,delivery
Q07915,P0041,en,Does this product support waterproof IPX7?,feature
Q07916,P0489,zh,首次合作能给9折吗?,price
Q07917,P0228,zh,这个月有促销价吗?,price
Q07918,P0278,zh,保修期多久?,feature
Q07919,P0401,en,Can you offer a better price for bulk orders?,price
Q07920,P0291,en,Does it come with a CE certification?,feature
Q07921,P0414,en,Do you have any promotional pricing this month?,price
Q07922,P0204,en,How long is the shipping time to Germany?,delivery
Q07923,P0092,en,Do you support OEM/ODM service?,customization
Q07924,P0037,en,What's the lead time for 1000 units?,delivery
Q07925,P0320,en,Do you have any promotional pricing this month?,price
Q07926,P0352,en,Any chance of a 10% discount for first-time buyers?,price
Q07927,P0497,en,Is the price negotiable for 500 units?,price
Q07928,P0258,zh,能发一下技术参数表吗?,feature
Q07929,P0033,en,Can we add our logo on the packaging?,customization
Q07930,P0280,en,Can you share the technical spec sheet?,feature
Q07931,P0325,en,The price seems high compared to similar products.,price
Q07932,P0078,zh,支持DDP发到美国吗?,delivery
Q07933,P0011,zh,大批量采购可以给个更好的价格吗?,price
Q07934,P0171,zh,电池容量多少毫安?,feature
Q07935,P0190,zh,这个月有促销价吗?,price
Q07936,P0065,zh,大批量采购可以给个更好的价格吗?,price
Q07937,P0182,en,Is the material BPA-free?,feature
Q07938,P0367,en,How long is the shipping time to Germany?,delivery
Q07939,P0396,zh,和同类产品相比价格偏高。,price
Q07940,P0168,en,Can you share the technical spec sheet?,feature
Q07941,P0295,zh,最低起订量多少才能拿到折扣?,price
Q07942,P0186,en,Does it come with a CE certification?,feature
Q07943,P0212,en,What is the minimum order quantity to get a discount?,price
Q07944,P0273,en,The price seems high compared to similar products.,price
Q07945,P0392,en,Can you guarantee delivery before December 15?,delivery
Q07946,P0380,en,What's the warranty period?,feature
Q07947,P0444,zh,急单能走空运吗?,delivery
Q07948,P0141,zh,和同类产品相比价格偏高。,price
Q07949,P0141,en,Do you have any promotional pricing this month?,price
Q07950,P0155,en,"Your competitor offers $X less, can you match it?",price
Q07951,P0200,en,Do you support DDP shipping to the US?,delivery
Q07952,P0358,en,Do you support DDP shipping to the US?,delivery
Q07953,P0198,en,Is private label packaging available?,customization
Q07954,P0491,zh,可以做自有品牌包装吗?,customization
Q07955,P0038,zh,有CE认证吗?,feature
Q07956,P0261,zh,"你们竞争对手报价更低,能否匹配?",price
Q07957,P0103,zh,有CE认证吗?,feature
Q07958,P0419,zh,能保证12月15号前到货吗?,delivery
Q07959,P0496,zh,电池容量多少毫安?,feature
Q07960,P0066,en,Can you guarantee delivery before December 15?,delivery
Q07961,P0226,zh,春节前能到货吗?,delivery
Q07962,P0357,en,Does this product support waterproof IPX7?,feature
Q07963,P0092,zh,最低起订量多少才能拿到折扣?,price
Q07964,P0302,en,Will the order arrive before Chinese New Year?,delivery
Q07965,P0450,zh,能保证12月15号前到货吗?,delivery
Q07966,P0032,en,Do you have any promotional pricing this month?,price
Q07967,P0444,en,Can you offer a better price for bulk orders?,price
Q07968,P0379,en,Can you change the box design to our brand?,customization
Q07969,P0435,en,Can you share the technical spec sheet?,feature
Q07970,P0370,zh,支持OEM/ODM吗?,customization
Q07971,P0496,en,Is air freight available for urgent orders?,delivery
Q07972,P0132,en,Any chance of a 10% discount for first-time buyers?,price
Q07973,P0404,en,What's the lead time for 1000 units?,delivery
Q07974,P0181,en,Will the order arrive before Chinese New Year?,delivery
Q07975,P0451,zh,这个产品支持IPX7防水吗?,feature
Q07976,P0416,en,Is the material BPA-free?,feature
Q07977,P0337,zh,春节前能到货吗?,delivery
Q07978,P0346,en,Can you guarantee delivery before December 15?,delivery
Q07979,P0177,zh,这个月有促销价吗?,price
Q07980,P0011,zh,有CE认证吗?,feature
Q07981,P0053,zh,"你们竞争对手报价更低,能否匹配?",price
Q07982,P0012,zh,这个月有促销价吗?,price
Q07983,P0057,en,Is the material BPA-free?,feature
Q07984,P0272,zh,急单能走空运吗?,delivery
Q07985,P0284,en,Is the price negotiable for 500 units?,price
Q07986,P0098,en,Does it come with a CE certification?,feature
Q07987,P0408,zh,发到德国需要多久?,delivery
Q07988,P0241,zh,材料是否不含BPA?,feature
Q07989,P0118,zh,材料是否不含BPA?,feature
Q07990,P0302,en,Can the color be customized?,customization
Q07991,P0056,zh,能发一下技术参数表吗?,feature
Q07992,P0072,en,Do you support OEM/ODM service?,customization
Q07993,P0305,en,Do you support OEM/ODM service?,customization
Q07994,P0391,zh,1000件的生产周期多久?,delivery
Q07995,P0112,zh,最低起订量多少才能拿到折扣?,price
Q07996,P0351,zh,材料是否不含BPA?,feature
Q07997,P0278,zh,保修期多久?,feature
Q07998,P0177,en,Is private label packaging available?,customization
Q07999,P0221,en,Can you share the technical spec sheet?,feature
